record_type,version,gen_date,model,desc,fcst_lead,fcst_valid,obs_lead,obs_valid,fcst_init,obs_init,mode,fcst_var,fcst_lev,obs_var,obs_lev,fcst_units,obs_units,fcst_thresh,obs_thresh,cov_thresh,alpha,line_type,total,fbias,fbar,obar,fbar_ncl,obar_ncl,fbar_tcl,obar_tcl,acc,mse,rmse,mse_ss,mae,me,cop,add,mul,sdbar,me2,anom_corr,me_tss,me_tss_acc,me_tss_rmse,source_file,valid,bias,hss,ets,mr,far,csi,gerrity,hss_ec,fy_oy,fy_on,fn_oy,fn_on
STAT,V12.0.0,20260820_055425,INANWP,NA,000000,20260727_000000,000000,20260727_000000,20260726_120000,20260726_120000,NA,RAINNC,"(*,*)",hourlyPrecipRateGC,"(*,*)",mm,mm,gt0.1,gt0.1,NA,0.05,CNT,10000.0,0.04,7.0,5.0,4.0,4.5,5.0,4.2,0.65,25.0,5.0,0.5,4.0,0.2,0.9,0.1,1.0,0.5,0.2,0.1,0.05,0.04,0.03,grid_stat_20260727.stat,20260727_000000,,,,,,,,,,,,
STAT,V12.0.0,20260820_055425,INANWP,NA,000000,20260727_000000,000000,20260727_000000,20260726_120000,20260726_120000,NA,RAINNC,"(*,*)",hourlyPrecipRateGC,"(*,*)",mm,mm,gt0.1,gt0.1,NA,0.05,CTS,10000.0,,,,,,,,0.85,,,,,,,,,,,,,,,grid_stat_20260727.stat,20260727_000000,0.02,0.45,0.3495,0.15,0.2,0.4495,0.3,0.4,,,,
STAT,V12.0.0,20260820_055425,INANWP,NA,000000,20260727_000000,000000,20260727_000000,20260726_120000,20260726_120000,NA,RAINNC,"(*,*)",hourlyPrecipRateGC,"(*,*)",mm,mm,gt0.1,gt0.1,NA,0.05,CTC,10000.0,,,,,,,,,,,,,,,,,,,,,,,grid_stat_20260727.stat,20260727_000000,,,,,,,,,569.0,182.0,272.0,8934.0
STAT,V12.0.0,20260820_055425,INANWP,NA,000000,20260727_000000,000000,20260727_000000,20260726_120000,20260726_120000,NA,RAINNC,"(*,*)",hourlyPrecipRateGC,"(*,*)",mm,mm,gt1,gt1,NA,0.05,CNT,10000.0,0.04,7.0,5.0,4.0,4.5,5.0,4.2,0.65,25.0,5.0,0.5,4.0,0.2,0.9,0.1,1.0,0.5,0.2,0.1,0.05,0.04,0.03,grid_stat_20260727.stat,20260727_000000,,,,,,,,,,,,
STAT,V12.0.0,20260820_055425,INANWP,NA,000000,20260727_000000,000000,20260727_000000,20260726_120000,20260726_120000,NA,RAINNC,"(*,*)",hourlyPrecipRateGC,"(*,*)",mm,mm,gt1,gt1,NA,0.05,CTS,10000.0,,,,,,,,0.85,,,,,,,,,,,,,,,grid_stat_20260727.stat,20260727_000000,0.02,0.45,0.345,0.15,0.2,0.445,0.3,0.4,,,,
STAT,V12.0.0,20260820_055425,INANWP,NA,000000,20260727_000000,000000,20260727_000000,20260726_120000,20260726_120000,NA,RAINNC,"(*,*)",hourlyPrecipRateGC,"(*,*)",mm,mm,gt1,gt1,NA,0.05,CTC,10000.0,,,,,,,,,,,,,,,,,,,,,,,grid_stat_20260727.stat,20260727_000000,,,,,,,,,569.0,182.0,272.0,8934.0
STAT,V12.0.0,20260820_055425,INANWP,NA,000000,20260727_000000,000000,20260727_000000,20260726_120000,20260726_120000,NA,RAINNC,"(*,*)",hourlyPrecipRateGC,"(*,*)",mm,mm,gt5,gt5,NA,0.05,CNT,10000.0,0.04,7.0,5.0,4.0,4.5,5.0,4.2,0.65,25.0,5.0,0.5,4.0,0.2,0.9,0.1,1.0,0.5,0.2,0.1,0.05,0.04,0.03,grid_stat_20260727.stat,20260727_000000,,,,,,,,,,,,
STAT,V12.0.0,20260820_055425,INANWP,NA,000000,20260727_000000,000000,20260727_000000,20260726_120000,20260726_120000,NA,RAINNC,"(*,*)",hourlyPrecipRateGC,"(*,*)",mm,mm,gt5,gt5,NA,0.05,CTS,10000.0,,,,,,,,0.85,,,,,,,,,,,,,,,grid_stat_20260727.stat,20260727_000000,0.02,0.45,0.325,0.15,0.2,0.425,0.3,0.4,,,,
STAT,V12.0.0,20260820_055425,INANWP,NA,000000,20260727_000000,000000,20260727_000000,20260726_120000,20260726_120000,NA,RAINNC,"(*,*)",hourlyPrecipRateGC,"(*,*)",mm,mm,gt5,gt5,NA,0.05,CTC,10000.0,,,,,,,,,,,,,,,,,,,,,,,grid_stat_20260727.stat,20260727_000000,,,,,,,,,565.0,183.0,274.0,8932.0
STAT,V12.0.0,20260820_055425,INANWP,NA,000000,20260727_000000,000000,20260727_000000,20260726_120000,20260726_120000,NA,RAINNC,"(*,*)",hourlyPrecipRateGC,"(*,*)",mm,mm,gt10,gt10,NA,0.05,CNT,10000.0,0.04,7.0,5.0,4.0,4.5,5.0,4.2,0.65,25.0,5.0,0.5,4.0,0.2,0.9,0.1,1.0,0.5,0.2,0.1,0.05,0.04,0.03,grid_stat_20260727.stat,20260727_000000,,,,,,,,,,,,
STAT,V12.0.0,20260820_055425,INANWP,NA,000000,20260727_000000,000000,20260727_000000,20260726_120000,20260726_120000,NA,RAINNC,"(*,*)",hourlyPrecipRateGC,"(*,*)",mm,mm,gt10,gt10,NA,0.05,CTS,10000.0,,,,,,,,0.85,,,,,,,,,,,,,,,grid_stat_20260727.stat,20260727_000000,0.02,0.45,0.3,0.15,0.2,0.4,0.3,0.4,,,,
STAT,V12.0.0,20260820_055425,INANWP,NA,000000,20260727_000000,000000,20260727_000000,20260726_120000,20260726_120000,NA,RAINNC,"(*,*)",hourlyPrecipRateGC,"(*,*)",mm,mm,gt10,gt10,NA,0.05,CTC,10000.0,,,,,,,,,,,,,,,,,,,,,,,grid_stat_20260727.stat,20260727_000000,,,,,,,,,560.0,185.0,276.0,8930.0
STAT,V12.0.0,20260820_055425,INANWP,NA,000000,20260727_000000,000000,20260727_000000,20260726_120000,20260726_120000,NA,RAINNC,"(*,*)",hourlyPrecipRateGC,"(*,*)",mm,mm,gt20,gt20,NA,0.05,CNT,10000.0,0.04,7.0,5.0,4.0,4.5,5.0,4.2,0.65,25.0,5.0,0.5,4.0,0.2,0.9,0.1,1.0,0.5,0.2,0.1,0.05,0.04,0.03,grid_stat_20260727.stat,20260727_000000,,,,,,,,,,,,
STAT,V12.0.0,20260820_055425,INANWP,NA,000000,20260727_000000,000000,20260727_000000,20260726_120000,20260726_120000,NA,RAINNC,"(*,*)",hourlyPrecipRateGC,"(*,*)",mm,mm,gt20,gt20,NA,0.05,CTS,10000.0,,,,,,,,0.85,,,,,,,,,,,,,,,grid_stat_20260727.stat,20260727_000000,0.02,0.45,0.25,0.15,0.2,0.35,0.3,0.4,,,,
STAT,V12.0.0,20260820_055425,INANWP,NA,000000,20260727_000000,000000,20260727_000000,20260726_120000,20260726_120000,NA,RAINNC,"(*,*)",hourlyPrecipRateGC,"(*,*)",mm,mm,gt20,gt20,NA,0.05,CTC,10000.0,,,,,,,,,,,,,,,,,,,,,,,grid_stat_20260727.stat,20260727_000000,,,,,,,,,550.0,187.0,280.0,8925.0
STAT,V12.0.0,20260820_055425,INANWP,NA,000000,20260727_000000,000000,20260727_000000,20260726_120000,20260726_120000,NA,RAINNC,"(*,*)",hourlyPrecipRateGC,"(*,*)",mm,mm,gt50,gt50,NA,0.05,CNT,10000.0,0.04,7.0,5.0,4.0,4.5,5.0,4.2,0.65,25.0,5.0,0.5,4.0,0.2,0.9,0.1,1.0,0.5,0.2,0.1,0.05,0.04,0.03,grid_stat_20260727.stat,20260727_000000,,,,,,,,,,,,
STAT,V12.0.0,20260820_055425,INANWP,NA,000000,20260727_000000,000000,20260727_000000,20260726_120000,20260726_120000,NA,RAINNC,"(*,*)",hourlyPrecipRateGC,"(*,*)",mm,mm,gt50,gt50,NA,0.05,CTS,10000.0,,,,,,,,0.85,,,,,,,,,,,,,,,grid_stat_20260727.stat,20260727_000000,0.02,0.45,0.1,0.15,0.2,0.2,0.3,0.4,,,,
STAT,V12.0.0,20260820_055425,INANWP,NA,000000,20260727_000000,000000,20260727_000000,20260726_120000,20260726_120000,NA,RAINNC,"(*,*)",hourlyPrecipRateGC,"(*,*)",mm,mm,gt50,gt50,NA,0.05,CTC,10000.0,,,,,,,,,,,,,,,,,,,,,,,grid_stat_20260727.stat,20260727_000000,,,,,,,,,520.0,195.0,292.0,8910.0
STAT,V12.0.0,20260820_055425,INANWP,NA,000000,20260727_010000,000000,20260727_010000,20260726_130000,20260726_130000,NA,RAINNC,"(*,*)",hourlyPrecipRateGC,"(*,*)",mm,mm,gt0.1,gt0.1,NA,0.05,CNT,10000.0,0.045,6.893,4.893,3.893,4.393,4.893,4.093,0.6571,23.94,4.893,0.5,3.914,0.225,0.9,0.1,1.0,0.5,0.2,0.1,0.05,0.04,0.03,grid_stat_20260727.stat,20260727_010000,,,,,,,,,,,,
STAT,V12.0.0,20260820_055425,INANWP,NA,000000,20260727_010000,000000,20260727_010000,20260726_130000,20260726_130000,NA,RAINNC,"(*,*)",hourlyPrecipRateGC,"(*,*)",mm,mm,gt0.1,gt0.1,NA,0.05,CTS,10000.0,,,,,,,,0.85,,,,,,,,,,,,,,,grid_stat_20260727.stat,20260727_010000,0.023,0.45,0.3531,0.15,0.2,0.4531,0.3,0.4,,,,
STAT,V12.0.0,20260820_055425,INANWP,NA,000000,20260727_010000,000000,20260727_010000,20260726_130000,20260726_130000,NA,RAINNC,"(*,*)",hourlyPrecipRateGC,"(*,*)",mm,mm,gt0.1,gt0.1,NA,0.05,CTC,10000.0,,,,,,,,,,,,,,,,,,,,,,,grid_stat_20260727.stat,20260727_010000,,,,,,,,,570.0,182.0,271.0,8935.0
STAT,V12.0.0,20260820_055425,INANWP,NA,000000,20260727_010000,000000,20260727_010000,20260726_130000,20260726_130000,NA,RAINNC,"(*,*)",hourlyPrecipRateGC,"(*,*)",mm,mm,gt1,gt1,NA,0.05,CNT,10000.0,0.045,6.893,4.893,3.893,4.393,4.893,4.093,0.6571,23.94,4.893,0.5,3.914,0.225,0.9,0.1,1.0,0.5,0.2,0.1,0.05,0.04,0.03,grid_stat_20260727.stat,20260727_010000,,,,,,,,,,,,
STAT,V12.0.0,20260820_055425,INANWP,NA,000000,20260727_010000,000000,20260727_010000,20260726_130000,20260726_130000,NA,RAINNC,"(*,*)",hourlyPrecipRateGC,"(*,*)",mm,mm,gt1,gt1,NA,0.05,CTS,10000.0,,,,,,,,0.85,,,,,,,,,,,,,,,grid_stat_20260727.stat,20260727_010000,0.023,0.45,0.3486,0.15,0.2,0.4486,0.3,0.4,,,,
STAT,V12.0.0,20260820_055425,INANWP,NA,000000,20260727_010000,000000,20260727_010000,20260726_130000,20260726_130000,NA,RAINNC,"(*,*)",hourlyPrecipRateGC,"(*,*)",mm,mm,gt1,gt1,NA,0.05,CTC,10000.0,,,,,,,,,,,,,,,,,,,,,,,grid_stat_20260727.stat,20260727_010000,,,,,,,,,569.0,182.0,272.0,8934.0
STAT,V12.0.0,20260820_055425,INANWP,NA,000000,20260727_010000,000000,20260727_010000,20260726_130000,20260726_130000,NA,RAINNC,"(*,*)",hourlyPrecipRateGC,"(*,*)",mm,mm,gt5,gt5,NA,0.05,CNT,10000.0,0.045,6.893,4.893,3.893,4.393,4.893,4.093,0.6571,23.94,4.893,0.5,3.914,0.225,0.9,0.1,1.0,0.5,0.2,0.1,0.05,0.04,0.03,grid_stat_20260727.stat,20260727_010000,,,,,,,,,,,,
STAT,V12.0.0,20260820_055425,INANWP,NA,000000,20260727_010000,000000,20260727_010000,20260726_130000,20260726_130000,NA,RAINNC,"(*,*)",hourlyPrecipRateGC,"(*,*)",mm,mm,gt5,gt5,NA,0.05,CTS,10000.0,,,,,,,,0.85,,,,,,,,,,,,,,,grid_stat_20260727.stat,20260727_010000,0.023,0.45,0.3286,0.15,0.2,0.4286,0.3,0.4,,,,
STAT,V12.0.0,20260820_055425,INANWP,NA,000000,20260727_010000,000000,20260727_010000,20260726_130000,20260726_130000,NA,RAINNC,"(*,*)",hourlyPrecipRateGC,"(*,*)",mm,mm,gt5,gt5,NA,0.05,CTC,10000.0,,,,,,,,,,,,,,,,,,,,,,,grid_stat_20260727.stat,20260727_010000,,,,,,,,,565.0,183.0,273.0,8932.0
STAT,V12.0.0,20260820_055425,INANWP,NA,000000,20260727_010000,000000,20260727_010000,20260726_130000,20260726_130000,NA,RAINNC,"(*,*)",hourlyPrecipRateGC,"(*,*)",mm,mm,gt10,gt10,NA,0.05,CNT,10000.0,0.045,6.893,4.893,3.893,4.393,4.893,4.093,0.6571,23.94,4.893,0.5,3.914,0.225,0.9,0.1,1.0,0.5,0.2,0.1,0.05,0.04,0.03,grid_stat_20260727.stat,20260727_010000,,,,,,,,,,,,
STAT,V12.0.0,20260820_055425,INANWP,NA,000000,20260727_010000,000000,20260727_010000,20260726_130000,20260726_130000,NA,RAINNC,"(*,*)",hourlyPrecipRateGC,"(*,*)",mm,mm,gt10,gt10,NA,0.05,CTS,10000.0,,,,,,,,0.85,,,,,,,,,,,,,,,grid_stat_20260727.stat,20260727_010000,0.023,0.45,0.3036,0.15,0.2,0.4036,0.3,0.4,,,,
STAT,V12.0.0,20260820_055425,INANWP,NA,000000,20260727_010000,000000,20260727_010000,20260726_130000,20260726_130000,NA,RAINNC,"(*,*)",hourlyPrecipRateGC,"(*,*)",mm,mm,gt10,gt10,NA,0.05,CTC,10000.0,,,,,,,,,,,,,,,,,,,,,,,grid_stat_20260727.stat,20260727_010000,,,,,,,,,560.0,184.0,275.0,8930.0
STAT,V12.0.0,20260820_055425,INANWP,NA,000000,20260727_010000,000000,20260727_010000,20260726_130000,20260726_130000,NA,RAINNC,"(*,*)",hourlyPrecipRateGC,"(*,*)",mm,mm,gt20,gt20,NA,0.05,CNT,10000.0,0.045,6.893,4.893,3.893,4.393,4.893,4.093,0.6571,23.94,4.893,0.5,3.914,0.225,0.9,0.1,1.0,0.5,0.2,0.1,0.05,0.04,0.03,grid_stat_20260727.stat,20260727_010000,,,,,,,,,,,,
STAT,V12.0.0,20260820_055425,INANWP,NA,000000,20260727_010000,000000,20260727_010000,20260726_130000,20260726_130000,NA,RAINNC,"(*,*)",hourlyPrecipRateGC,"(*,*)",mm,mm,gt20,gt20,NA,0.05,CTS,10000.0,,,,,,,,0.85,,,,,,,,,,,,,,,grid_stat_20260727.stat,20260727_010000,0.023,0.45,0.2536,0.15,0.2,0.3536,0.3,0.4,,,,
STAT,V12.0.0,20260820_055425,INANWP,NA,000000,20260727_010000,000000,20260727_010000,20260726_130000,20260726_130000,NA,RAINNC,"(*,*)",hourlyPrecipRateGC,"(*,*)",mm,mm,gt20,gt20,NA,0.05,CTC,10000.0,,,,,,,,,,,,,,,,,,,,,,,grid_stat_20260727.stat,20260727_010000,,,,,,,,,550.0,187.0,279.0,8925.0
STAT,V12.0.0,20260820_055425,INANWP,NA,000000,20260727_010000,000000,20260727_010000,20260726_130000,20260726_130000,NA,RAINNC,"(*,*)",hourlyPrecipRateGC,"(*,*)",mm,mm,gt50,gt50,NA,0.05,CNT,10000.0,0.045,6.893,4.893,3.893,4.393,4.893,4.093,0.6571,23.94,4.893,0.5,3.914,0.225,0.9,0.1,1.0,0.5,0.2,0.1,0.05,0.04,0.03,grid_stat_20260727.stat,20260727_010000,,,,,,,,,,,,
STAT,V12.0.0,20260820_055425,INANWP,NA,000000,20260727_010000,000000,20260727_010000,20260726_130000,20260726_130000,NA,RAINNC,"(*,*)",hourlyPrecipRateGC,"(*,*)",mm,mm,gt50,gt50,NA,0.05,CTS,10000.0,,,,,,,,0.85,,,,,,,,,,,,,,,grid_stat_20260727.stat,20260727_010000,0.023,0.45,0.1036,0.15,0.2,0.2036,0.3,0.4,,,,
STAT,V12.0.0,20260820_055425,INANWP,NA,000000,20260727_010000,000000,20260727_010000,20260726_130000,20260726_130000,NA,RAINNC,"(*,*)",hourlyPrecipRateGC,"(*,*)",mm,mm,gt50,gt50,NA,0.05,CTC,10000.0,,,,,,,,,,,,,,,,,,,,,,,grid_stat_20260727.stat,20260727_010000,,,,,,,,,520.0,194.0,291.0,8910.0
STAT,V12.0.0,20260820_055425,INANWP,NA,000000,20260727_020000,000000,20260727_020000,20260726_140000,20260726_140000,NA,RAINNC,"(*,*)",hourlyPrecipRateGC,"(*,*)",mm,mm,gt0.1,gt0.1,NA,0.05,CNT,10000.0,0.05,6.786,4.786,3.786,4.286,4.786,3.986,0.6643,22.903,4.786,0.5,3.829,0.25,0.9,0.1,1.0,0.5,0.2,0.1,0.05,0.04,0.03,grid_stat_20260727.stat,20260727_020000,,,,,,,,,,,,
STAT,V12.0.0,20260820_055425,INANWP,NA,000000,20260727_020000,000000,20260727_020000,20260726_140000,20260726_140000,NA,RAINNC,"(*,*)",hourlyPrecipRateGC,"(*,*)",mm,mm,gt0.1,gt0.1,NA,0.05,CTS,10000.0,,,,,,,,0.85,,,,,,,,,,,,,,,grid_stat_20260727.stat,20260727_020000,0.025,0.45,0.3566,0.15,0.2,0.4566,0.3,0.4,,,,
STAT,V12.0.0,20260820_055425,INANWP,NA,000000,20260727_020000,000000,20260727_020000,20260726_140000,20260726_140000,NA,RAINNC,"(*,*)",hourlyPrecipRateGC,"(*,*)",mm,mm,gt0.1,gt0.1,NA,0.05,CTC,10000.0,,,,,,,,,,,,,,,,,,,,,,,grid_stat_20260727.stat,20260727_020000,,,,,,,,,571.0,182.0,271.0,8935.0
STAT,V12.0.0,20260820_055425,INANWP,NA,000000,20260727_020000,000000,20260727_020000,20260726_140000,20260726_140000,NA,RAINNC,"(*,*)",hourlyPrecipRateGC,"(*,*)",mm,mm,gt1,gt1,NA,0.05,CNT,10000.0,0.05,6.786,4.786,3.786,4.286,4.786,3.986,0.6643,22.903,4.786,0.5,3.829,0.25,0.9,0.1,1.0,0.5,0.2,0.1,0.05,0.04,0.03,grid_stat_20260727.stat,20260727_020000,,,,,,,,,,,,
STAT,V12.0.0,20260820_055425,INANWP,NA,000000,20260727_020000,000000,20260727_020000,20260726_140000,20260726_140000,NA,RAINNC,"(*,*)",hourlyPrecipRateGC,"(*,*)",mm,mm,gt1,gt1,NA,0.05,CTS,10000.0,,,,,,,,0.85,,,,,,,,,,,,,,,grid_stat_20260727.stat,20260727_020000,0.025,0.45,0.3521,0.15,0.2,0.4521,0.3,0.4,,,,
STAT,V12.0.0,20260820_055425,INANWP,NA,000000,20260727_020000,000000,20260727_020000,20260726_140000,20260726_140000,NA,RAINNC,"(*,*)",hourlyPrecipRateGC,"(*,*)",mm,mm,gt1,gt1,NA,0.05,CTC,10000.0,,,,,,,,,,,,,,,,,,,,,,,grid_stat_20260727.stat,20260727_020000,,,,,,,,,570.0,182.0,271.0,8935.0
STAT,V12.0.0,20260820_055425,INANWP,NA,000000,20260727_020000,000000,20260727_020000,20260726_140000,20260726_140000,NA,RAINNC,"(*,*)",hourlyPrecipRateGC,"(*,*)",mm,mm,gt5,gt5,NA,0.05,CNT,10000.0,0.05,6.786,4.786,3.786,4.286,4.786,3.986,0.6643,22.903,4.786,0.5,3.829,0.25,0.9,0.1,1.0,0.5,0.2,0.1,0.05,0.04,0.03,grid_stat_20260727.stat,20260727_020000,,,,,,,,,,,,
STAT,V12.0.0,20260820_055425,INANWP,NA,000000,20260727_020000,000000,20260727_020000,20260726_140000,20260726_140000,NA,RAINNC,"(*,*)",hourlyPrecipRateGC,"(*,*)",mm,mm,gt5,gt5,NA,0.05,CTS,10000.0,,,,,,,,0.85,,,,,,,,,,,,,,,grid_stat_20260727.stat,20260727_020000,0.025,0.45,0.3321,0.15,0.2,0.4321,0.3,0.4,,,,
STAT,V12.0.0,20260820_055425,INANWP,NA,000000,20260727_020000,000000,20260727_020000,20260726_140000,20260726_140000,NA,RAINNC,"(*,*)",hourlyPrecipRateGC,"(*,*)",mm,mm,gt5,gt5,NA,0.05,CTC,10000.0,,,,,,,,,,,,,,,,,,,,,,,grid_stat_20260727.stat,20260727_020000,,,,,,,,,566.0,183.0,273.0,8933.0
STAT,V12.0.0,20260820_055425,INANWP,NA,000000,20260727_020000,000000,20260727_020000,20260726_140000,20260726_140000,NA,RAINNC,"(*,*)",hourlyPrecipRateGC,"(*,*)",mm,mm,gt10,gt10,NA,0.05,CNT,10000.0,0.05,6.786,4.786,3.786,4.286,4.786,3.986,0.6643,22.903,4.786,0.5,3.829,0.25,0.9,0.1,1.0,0.5,0.2,0.1,0.05,0.04,0.03,grid_stat_20260727.stat,20260727_020000,,,,,,,,,,,,
STAT,V12.0.0,20260820_055425,INANWP,NA,000000,20260727_020000,000000,20260727_020000,20260726_140000,20260726_140000,NA,RAINNC,"(*,*)",hourlyPrecipRateGC,"(*,*)",mm,mm,gt10,gt10,NA,0.05,CTS,10000.0,,,,,,,,0.85,,,,,,,,,,,,,,,grid_stat_20260727.stat,20260727_020000,0.025,0.45,0.3071,0.15,0.2,0.4071,0.3,0.4,,,,
STAT,V12.0.0,20260820_055425,INANWP,NA,000000,20260727_020000,000000,20260727_020000,20260726_140000,20260726_140000,NA,RAINNC,"(*,*)",hourlyPrecipRateGC,"(*,*)",mm,mm,gt10,gt10,NA,0.05,CTC,10000.0,,,,,,,,,,,,,,,,,,,,,,,grid_stat_20260727.stat,20260727_020000,,,,,,,,,561.0,184.0,275.0,8930.0
STAT,V12.0.0,20260820_055425,INANWP,NA,000000,20260727_020000,000000,20260727_020000,20260726_140000,20260726_140000,NA,RAINNC,"(*,*)",hourlyPrecipRateGC,"(*,*)",mm,mm,gt20,gt20,NA,0.05,CNT,10000.0,0.05,6.786,4.786,3.786,4.286,4.786,3.986,0.6643,22.903,4.786,0.5,3.829,0.25,0.9,0.1,1.0,0.5,0.2,0.1,0.05,0.04,0.03,grid_stat_20260727.stat,20260727_020000,,,,,,,,,,,,
STAT,V12.0.0,20260820_055425,INANWP,NA,000000,20260727_020000,000000,20260727_020000,20260726_140000,20260726_140000,NA,RAINNC,"(*,*)",hourlyPrecipRateGC,"(*,*)",mm,mm,gt20,gt20,NA,0.05,CTS,10000.0,,,,,,,,0.85,,,,,,,,,,,,,,,grid_stat_20260727.stat,20260727_020000,0.025,0.45,0.2571,0.15,0.2,0.3571,0.3,0.4,,,,
STAT,V12.0.0,20260820_055425,INANWP,NA,000000,20260727_020000,000000,20260727_020000,20260726_140000,20260726_140000,NA,RAINNC,"(*,*)",hourlyPrecipRateGC,"(*,*)",mm,mm,gt20,gt20,NA,0.05,CTC,10000.0,,,,,,,,,,,,,,,,,,,,,,,grid_stat_20260727.stat,20260727_020000,,,,,,,,,551.0,187.0,279.0,8925.0
STAT,V12.0.0,20260820_055425,INANWP,NA,000000,20260727_020000,000000,20260727_020000,20260726_140000,20260726_140000,NA,RAINNC,"(*,*)",hourlyPrecipRateGC,"(*,*)",mm,mm,gt50,gt50,NA,0.05,CNT,10000.0,0.05,6.786,4.786,3.786,4.286,4.786,3.986,0.6643,22.903,4.786,0.5,3.829,0.25,0.9,0.1,1.0,0.5,0.2,0.1,0.05,0.04,0.03,grid_stat_20260727.stat,20260727_020000,,,,,,,,,,,,
STAT,V12.0.0,20260820_055425,INANWP,NA,000000,20260727_020000,000000,20260727_020000,20260726_140000,20260726_140000,NA,RAINNC,"(*,*)",hourlyPrecipRateGC,"(*,*)",mm,mm,gt50,gt50,NA,0.05,CTS,10000.0,,,,,,,,0.85,,,,,,,,,,,,,,,grid_stat_20260727.stat,20260727_020000,0.025,0.45,0.1071,0.15,0.2,0.2071,0.3,0.4,,,,
STAT,V12.0.0,20260820_055425,INANWP,NA,000000,20260727_020000,000000,20260727_020000,20260726_140000,20260726_140000,NA,RAINNC,"(*,*)",hourlyPrecipRateGC,"(*,*)",mm,mm,gt50,gt50,NA,0.05,CTC,10000.0,,,,,,,,,,,,,,,,,,,,,,,grid_stat_20260727.stat,20260727_020000,,,,,,,,,521.0,194.0,291.0,8910.0
STAT,V12.0.0,20260820_055425,INANWP,NA,000000,20260727_030000,000000,20260727_030000,20260726_150000,20260726_150000,NA,RAINNC,"(*,*)",hourlyPrecipRateGC,"(*,*)",mm,mm,gt0.1,gt0.1,NA,0.05,CNT,10000.0,0.055,6.679,4.679,3.679,4.179,4.679,3.879,0.6714,21.889,4.679,0.5,3.743,0.275,0.9,0.1,1.0,0.5,0.2,0.1,0.05,0.04,0.03,grid_stat_20260727.stat,20260727_030000,,,,,,,,,,,,
STAT,V12.0.0,20260820_055425,INANWP,NA,000000,20260727_030000,000000,20260727_030000,20260726_150000,20260726_150000,NA,RAINNC,"(*,*)",hourlyPrecipRateGC,"(*,*)",mm,mm,gt0.1,gt0.1,NA,0.05,CTS,10000.0,,,,,,,,0.85,,,,,,,,,,,,,,,grid_stat_20260727.stat,20260727_030000,0.028,0.45,0.3602,0.15,0.2,0.4602,0.3,0.4,,,,
STAT,V12.0.0,20260820_055425,INANWP,NA,000000,20260727_030000,000000,20260727_030000,20260726_150000,20260726_150000,NA,RAINNC,"(*,*)",hourlyPrecipRateGC,"(*,*)",mm,mm,gt0.1,gt0.1,NA,0.05,CTC,10000.0,,,,,,,,,,,,,,,,,,,,,,,grid_stat_20260727.stat,20260727_030000,,,,,,,,,572.0,181.0,271.0,8936.0
STAT,V12.0.0,20260820_055425,INANWP,NA,000000,20260727_030000,000000,20260727_030000,20260726_150000,20260726_150000,NA,RAINNC,"(*,*)",hourlyPrecipRateGC,"(*,*)",mm,mm,gt1,gt1,NA,0.05,CNT,10000.0,0.055,6.679,4.679,3.679,4.179,4.679,3.879,0.6714,21.889,4.679,0.5,3.743,0.275,0.9,0.1,1.0,0.5,0.2,0.1,0.05,0.04,0.03,grid_stat_20260727.stat,20260727_030000,,,,,,,,,,,,
STAT,V12.0.0,20260820_055425,INANWP,NA,000000,20260727_030000,000000,20260727_030000,20260726_150000,20260726_150000,NA,RAINNC,"(*,*)",hourlyPrecipRateGC,"(*,*)",mm,mm,gt1,gt1,NA,0.05,CTS,10000.0,,,,,,,,0.85,,,,,,,,,,,,,,,grid_stat_20260727.stat,20260727_030000,0.028,0.45,0.3557,0.15,0.2,0.4557,0.3,0.4,,,,
STAT,V12.0.0,20260820_055425,INANWP,NA,000000,20260727_030000,000000,20260727_030000,20260726_150000,20260726_150000,NA,RAINNC,"(*,*)",hourlyPrecipRateGC,"(*,*)",mm,mm,gt1,gt1,NA,0.05,CTC,10000.0,,,,,,,,,,,,,,,,,,,,,,,grid_stat_20260727.stat,20260727_030000,,,,,,,,,571.0,182.0,271.0,8935.0
STAT,V12.0.0,20260820_055425,INANWP,NA,000000,20260727_030000,000000,20260727_030000,20260726_150000,20260726_150000,NA,RAINNC,"(*,*)",hourlyPrecipRateGC,"(*,*)",mm,mm,gt5,gt5,NA,0.05,CNT,10000.0,0.055,6.679,4.679,3.679,4.179,4.679,3.879,0.6714,21.889,4.679,0.5,3.743,0.275,0.9,0.1,1.0,0.5,0.2,0.1,0.05,0.04,0.03,grid_stat_20260727.stat,20260727_030000,,,,,,,,,,,,
STAT,V12.0.0,20260820_055425,INANWP,NA,000000,20260727_030000,000000,20260727_030000,20260726_150000,20260726_150000,NA,RAINNC,"(*,*)",hourlyPrecipRateGC,"(*,*)",mm,mm,gt5,gt5,NA,0.05,CTS,10000.0,,,,,,,,0.85,,,,,,,,,,,,,,,grid_stat_20260727.stat,20260727_030000,0.028,0.45,0.3357,0.15,0.2,0.4357,0.3,0.4,,,,
STAT,V12.0.0,20260820_055425,INANWP,NA,000000,20260727_030000,000000,20260727_030000,20260726_150000,20260726_150000,NA,RAINNC,"(*,*)",hourlyPrecipRateGC,"(*,*)",mm,mm,gt5,gt5,NA,0.05,CTC,10000.0,,,,,,,,,,,,,,,,,,,,,,,grid_stat_20260727.stat,20260727_030000,,,,,,,,,567.0,183.0,273.0,8933.0
STAT,V12.0.0,20260820_055425,INANWP,NA,000000,20260727_030000,000000,20260727_030000,20260726_150000,20260726_150000,NA,RAINNC,"(*,*)",hourlyPrecipRateGC,"(*,*)",mm,mm,gt10,gt10,NA,0.05,CNT,10000.0,0.055,6.679,4.679,3.679,4.179,4.679,3.879,0.6714,21.889,4.679,0.5,3.743,0.275,0.9,0.1,1.0,0.5,0.2,0.1,0.05,0.04,0.03,grid_stat_20260727.stat,20260727_030000,,,,,,,,,,,,
STAT,V12.0.0,20260820_055425,INANWP,NA,000000,20260727_030000,000000,20260727_030000,20260726_150000,20260726_150000,NA,RAINNC,"(*,*)",hourlyPrecipRateGC,"(*,*)",mm,mm,gt10,gt10,NA,0.05,CTS,10000.0,,,,,,,,0.85,,,,,,,,,,,,,,,grid_stat_20260727.stat,20260727_030000,0.028,0.45,0.3107,0.15,0.2,0.4107,0.3,0.4,,,,
STAT,V12.0.0,20260820_055425,INANWP,NA,000000,20260727_030000,000000,20260727_030000,20260726_150000,20260726_150000,NA,RAINNC,"(*,*)",hourlyPrecipRateGC,"(*,*)",mm,mm,gt10,gt10,NA,0.05,CTC,10000.0,,,,,,,,,,,,,,,,,,,,,,,grid_stat_20260727.stat,20260727_030000,,,,,,,,,562.0,184.0,275.0,8931.0
STAT,V12.0.0,20260820_055425,INANWP,NA,000000,20260727_030000,000000,20260727_030000,20260726_150000,20260726_150000,NA,RAINNC,"(*,*)",hourlyPrecipRateGC,"(*,*)",mm,mm,gt20,gt20,NA,0.05,CNT,10000.0,0.055,6.679,4.679,3.679,4.179,4.679,3.879,0.6714,21.889,4.679,0.5,3.743,0.275,0.9,0.1,1.0,0.5,0.2,0.1,0.05,0.04,0.03,grid_stat_20260727.stat,20260727_030000,,,,,,,,,,,,
STAT,V12.0.0,20260820_055425,INANWP,NA,000000,20260727_030000,000000,20260727_030000,20260726_150000,20260726_150000,NA,RAINNC,"(*,*)",hourlyPrecipRateGC,"(*,*)",mm,mm,gt20,gt20,NA,0.05,CTS,10000.0,,,,,,,,0.85,,,,,,,,,,,,,,,grid_stat_20260727.stat,20260727_030000,0.028,0.45,0.2607,0.15,0.2,0.3607,0.3,0.4,,,,
STAT,V12.0.0,20260820_055425,INANWP,NA,000000,20260727_030000,000000,20260727_030000,20260726_150000,20260726_150000,NA,RAINNC,"(*,*)",hourlyPrecipRateGC,"(*,*)",mm,mm,gt20,gt20,NA,0.05,CTC,10000.0,,,,,,,,,,,,,,,,,,,,,,,grid_stat_20260727.stat,20260727_030000,,,,,,,,,552.0,186.0,279.0,8926.0
STAT,V12.0.0,20260820_055425,INANWP,NA,000000,20260727_030000,000000,20260727_030000,20260726_150000,20260726_150000,NA,RAINNC,"(*,*)",hourlyPrecipRateGC,"(*,*)",mm,mm,gt50,gt50,NA,0.05,CNT,10000.0,0.055,6.679,4.679,3.679,4.179,4.679,3.879,0.6714,21.889,4.679,0.5,3.743,0.275,0.9,0.1,1.0,0.5,0.2,0.1,0.05,0.04,0.03,grid_stat_20260727.stat,20260727_030000,,,,,,,,,,,,
STAT,V12.0.0,20260820_055425,INANWP,NA,000000,20260727_030000,000000,20260727_030000,20260726_150000,20260726_150000,NA,RAINNC,"(*,*)",hourlyPrecipRateGC,"(*,*)",mm,mm,gt50,gt50,NA,0.05,CTS,10000.0,,,,,,,,0.85,,,,,,,,,,,,,,,grid_stat_20260727.stat,20260727_030000,0.028,0.45,0.1107,0.15,0.2,0.2107,0.3,0.4,,,,
STAT,V12.0.0,20260820_055425,INANWP,NA,000000,20260727_030000,000000,20260727_030000,20260726_150000,20260726_150000,NA,RAINNC,"(*,*)",hourlyPrecipRateGC,"(*,*)",mm,mm,gt50,gt50,NA,0.05,CTC,10000.0,,,,,,,,,,,,,,,,,,,,,,,grid_stat_20260727.stat,20260727_030000,,,,,,,,,522.0,194.0,291.0,8911.0
STAT,V12.0.0,20260820_055425,INANWP,NA,000000,20260727_040000,000000,20260727_040000,20260726_160000,20260726_160000,NA,RAINNC,"(*,*)",hourlyPrecipRateGC,"(*,*)",mm,mm,gt0.1,gt0.1,NA,0.05,CNT,10000.0,0.06,6.571,4.571,3.571,4.071,4.571,3.771,0.6786,20.898,4.571,0.5,3.657,0.3,0.9,0.1,1.0,0.5,0.2,0.1,0.05,0.04,0.03,grid_stat_20260727.stat,20260727_040000,,,,,,,,,,,,
STAT,V12.0.0,20260820_055425,INANWP,NA,000000,20260727_040000,000000,20260727_040000,20260726_160000,20260726_160000,NA,RAINNC,"(*,*)",hourlyPrecipRateGC,"(*,*)",mm,mm,gt0.1,gt0.1,NA,0.05,CTS,10000.0,,,,,,,,0.85,,,,,,,,,,,,,,,grid_stat_20260727.stat,20260727_040000,0.03,0.45,0.3638,0.15,0.2,0.4638,0.3,0.4,,,,
STAT,V12.0.0,20260820_055425,INANWP,NA,000000,20260727_040000,000000,20260727_040000,20260726_160000,20260726_160000,NA,RAINNC,"(*,*)",hourlyPrecipRateGC,"(*,*)",mm,mm,gt0.1,gt0.1,NA,0.05,CTC,10000.0,,,,,,,,,,,,,,,,,,,,,,,grid_stat_20260727.stat,20260727_040000,,,,,,,,,572.0,181.0,270.0,8936.0
STAT,V12.0.0,20260820_055425,INANWP,NA,000000,20260727_040000,000000,20260727_040000,20260726_160000,20260726_160000,NA,RAINNC,"(*,*)",hourlyPrecipRateGC,"(*,*)",mm,mm,gt1,gt1,NA,0.05,CNT,10000.0,0.06,6.571,4.571,3.571,4.071,4.571,3.771,0.6786,20.898,4.571,0.5,3.657,0.3,0.9,0.1,1.0,0.5,0.2,0.1,0.05,0.04,0.03,grid_stat_20260727.stat,20260727_040000,,,,,,,,,,,,
STAT,V12.0.0,20260820_055425,INANWP,NA,000000,20260727_040000,000000,20260727_040000,20260726_160000,20260726_160000,NA,RAINNC,"(*,*)",hourlyPrecipRateGC,"(*,*)",mm,mm,gt1,gt1,NA,0.05,CTS,10000.0,,,,,,,,0.85,,,,,,,,,,,,,,,grid_stat_20260727.stat,20260727_040000,0.03,0.45,0.3593,0.15,0.2,0.4593,0.3,0.4,,,,
STAT,V12.0.0,20260820_055425,INANWP,NA,000000,20260727_040000,000000,20260727_040000,20260726_160000,20260726_160000,NA,RAINNC,"(*,*)",hourlyPrecipRateGC,"(*,*)",mm,mm,gt1,gt1,NA,0.05,CTC,10000.0,,,,,,,,,,,,,,,,,,,,,,,grid_stat_20260727.stat,20260727_040000,,,,,,,,,571.0,182.0,271.0,8935.0
STAT,V12.0.0,20260820_055425,INANWP,NA,000000,20260727_040000,000000,20260727_040000,20260726_160000,20260726_160000,NA,RAINNC,"(*,*)",hourlyPrecipRateGC,"(*,*)",mm,mm,gt5,gt5,NA,0.05,CNT,10000.0,0.06,6.571,4.571,3.571,4.071,4.571,3.771,0.6786,20.898,4.571,0.5,3.657,0.3,0.9,0.1,1.0,0.5,0.2,0.1,0.05,0.04,0.03,grid_stat_20260727.stat,20260727_040000,,,,,,,,,,,,
STAT,V12.0.0,20260820_055425,INANWP,NA,000000,20260727_040000,000000,20260727_040000,20260726_160000,20260726_160000,NA,RAINNC,"(*,*)",hourlyPrecipRateGC,"(*,*)",mm,mm,gt5,gt5,NA,0.05,CTS,10000.0,,,,,,,,0.85,,,,,,,,,,,,,,,grid_stat_20260727.stat,20260727_040000,0.03,0.45,0.3393,0.15,0.2,0.4393,0.3,0.4,,,,
STAT,V12.0.0,20260820_055425,INANWP,NA,000000,20260727_040000,000000,20260727_040000,20260726_160000,20260726_160000,NA,RAINNC,"(*,*)",hourlyPrecipRateGC,"(*,*)",mm,mm,gt5,gt5,NA,0.05,CTC,10000.0,,,,,,,,,,,,,,,,,,,,,,,grid_stat_20260727.stat,20260727_040000,,,,,,,,,567.0,183.0,272.0,8933.0
STAT,V12.0.0,20260820_055425,INANWP,NA,000000,20260727_040000,000000,20260727_040000,20260726_160000,20260726_160000,NA,RAINNC,"(*,*)",hourlyPrecipRateGC,"(*,*)",mm,mm,gt10,gt10,NA,0.05,CNT,10000.0,0.06,6.571,4.571,3.571,4.071,4.571,3.771,0.6786,20.898,4.571,0.5,3.657,0.3,0.9,0.1,1.0,0.5,0.2,0.1,0.05,0.04,0.03,grid_stat_20260727.stat,20260727_040000,,,,,,,,,,,,
STAT,V12.0.0,20260820_055425,INANWP,NA,000000,20260727_040000,000000,20260727_040000,20260726_160000,20260726_160000,NA,RAINNC,"(*,*)",hourlyPrecipRateGC,"(*,*)",mm,mm,gt10,gt10,NA,0.05,CTS,10000.0,,,,,,,,0.85,,,,,,,,,,,,,,,grid_stat_20260727.stat,20260727_040000,0.03,0.45,0.3143,0.15,0.2,0.4143,0.3,0.4,,,,
STAT,V12.0.0,20260820_055425,INANWP,NA,000000,20260727_040000,000000,20260727_040000,20260726_160000,20260726_160000,NA,RAINNC,"(*,*)",hourlyPrecipRateGC,"(*,*)",mm,mm,gt10,gt10,NA,0.05,CTC,10000.0,,,,,,,,,,,,,,,,,,,,,,,grid_stat_20260727.stat,20260727_040000,,,,,,,,,562.0,184.0,274.0,8931.0
STAT,V12.0.0,20260820_055425,INANWP,NA,000000,20260727_040000,000000,20260727_040000,20260726_160000,20260726_160000,NA,RAINNC,"(*,*)",hourlyPrecipRateGC,"(*,*)",mm,mm,gt20,gt20,NA,0.05,CNT,10000.0,0.06,6.571,4.571,3.571,4.071,4.571,3.771,0.6786,20.898,4.571,0.5,3.657,0.3,0.9,0.1,1.0,0.5,0.2,0.1,0.05,0.04,0.03,grid_stat_20260727.stat,20260727_040000,,,,,,,,,,,,
STAT,V12.0.0,20260820_055425,INANWP,NA,000000,20260727_040000,000000,20260727_040000,20260726_160000,20260726_160000,NA,RAINNC,"(*,*)",hourlyPrecipRateGC,"(*,*)",mm,mm,gt20,gt20,NA,0.05,CTS,10000.0,,,,,,,,0.85,,,,,,,,,,,,,,,grid_stat_20260727.stat,20260727_040000,0.03,0.45,0.2643,0.15,0.2,0.3643,0.3,0.4,,,,
STAT,V12.0.0,20260820_055425,INANWP,NA,000000,20260727_040000,000000,20260727_040000,20260726_160000,20260726_160000,NA,RAINNC,"(*,*)",hourlyPrecipRateGC,"(*,*)",mm,mm,gt20,gt20,NA,0.05,CTC,10000.0,,,,,,,,,,,,,,,,,,,,,,,grid_stat_20260727.stat,20260727_040000,,,,,,,,,552.0,186.0,278.0,8926.0
STAT,V12.0.0,20260820_055425,INANWP,NA,000000,20260727_040000,000000,20260727_040000,20260726_160000,20260726_160000,NA,RAINNC,"(*,*)",hourlyPrecipRateGC,"(*,*)",mm,mm,gt50,gt50,NA,0.05,CNT,10000.0,0.06,6.571,4.571,3.571,4.071,4.571,3.771,0.6786,20.898,4.571,0.5,3.657,0.3,0.9,0.1,1.0,0.5,0.2,0.1,0.05,0.04,0.03,grid_stat_20260727.stat,20260727_040000,,,,,,,,,,,,
STAT,V12.0.0,20260820_055425,INANWP,NA,000000,20260727_040000,000000,20260727_040000,20260726_160000,20260726_160000,NA,RAINNC,"(*,*)",hourlyPrecipRateGC,"(*,*)",mm,mm,gt50,gt50,NA,0.05,CTS,10000.0,,,,,,,,0.85,,,,,,,,,,,,,,,grid_stat_20260727.stat,20260727_040000,0.03,0.45,0.1143,0.15,0.2,0.2143,0.3,0.4,,,,
STAT,V12.0.0,20260820_055425,INANWP,NA,000000,20260727_040000,000000,20260727_040000,20260726_160000,20260726_160000,NA,RAINNC,"(*,*)",hourlyPrecipRateGC,"(*,*)",mm,mm,gt50,gt50,NA,0.05,CTC,10000.0,,,,,,,,,,,,,,,,,,,,,,,grid_stat_20260727.stat,20260727_040000,,,,,,,,,522.0,194.0,290.0,8911.0
STAT,V12.0.0,20260820_055425,INANWP,NA,000000,20260727_050000,000000,20260727_050000,20260726_170000,20260726_170000,NA,RAINNC,"(*,*)",hourlyPrecipRateGC,"(*,*)",mm,mm,gt0.1,gt0.1,NA,0.05,CNT,10000.0,0.065,6.464,4.464,3.464,3.964,4.464,3.664,0.6857,19.93,4.464,0.5,3.571,0.325,0.9,0.1,1.0,0.5,0.2,0.1,0.05,0.04,0.03,grid_stat_20260727.stat,20260727_050000,,,,,,,,,,,,
STAT,V12.0.0,20260820_055425,INANWP,NA,000000,20260727_050000,000000,20260727_050000,20260726_170000,20260726_170000,NA,RAINNC,"(*,*)",hourlyPrecipRateGC,"(*,*)",mm,mm,gt0.1,gt0.1,NA,0.05,CTS,10000.0,,,,,,,,0.85,,,,,,,,,,,,,,,grid_stat_20260727.stat,20260727_050000,0.032,0.45,0.3674,0.15,0.2,0.4674,0.3,0.4,,,,
STAT,V12.0.0,20260820_055425,INANWP,NA,000000,20260727_050000,000000,20260727_050000,20260726_170000,20260726_170000,NA,RAINNC,"(*,*)",hourlyPrecipRateGC,"(*,*)",mm,mm,gt0.1,gt0.1,NA,0.05,CTC,10000.0,,,,,,,,,,,,,,,,,,,,,,,grid_stat_20260727.stat,20260727_050000,,,,,,,,,573.0,181.0,270.0,8936.0
STAT,V12.0.0,20260820_055425,INANWP,NA,000000,20260727_050000,000000,20260727_050000,20260726_170000,20260726_170000,NA,RAINNC,"(*,*)",hourlyPrecipRateGC,"(*,*)",mm,mm,gt1,gt1,NA,0.05,CNT,10000.0,0.065,6.464,4.464,3.464,3.964,4.464,3.664,0.6857,19.93,4.464,0.5,3.571,0.325,0.9,0.1,1.0,0.5,0.2,0.1,0.05,0.04,0.03,grid_stat_20260727.stat,20260727_050000,,,,,,,,,,,,
STAT,V12.0.0,20260820_055425,INANWP,NA,000000,20260727_050000,000000,20260727_050000,20260726_170000,20260726_170000,NA,RAINNC,"(*,*)",hourlyPrecipRateGC,"(*,*)",mm,mm,gt1,gt1,NA,0.05,CTS,10000.0,,,,,,,,0.85,,,,,,,,,,,,,,,grid_stat_20260727.stat,20260727_050000,0.032,0.45,0.3629,0.15,0.2,0.4629,0.3,0.4,,,,
STAT,V12.0.0,20260820_055425,INANWP,NA,000000,20260727_050000,000000,20260727_050000,20260726_170000,20260726_170000,NA,RAINNC,"(*,*)",hourlyPrecipRateGC,"(*,*)",mm,mm,gt1,gt1,NA,0.05,CTC,10000.0,,,,,,,,,,,,,,,,,,,,,,,grid_stat_20260727.stat,20260727_050000,,,,,,,,,572.0,181.0,270.0,8936.0
STAT,V12.0.0,20260820_055425,INANWP,NA,000000,20260727_050000,000000,20260727_050000,20260726_170000,20260726_170000,NA,RAINNC,"(*,*)",hourlyPrecipRateGC,"(*,*)",mm,mm,gt5,gt5,NA,0.05,CNT,10000.0,0.065,6.464,4.464,3.464,3.964,4.464,3.664,0.6857,19.93,4.464,0.5,3.571,0.325,0.9,0.1,1.0,0.5,0.2,0.1,0.05,0.04,0.03,grid_stat_20260727.stat,20260727_050000,,,,,,,,,,,,
STAT,V12.0.0,20260820_055425,INANWP,NA,000000,20260727_050000,000000,20260727_050000,20260726_170000,20260726_170000,NA,RAINNC,"(*,*)",hourlyPrecipRateGC,"(*,*)",mm,mm,gt5,gt5,NA,0.05,CTS,10000.0,,,,,,,,0.85,,,,,,,,,,,,,,,grid_stat_20260727.stat,20260727_050000,0.032,0.45,0.3429,0.15,0.2,0.4429,0.3,0.4,,,,
STAT,V12.0.0,20260820_055425,INANWP,NA,000000,20260727_050000,000000,20260727_050000,20260726_170000,20260726_170000,NA,RAINNC,"(*,*)",hourlyPrecipRateGC,"(*,*)",mm,mm,gt5,gt5,NA,0.05,CTC,10000.0,,,,,,,,,,,,,,,,,,,,,,,grid_stat_20260727.stat,20260727_050000,,,,,,,,,568.0,182.0,272.0,8934.0
STAT,V12.0.0,20260820_055425,INANWP,NA,000000,20260727_050000,000000,20260727_050000,20260726_170000,20260726_170000,NA,RAINNC,"(*,*)",hourlyPrecipRateGC,"(*,*)",mm,mm,gt10,gt10,NA,0.05,CNT,10000.0,0.065,6.464,4.464,3.464,3.964,4.464,3.664,0.6857,19.93,4.464,0.5,3.571,0.325,0.9,0.1,1.0,0.5,0.2,0.1,0.05,0.04,0.03,grid_stat_20260727.stat,20260727_050000,,,,,,,,,,,,
STAT,V12.0.0,20260820_055425,INANWP,NA,000000,20260727_050000,000000,20260727_050000,20260726_170000,20260726_170000,NA,RAINNC,"(*,*)",hourlyPrecipRateGC,"(*,*)",mm,mm,gt10,gt10,NA,0.05,CTS,10000.0,,,,,,,,0.85,,,,,,,,,,,,,,,grid_stat_20260727.stat,20260727_050000,0.032,0.45,0.3179,0.15,0.2,0.4179,0.3,0.4,,,,
STAT,V12.0.0,20260820_055425,INANWP,NA,000000,20260727_050000,000000,20260727_050000,20260726_170000,20260726_170000,NA,RAINNC,"(*,*)",hourlyPrecipRateGC,"(*,*)",mm,mm,gt10,gt10,NA,0.05,CTC,10000.0,,,,,,,,,,,,,,,,,,,,,,,grid_stat_20260727.stat,20260727_050000,,,,,,,,,563.0,184.0,274.0,8931.0
STAT,V12.0.0,20260820_055425,INANWP,NA,000000,20260727_050000,000000,20260727_050000,20260726_170000,20260726_170000,NA,RAINNC,"(*,*)",hourlyPrecipRateGC,"(*,*)",mm,mm,gt20,gt20,NA,0.05,CNT,10000.0,0.065,6.464,4.464,3.464,3.964,4.464,3.664,0.6857,19.93,4.464,0.5,3.571,0.325,0.9,0.1,1.0,0.5,0.2,0.1,0.05,0.04,0.03,grid_stat_20260727.stat,20260727_050000,,,,,,,,,,,,
STAT,V12.0.0,20260820_055425,INANWP,NA,000000,20260727_050000,000000,20260727_050000,20260726_170000,20260726_170000,NA,RAINNC,"(*,*)",hourlyPrecipRateGC,"(*,*)",mm,mm,gt20,gt20,NA,0.05,CTS,10000.0,,,,,,,,0.85,,,,,,,,,,,,,,,grid_stat_20260727.stat,20260727_050000,0.032,0.45,0.2679,0.15,0.2,0.3679,0.3,0.4,,,,
STAT,V12.0.0,20260820_055425,INANWP,NA,000000,20260727_050000,000000,20260727_050000,20260726_170000,20260726_170000,NA,RAINNC,"(*,*)",hourlyPrecipRateGC,"(*,*)",mm,mm,gt20,gt20,NA,0.05,CTC,10000.0,,,,,,,,,,,,,,,,,,,,,,,grid_stat_20260727.stat,20260727_050000,,,,,,,,,553.0,186.0,278.0,8926.0
STAT,V12.0.0,20260820_055425,INANWP,NA,000000,20260727_050000,000000,20260727_050000,20260726_170000,20260726_170000,NA,RAINNC,"(*,*)",hourlyPrecipRateGC,"(*,*)",mm,mm,gt50,gt50,NA,0.05,CNT,10000.0,0.065,6.464,4.464,3.464,3.964,4.464,3.664,0.6857,19.93,4.464,0.5,3.571,0.325,0.9,0.1,1.0,0.5,0.2,0.1,0.05,0.04,0.03,grid_stat_20260727.stat,20260727_050000,,,,,,,,,,,,
STAT,V12.0.0,20260820_055425,INANWP,NA,000000,20260727_050000,000000,20260727_050000,20260726_170000,20260726_170000,NA,RAINNC,"(*,*)",hourlyPrecipRateGC,"(*,*)",mm,mm,gt50,gt50,NA,0.05,CTS,10000.0,,,,,,,,0.85,,,,,,,,,,,,,,,grid_stat_20260727.stat,20260727_050000,0.032,0.45,0.1179,0.15,0.2,0.2179,0.3,0.4,,,,
STAT,V12.0.0,20260820_055425,INANWP,NA,000000,20260727_050000,000000,20260727_050000,20260726_170000,20260726_170000,NA,RAINNC,"(*,*)",hourlyPrecipRateGC,"(*,*)",mm,mm,gt50,gt50,NA,0.05,CTC,10000.0,,,,,,,,,,,,,,,,,,,,,,,grid_stat_20260727.stat,20260727_050000,,,,,,,,,523.0,194.0,290.0,8911.0
STAT,V12.0.0,20260820_055425,INANWP,NA,000000,20260727_060000,000000,20260727_060000,20260726_180000,20260726_180000,NA,RAINNC,"(*,*)",hourlyPrecipRateGC,"(*,*)",mm,mm,gt0.1,gt0.1,NA,0.05,CNT,10000.0,0.07,6.357,4.357,3.357,3.857,4.357,3.557,0.6929,18.985,4.357,0.5,3.486,0.35,0.9,0.1,1.0,0.5,0.2,0.1,0.05,0.04,0.03,grid_stat_20260727.stat,20260727_060000,,,,,,,,,,,,
STAT,V12.0.0,20260820_055425,INANWP,NA,000000,20260727_060000,000000,20260727_060000,20260726_180000,20260726_180000,NA,RAINNC,"(*,*)",hourlyPrecipRateGC,"(*,*)",mm,mm,gt0.1,gt0.1,NA,0.05,CTS,10000.0,,,,,,,,0.85,,,,,,,,,,,,,,,grid_stat_20260727.stat,20260727_060000,0.035,0.45,0.3709,0.15,0.2,0.4709,0.3,0.4,,,,
STAT,V12.0.0,20260820_055425,INANWP,NA,000000,20260727_060000,000000,20260727_060000,20260726_180000,20260726_180000,NA,RAINNC,"(*,*)",hourlyPrecipRateGC,"(*,*)",mm,mm,gt0.1,gt0.1,NA,0.05,CTC,10000.0,,,,,,,,,,,,,,,,,,,,,,,grid_stat_20260727.stat,20260727_060000,,,,,,,,,574.0,181.0,270.0,8937.0
STAT,V12.0.0,20260820_055425,INANWP,NA,000000,20260727_060000,000000,20260727_060000,20260726_180000,20260726_180000,NA,RAINNC,"(*,*)",hourlyPrecipRateGC,"(*,*)",mm,mm,gt1,gt1,NA,0.05,CNT,10000.0,0.07,6.357,4.357,3.357,3.857,4.357,3.557,0.6929,18.985,4.357,0.5,3.486,0.35,0.9,0.1,1.0,0.5,0.2,0.1,0.05,0.04,0.03,grid_stat_20260727.stat,20260727_060000,,,,,,,,,,,,
STAT,V12.0.0,20260820_055425,INANWP,NA,000000,20260727_060000,000000,20260727_060000,20260726_180000,20260726_180000,NA,RAINNC,"(*,*)",hourlyPrecipRateGC,"(*,*)",mm,mm,gt1,gt1,NA,0.05,CTS,10000.0,,,,,,,,0.85,,,,,,,,,,,,,,,grid_stat_20260727.stat,20260727_060000,0.035,0.45,0.3664,0.15,0.2,0.4664,0.3,0.4,,,,
STAT,V12.0.0,20260820_055425,INANWP,NA,000000,20260727_060000,000000,20260727_060000,20260726_180000,20260726_180000,NA,RAINNC,"(*,*)",hourlyPrecipRateGC,"(*,*)",mm,mm,gt1,gt1,NA,0.05,CTC,10000.0,,,,,,,,,,,,,,,,,,,,,,,grid_stat_20260727.stat,20260727_060000,,,,,,,,,573.0,181.0,270.0,8936.0
STAT,V12.0.0,20260820_055425,INANWP,NA,000000,20260727_060000,000000,20260727_060000,20260726_180000,20260726_180000,NA,RAINNC,"(*,*)",hourlyPrecipRateGC,"(*,*)",mm,mm,gt5,gt5,NA,0.05,CNT,10000.0,0.07,6.357,4.357,3.357,3.857,4.357,3.557,0.6929,18.985,4.357,0.5,3.486,0.35,0.9,0.1,1.0,0.5,0.2,0.1,0.05,0.04,0.03,grid_stat_20260727.stat,20260727_060000,,,,,,,,,,,,
STAT,V12.0.0,20260820_055425,INANWP,NA,000000,20260727_060000,000000,20260727_060000,20260726_180000,20260726_180000,NA,RAINNC,"(*,*)",hourlyPrecipRateGC,"(*,*)",mm,mm,gt5,gt5,NA,0.05,CTS,10000.0,,,,,,,,0.85,,,,,,,,,,,,,,,grid_stat_20260727.stat,20260727_060000,0.035,0.45,0.3464,0.15,0.2,0.4464,0.3,0.4,,,,
STAT,V12.0.0,20260820_055425,INANWP,NA,000000,20260727_060000,000000,20260727_060000,20260726_180000,20260726_180000,NA,RAINNC,"(*,*)",hourlyPrecipRateGC,"(*,*)",mm,mm,gt5,gt5,NA,0.05,CTC,10000.0,,,,,,,,,,,,,,,,,,,,,,,grid_stat_20260727.stat,20260727_060000,,,,,,,,,569.0,182.0,272.0,8934.0
STAT,V12.0.0,20260820_055425,INANWP,NA,000000,20260727_060000,000000,20260727_060000,20260726_180000,20260726_180000,NA,RAINNC,"(*,*)",hourlyPrecipRateGC,"(*,*)",mm,mm,gt10,gt10,NA,0.05,CNT,10000.0,0.07,6.357,4.357,3.357,3.857,4.357,3.557,0.6929,18.985,4.357,0.5,3.486,0.35,0.9,0.1,1.0,0.5,0.2,0.1,0.05,0.04,0.03,grid_stat_20260727.stat,20260727_060000,,,,,,,,,,,,
STAT,V12.0.0,20260820_055425,INANWP,NA,000000,20260727_060000,000000,20260727_060000,20260726_180000,20260726_180000,NA,RAINNC,"(*,*)",hourlyPrecipRateGC,"(*,*)",mm,mm,gt10,gt10,NA,0.05,CTS,10000.0,,,,,,,,0.85,,,,,,,,,,,,,,,grid_stat_20260727.stat,20260727_060000,0.035,0.45,0.3214,0.15,0.2,0.4214,0.3,0.4,,,,
STAT,V12.0.0,20260820_055425,INANWP,NA,000000,20260727_060000,000000,20260727_060000,20260726_180000,20260726_180000,NA,RAINNC,"(*,*)",hourlyPrecipRateGC,"(*,*)",mm,mm,gt10,gt10,NA,0.05,CTC,10000.0,,,,,,,,,,,,,,,,,,,,,,,grid_stat_20260727.stat,20260727_060000,,,,,,,,,564.0,183.0,274.0,8932.0
STAT,V12.0.0,20260820_055425,INANWP,NA,000000,20260727_060000,000000,20260727_060000,20260726_180000,20260726_180000,NA,RAINNC,"(*,*)",hourlyPrecipRateGC,"(*,*)",mm,mm,gt20,gt20,NA,0.05,CNT,10000.0,0.07,6.357,4.357,3.357,3.857,4.357,3.557,0.6929,18.985,4.357,0.5,3.486,0.35,0.9,0.1,1.0,0.5,0.2,0.1,0.05,0.04,0.03,grid_stat_20260727.stat,20260727_060000,,,,,,,,,,,,
STAT,V12.0.0,20260820_055425,INANWP,NA,000000,20260727_060000,000000,20260727_060000,20260726_180000,20260726_180000,NA,RAINNC,"(*,*)",hourlyPrecipRateGC,"(*,*)",mm,mm,gt20,gt20,NA,0.05,CTS,10000.0,,,,,,,,0.85,,,,,,,,,,,,,,,grid_stat_20260727.stat,20260727_060000,0.035,0.45,0.2714,0.15,0.2,0.3714,0.3,0.4,,,,
STAT,V12.0.0,20260820_055425,INANWP,NA,000000,20260727_060000,000000,20260727_060000,20260726_180000,20260726_180000,NA,RAINNC,"(*,*)",hourlyPrecipRateGC,"(*,*)",mm,mm,gt20,gt20,NA,0.05,CTC,10000.0,,,,,,,,,,,,,,,,,,,,,,,grid_stat_20260727.stat,20260727_060000,,,,,,,,,554.0,186.0,278.0,8927.0
STAT,V12.0.0,20260820_055425,INANWP,NA,000000,20260727_060000,000000,20260727_060000,20260726_180000,20260726_180000,NA,RAINNC,"(*,*)",hourlyPrecipRateGC,"(*,*)",mm,mm,gt50,gt50,NA,0.05,CNT,10000.0,0.07,6.357,4.357,3.357,3.857,4.357,3.557,0.6929,18.985,4.357,0.5,3.486,0.35,0.9,0.1,1.0,0.5,0.2,0.1,0.05,0.04,0.03,grid_stat_20260727.stat,20260727_060000,,,,,,,,,,,,
STAT,V12.0.0,20260820_055425,INANWP,NA,000000,20260727_060000,000000,20260727_060000,20260726_180000,20260726_180000,NA,RAINNC,"(*,*)",hourlyPrecipRateGC,"(*,*)",mm,mm,gt50,gt50,NA,0.05,CTS,10000.0,,,,,,,,0.85,,,,,,,,,,,,,,,grid_stat_20260727.stat,20260727_060000,0.035,0.45,0.1214,0.15,0.2,0.2214,0.3,0.4,,,,
STAT,V12.0.0,20260820_055425,INANWP,NA,000000,20260727_060000,000000,20260727_060000,20260726_180000,20260726_180000,NA,RAINNC,"(*,*)",hourlyPrecipRateGC,"(*,*)",mm,mm,gt50,gt50,NA,0.05,CTC,10000.0,,,,,,,,,,,,,,,,,,,,,,,grid_stat_20260727.stat,20260727_060000,,,,,,,,,524.0,193.0,290.0,8912.0
STAT,V12.0.0,20260820_055425,INANWP,NA,000000,20260727_070000,000000,20260727_070000,20260726_190000,20260726_190000,NA,RAINNC,"(*,*)",hourlyPrecipRateGC,"(*,*)",mm,mm,gt0.1,gt0.1,NA,0.05,CNT,10000.0,0.075,6.25,4.25,3.25,3.75,4.25,3.45,0.7,18.062,4.25,0.5,3.4,0.375,0.9,0.1,1.0,0.5,0.2,0.1,0.05,0.04,0.03,grid_stat_20260727.stat,20260727_070000,,,,,,,,,,,,
STAT,V12.0.0,20260820_055425,INANWP,NA,000000,20260727_070000,000000,20260727_070000,20260726_190000,20260726_190000,NA,RAINNC,"(*,*)",hourlyPrecipRateGC,"(*,*)",mm,mm,gt0.1,gt0.1,NA,0.05,CTS,10000.0,,,,,,,,0.85,,,,,,,,,,,,,,,grid_stat_20260727.stat,20260727_070000,0.037,0.45,0.3745,0.15,0.2,0.4745,0.3,0.4,,,,
STAT,V12.0.0,20260820_055425,INANWP,NA,000000,20260727_070000,000000,20260727_070000,20260726_190000,20260726_190000,NA,RAINNC,"(*,*)",hourlyPrecipRateGC,"(*,*)",mm,mm,gt0.1,gt0.1,NA,0.05,CTC,10000.0,,,,,,,,,,,,,,,,,,,,,,,grid_stat_20260727.stat,20260727_070000,,,,,,,,,574.0,181.0,270.0,8937.0
STAT,V12.0.0,20260820_055425,INANWP,NA,000000,20260727_070000,000000,20260727_070000,20260726_190000,20260726_190000,NA,RAINNC,"(*,*)",hourlyPrecipRateGC,"(*,*)",mm,mm,gt1,gt1,NA,0.05,CNT,10000.0,0.075,6.25,4.25,3.25,3.75,4.25,3.45,0.7,18.062,4.25,0.5,3.4,0.375,0.9,0.1,1.0,0.5,0.2,0.1,0.05,0.04,0.03,grid_stat_20260727.stat,20260727_070000,,,,,,,,,,,,
STAT,V12.0.0,20260820_055425,INANWP,NA,000000,20260727_070000,000000,20260727_070000,20260726_190000,20260726_190000,NA,RAINNC,"(*,*)",hourlyPrecipRateGC,"(*,*)",mm,mm,gt1,gt1,NA,0.05,CTS,10000.0,,,,,,,,0.85,,,,,,,,,,,,,,,grid_stat_20260727.stat,20260727_070000,0.037,0.45,0.37,0.15,0.2,0.47,0.3,0.4,,,,
STAT,V12.0.0,20260820_055425,INANWP,NA,000000,20260727_070000,000000,20260727_070000,20260726_190000,20260726_190000,NA,RAINNC,"(*,*)",hourlyPrecipRateGC,"(*,*)",mm,mm,gt1,gt1,NA,0.05,CTC,10000.0,,,,,,,,,,,,,,,,,,,,,,,grid_stat_20260727.stat,20260727_070000,,,,,,,,,574.0,181.0,270.0,8937.0
STAT,V12.0.0,20260820_055425,INANWP,NA,000000,20260727_070000,000000,20260727_070000,20260726_190000,20260726_190000,NA,RAINNC,"(*,*)",hourlyPrecipRateGC,"(*,*)",mm,mm,gt5,gt5,NA,0.05,CNT,10000.0,0.075,6.25,4.25,3.25,3.75,4.25,3.45,0.7,18.062,4.25,0.5,3.4,0.375,0.9,0.1,1.0,0.5,0.2,0.1,0.05,0.04,0.03,grid_stat_20260727.stat,20260727_070000,,,,,,,,,,,,
STAT,V12.0.0,20260820_055425,INANWP,NA,000000,20260727_070000,000000,20260727_070000,20260726_190000,20260726_190000,NA,RAINNC,"(*,*)",hourlyPrecipRateGC,"(*,*)",mm,mm,gt5,gt5,NA,0.05,CTS,10000.0,,,,,,,,0.85,,,,,,,,,,,,,,,grid_stat_20260727.stat,20260727_070000,0.037,0.45,0.35,0.15,0.2,0.45,0.3,0.4,,,,
STAT,V12.0.0,20260820_055425,INANWP,NA,000000,20260727_070000,000000,20260727_070000,20260726_190000,20260726_190000,NA,RAINNC,"(*,*)",hourlyPrecipRateGC,"(*,*)",mm,mm,gt5,gt5,NA,0.05,CTC,10000.0,,,,,,,,,,,,,,,,,,,,,,,grid_stat_20260727.stat,20260727_070000,,,,,,,,,570.0,182.0,272.0,8935.0
STAT,V12.0.0,20260820_055425,INANWP,NA,000000,20260727_070000,000000,20260727_070000,20260726_190000,20260726_190000,NA,RAINNC,"(*,*)",hourlyPrecipRateGC,"(*,*)",mm,mm,gt10,gt10,NA,0.05,CNT,10000.0,0.075,6.25,4.25,3.25,3.75,4.25,3.45,0.7,18.062,4.25,0.5,3.4,0.375,0.9,0.1,1.0,0.5,0.2,0.1,0.05,0.04,0.03,grid_stat_20260727.stat,20260727_070000,,,,,,,,,,,,
STAT,V12.0.0,20260820_055425,INANWP,NA,000000,20260727_070000,000000,20260727_070000,20260726_190000,20260726_190000,NA,RAINNC,"(*,*)",hourlyPrecipRateGC,"(*,*)",mm,mm,gt10,gt10,NA,0.05,CTS,10000.0,,,,,,,,0.85,,,,,,,,,,,,,,,grid_stat_20260727.stat,20260727_070000,0.037,0.45,0.325,0.15,0.2,0.425,0.3,0.4,,,,
STAT,V12.0.0,20260820_055425,INANWP,NA,000000,20260727_070000,000000,20260727_070000,20260726_190000,20260726_190000,NA,RAINNC,"(*,*)",hourlyPrecipRateGC,"(*,*)",mm,mm,gt10,gt10,NA,0.05,CTC,10000.0,,,,,,,,,,,,,,,,,,,,,,,grid_stat_20260727.stat,20260727_070000,,,,,,,,,565.0,183.0,274.0,8932.0
STAT,V12.0.0,20260820_055425,INANWP,NA,000000,20260727_070000,000000,20260727_070000,20260726_190000,20260726_190000,NA,RAINNC,"(*,*)",hourlyPrecipRateGC,"(*,*)",mm,mm,gt20,gt20,NA,0.05,CNT,10000.0,0.075,6.25,4.25,3.25,3.75,4.25,3.45,0.7,18.062,4.25,0.5,3.4,0.375,0.9,0.1,1.0,0.5,0.2,0.1,0.05,0.04,0.03,grid_stat_20260727.stat,20260727_070000,,,,,,,,,,,,
STAT,V12.0.0,20260820_055425,INANWP,NA,000000,20260727_070000,000000,20260727_070000,20260726_190000,20260726_190000,NA,RAINNC,"(*,*)",hourlyPrecipRateGC,"(*,*)",mm,mm,gt20,gt20,NA,0.05,CTS,10000.0,,,,,,,,0.85,,,,,,,,,,,,,,,grid_stat_20260727.stat,20260727_070000,0.037,0.45,0.275,0.15,0.2,0.375,0.3,0.4,,,,
STAT,V12.0.0,20260820_055425,INANWP,NA,000000,20260727_070000,000000,20260727_070000,20260726_190000,20260726_190000,NA,RAINNC,"(*,*)",hourlyPrecipRateGC,"(*,*)",mm,mm,gt20,gt20,NA,0.05,CTC,10000.0,,,,,,,,,,,,,,,,,,,,,,,grid_stat_20260727.stat,20260727_070000,,,,,,,,,555.0,186.0,278.0,8927.0
STAT,V12.0.0,20260820_055425,INANWP,NA,000000,20260727_070000,000000,20260727_070000,20260726_190000,20260726_190000,NA,RAINNC,"(*,*)",hourlyPrecipRateGC,"(*,*)",mm,mm,gt50,gt50,NA,0.05,CNT,10000.0,0.075,6.25,4.25,3.25,3.75,4.25,3.45,0.7,18.062,4.25,0.5,3.4,0.375,0.9,0.1,1.0,0.5,0.2,0.1,0.05,0.04,0.03,grid_stat_20260727.stat,20260727_070000,,,,,,,,,,,,
STAT,V12.0.0,20260820_055425,INANWP,NA,000000,20260727_070000,000000,20260727_070000,20260726_190000,20260726_190000,NA,RAINNC,"(*,*)",hourlyPrecipRateGC,"(*,*)",mm,mm,gt50,gt50,NA,0.05,CTS,10000.0,,,,,,,,0.85,,,,,,,,,,,,,,,grid_stat_20260727.stat,20260727_070000,0.037,0.45,0.125,0.15,0.2,0.225,0.3,0.4,,,,
STAT,V12.0.0,20260820_055425,INANWP,NA,000000,20260727_070000,000000,20260727_070000,20260726_190000,20260726_190000,NA,RAINNC,"(*,*)",hourlyPrecipRateGC,"(*,*)",mm,mm,gt50,gt50,NA,0.05,CTC,10000.0,,,,,,,,,,,,,,,,,,,,,,,grid_stat_20260727.stat,20260727_070000,,,,,,,,,525.0,193.0,290.0,8912.0
STAT,V12.0.0,20260820_055425,INANWP,NA,000000,20260727_080000,000000,20260727_080000,20260726_200000,20260726_200000,NA,RAINNC,"(*,*)",hourlyPrecipRateGC,"(*,*)",mm,mm,gt0.1,gt0.1,NA,0.05,CNT,10000.0,0.08,6.143,4.143,3.143,3.643,4.143,3.343,0.7071,17.163,4.143,0.5,3.314,0.4,0.9,0.1,1.0,0.5,0.2,0.1,0.05,0.04,0.03,grid_stat_20260727.stat,20260727_080000,,,,,,,,,,,,
STAT,V12.0.0,20260820_055425,INANWP,NA,000000,20260727_080000,000000,20260727_080000,20260726_200000,20260726_200000,NA,RAINNC,"(*,*)",hourlyPrecipRateGC,"(*,*)",mm,mm,gt0.1,gt0.1,NA,0.05,CTS,10000.0,,,,,,,,0.85,,,,,,,,,,,,,,,grid_stat_20260727.stat,20260727_080000,0.04,0.45,0.3781,0.15,0.2,0.4781,0.3,0.4,,,,
STAT,V12.0.0,20260820_055425,INANWP,NA,000000,20260727_080000,000000,20260727_080000,20260726_200000,20260726_200000,NA,RAINNC,"(*,*)",hourlyPrecipRateGC,"(*,*)",mm,mm,gt0.1,gt0.1,NA,0.05,CTC,10000.0,,,,,,,,,,,,,,,,,,,,,,,grid_stat_20260727.stat,20260727_080000,,,,,,,,,575.0,181.0,269.0,8937.0
STAT,V12.0.0,20260820_055425,INANWP,NA,000000,20260727_080000,000000,20260727_080000,20260726_200000,20260726_200000,NA,RAINNC,"(*,*)",hourlyPrecipRateGC,"(*,*)",mm,mm,gt1,gt1,NA,0.05,CNT,10000.0,0.08,6.143,4.143,3.143,3.643,4.143,3.343,0.7071,17.163,4.143,0.5,3.314,0.4,0.9,0.1,1.0,0.5,0.2,0.1,0.05,0.04,0.03,grid_stat_20260727.stat,20260727_080000,,,,,,,,,,,,
STAT,V12.0.0,20260820_055425,INANWP,NA,000000,20260727_080000,000000,20260727_080000,20260726_200000,20260726_200000,NA,RAINNC,"(*,*)",hourlyPrecipRateGC,"(*,*)",mm,mm,gt1,gt1,NA,0.05,CTS,10000.0,,,,,,,,0.85,,,,,,,,,,,,,,,grid_stat_20260727.stat,20260727_080000,0.04,0.45,0.3736,0.15,0.2,0.4736,0.3,0.4,,,,
STAT,V12.0.0,20260820_055425,INANWP,NA,000000,20260727_080000,000000,20260727_080000,20260726_200000,20260726_200000,NA,RAINNC,"(*,*)",hourlyPrecipRateGC,"(*,*)",mm,mm,gt1,gt1,NA,0.05,CTC,10000.0,,,,,,,,,,,,,,,,,,,,,,,grid_stat_20260727.stat,20260727_080000,,,,,,,,,574.0,181.0,270.0,8937.0
STAT,V12.0.0,20260820_055425,INANWP,NA,000000,20260727_080000,000000,20260727_080000,20260726_200000,20260726_200000,NA,RAINNC,"(*,*)",hourlyPrecipRateGC,"(*,*)",mm,mm,gt5,gt5,NA,0.05,CNT,10000.0,0.08,6.143,4.143,3.143,3.643,4.143,3.343,0.7071,17.163,4.143,0.5,3.314,0.4,0.9,0.1,1.0,0.5,0.2,0.1,0.05,0.04,0.03,grid_stat_20260727.stat,20260727_080000,,,,,,,,,,,,
STAT,V12.0.0,20260820_055425,INANWP,NA,000000,20260727_080000,000000,20260727_080000,20260726_200000,20260726_200000,NA,RAINNC,"(*,*)",hourlyPrecipRateGC,"(*,*)",mm,mm,gt5,gt5,NA,0.05,CTS,10000.0,,,,,,,,0.85,,,,,,,,,,,,,,,grid_stat_20260727.stat,20260727_080000,0.04,0.45,0.3536,0.15,0.2,0.4536,0.3,0.4,,,,
STAT,V12.0.0,20260820_055425,INANWP,NA,000000,20260727_080000,000000,20260727_080000,20260726_200000,20260726_200000,NA,RAINNC,"(*,*)",hourlyPrecipRateGC,"(*,*)",mm,mm,gt5,gt5,NA,0.05,CTC,10000.0,,,,,,,,,,,,,,,,,,,,,,,grid_stat_20260727.stat,20260727_080000,,,,,,,,,570.0,182.0,271.0,8935.0
STAT,V12.0.0,20260820_055425,INANWP,NA,000000,20260727_080000,000000,20260727_080000,20260726_200000,20260726_200000,NA,RAINNC,"(*,*)",hourlyPrecipRateGC,"(*,*)",mm,mm,gt10,gt10,NA,0.05,CNT,10000.0,0.08,6.143,4.143,3.143,3.643,4.143,3.343,0.7071,17.163,4.143,0.5,3.314,0.4,0.9,0.1,1.0,0.5,0.2,0.1,0.05,0.04,0.03,grid_stat_20260727.stat,20260727_080000,,,,,,,,,,,,
STAT,V12.0.0,20260820_055425,INANWP,NA,000000,20260727_080000,000000,20260727_080000,20260726_200000,20260726_200000,NA,RAINNC,"(*,*)",hourlyPrecipRateGC,"(*,*)",mm,mm,gt10,gt10,NA,0.05,CTS,10000.0,,,,,,,,0.85,,,,,,,,,,,,,,,grid_stat_20260727.stat,20260727_080000,0.04,0.45,0.3286,0.15,0.2,0.4286,0.3,0.4,,,,
STAT,V12.0.0,20260820_055425,INANWP,NA,000000,20260727_080000,000000,20260727_080000,20260726_200000,20260726_200000,NA,RAINNC,"(*,*)",hourlyPrecipRateGC,"(*,*)",mm,mm,gt10,gt10,NA,0.05,CTC,10000.0,,,,,,,,,,,,,,,,,,,,,,,grid_stat_20260727.stat,20260727_080000,,,,,,,,,565.0,183.0,273.0,8932.0
STAT,V12.0.0,20260820_055425,INANWP,NA,000000,20260727_080000,000000,20260727_080000,20260726_200000,20260726_200000,NA,RAINNC,"(*,*)",hourlyPrecipRateGC,"(*,*)",mm,mm,gt20,gt20,NA,0.05,CNT,10000.0,0.08,6.143,4.143,3.143,3.643,4.143,3.343,0.7071,17.163,4.143,0.5,3.314,0.4,0.9,0.1,1.0,0.5,0.2,0.1,0.05,0.04,0.03,grid_stat_20260727.stat,20260727_080000,,,,,,,,,,,,
STAT,V12.0.0,20260820_055425,INANWP,NA,000000,20260727_080000,000000,20260727_080000,20260726_200000,20260726_200000,NA,RAINNC,"(*,*)",hourlyPrecipRateGC,"(*,*)",mm,mm,gt20,gt20,NA,0.05,CTS,10000.0,,,,,,,,0.85,,,,,,,,,,,,,,,grid_stat_20260727.stat,20260727_080000,0.04,0.45,0.2786,0.15,0.2,0.3786,0.3,0.4,,,,
STAT,V12.0.0,20260820_055425,INANWP,NA,000000,20260727_080000,000000,20260727_080000,20260726_200000,20260726_200000,NA,RAINNC,"(*,*)",hourlyPrecipRateGC,"(*,*)",mm,mm,gt20,gt20,NA,0.05,CTC,10000.0,,,,,,,,,,,,,,,,,,,,,,,grid_stat_20260727.stat,20260727_080000,,,,,,,,,555.0,186.0,277.0,8927.0
STAT,V12.0.0,20260820_055425,INANWP,NA,000000,20260727_080000,000000,20260727_080000,20260726_200000,20260726_200000,NA,RAINNC,"(*,*)",hourlyPrecipRateGC,"(*,*)",mm,mm,gt50,gt50,NA,0.05,CNT,10000.0,0.08,6.143,4.143,3.143,3.643,4.143,3.343,0.7071,17.163,4.143,0.5,3.314,0.4,0.9,0.1,1.0,0.5,0.2,0.1,0.05,0.04,0.03,grid_stat_20260727.stat,20260727_080000,,,,,,,,,,,,
STAT,V12.0.0,20260820_055425,INANWP,NA,000000,20260727_080000,000000,20260727_080000,20260726_200000,20260726_200000,NA,RAINNC,"(*,*)",hourlyPrecipRateGC,"(*,*)",mm,mm,gt50,gt50,NA,0.05,CTS,10000.0,,,,,,,,0.85,,,,,,,,,,,,,,,grid_stat_20260727.stat,20260727_080000,0.04,0.45,0.1286,0.15,0.2,0.2286,0.3,0.4,,,,
STAT,V12.0.0,20260820_055425,INANWP,NA,000000,20260727_080000,000000,20260727_080000,20260726_200000,20260726_200000,NA,RAINNC,"(*,*)",hourlyPrecipRateGC,"(*,*)",mm,mm,gt50,gt50,NA,0.05,CTC,10000.0,,,,,,,,,,,,,,,,,,,,,,,grid_stat_20260727.stat,20260727_080000,,,,,,,,,525.0,193.0,289.0,8912.0
STAT,V12.0.0,20260820_055425,INANWP,NA,000000,20260727_090000,000000,20260727_090000,20260726_210000,20260726_210000,NA,RAINNC,"(*,*)",hourlyPrecipRateGC,"(*,*)",mm,mm,gt0.1,gt0.1,NA,0.05,CNT,10000.0,0.085,6.036,4.036,3.036,3.536,4.036,3.236,0.7143,16.287,4.036,0.5,3.229,0.425,0.9,0.1,1.0,0.5,0.2,0.1,0.05,0.04,0.03,grid_stat_20260727.stat,20260727_090000,,,,,,,,,,,,
STAT,V12.0.0,20260820_055425,INANWP,NA,000000,20260727_090000,000000,20260727_090000,20260726_210000,20260726_210000,NA,RAINNC,"(*,*)",hourlyPrecipRateGC,"(*,*)",mm,mm,gt0.1,gt0.1,NA,0.05,CTS,10000.0,,,,,,,,0.85,,,,,,,,,,,,,,,grid_stat_20260727.stat,20260727_090000,0.042,0.45,0.3816,0.15,0.2,0.4816,0.3,0.4,,,,
STAT,V12.0.0,20260820_055425,INANWP,NA,000000,20260727_090000,000000,20260727_090000,20260726_210000,20260726_210000,NA,RAINNC,"(*,*)",hourlyPrecipRateGC,"(*,*)",mm,mm,gt0.1,gt0.1,NA,0.05,CTC,10000.0,,,,,,,,,,,,,,,,,,,,,,,grid_stat_20260727.stat,20260727_090000,,,,,,,,,576.0,180.0,269.0,8938.0
STAT,V12.0.0,20260820_055425,INANWP,NA,000000,20260727_090000,000000,20260727_090000,20260726_210000,20260726_210000,NA,RAINNC,"(*,*)",hourlyPrecipRateGC,"(*,*)",mm,mm,gt1,gt1,NA,0.05,CNT,10000.0,0.085,6.036,4.036,3.036,3.536,4.036,3.236,0.7143,16.287,4.036,0.5,3.229,0.425,0.9,0.1,1.0,0.5,0.2,0.1,0.05,0.04,0.03,grid_stat_20260727.stat,20260727_090000,,,,,,,,,,,,
STAT,V12.0.0,20260820_055425,INANWP,NA,000000,20260727_090000,000000,20260727_090000,20260726_210000,20260726_210000,NA,RAINNC,"(*,*)",hourlyPrecipRateGC,"(*,*)",mm,mm,gt1,gt1,NA,0.05,CTS,10000.0,,,,,,,,0.85,,,,,,,,,,,,,,,grid_stat_20260727.stat,20260727_090000,0.042,0.45,0.3771,0.15,0.2,0.4771,0.3,0.4,,,,
STAT,V12.0.0,20260820_055425,INANWP,NA,000000,20260727_090000,000000,20260727_090000,20260726_210000,20260726_210000,NA,RAINNC,"(*,*)",hourlyPrecipRateGC,"(*,*)",mm,mm,gt1,gt1,NA,0.05,CTC,10000.0,,,,,,,,,,,,,,,,,,,,,,,grid_stat_20260727.stat,20260727_090000,,,,,,,,,575.0,181.0,269.0,8937.0
STAT,V12.0.0,20260820_055425,INANWP,NA,000000,20260727_090000,000000,20260727_090000,20260726_210000,20260726_210000,NA,RAINNC,"(*,*)",hourlyPrecipRateGC,"(*,*)",mm,mm,gt5,gt5,NA,0.05,CNT,10000.0,0.085,6.036,4.036,3.036,3.536,4.036,3.236,0.7143,16.287,4.036,0.5,3.229,0.425,0.9,0.1,1.0,0.5,0.2,0.1,0.05,0.04,0.03,grid_stat_20260727.stat,20260727_090000,,,,,,,,,,,,
STAT,V12.0.0,20260820_055425,INANWP,NA,000000,20260727_090000,000000,20260727_090000,20260726_210000,20260726_210000,NA,RAINNC,"(*,*)",hourlyPrecipRateGC,"(*,*)",mm,mm,gt5,gt5,NA,0.05,CTS,10000.0,,,,,,,,0.85,,,,,,,,,,,,,,,grid_stat_20260727.stat,20260727_090000,0.042,0.45,0.3571,0.15,0.2,0.4571,0.3,0.4,,,,
STAT,V12.0.0,20260820_055425,INANWP,NA,000000,20260727_090000,000000,20260727_090000,20260726_210000,20260726_210000,NA,RAINNC,"(*,*)",hourlyPrecipRateGC,"(*,*)",mm,mm,gt5,gt5,NA,0.05,CTC,10000.0,,,,,,,,,,,,,,,,,,,,,,,grid_stat_20260727.stat,20260727_090000,,,,,,,,,571.0,182.0,271.0,8935.0
STAT,V12.0.0,20260820_055425,INANWP,NA,000000,20260727_090000,000000,20260727_090000,20260726_210000,20260726_210000,NA,RAINNC,"(*,*)",hourlyPrecipRateGC,"(*,*)",mm,mm,gt10,gt10,NA,0.05,CNT,10000.0,0.085,6.036,4.036,3.036,3.536,4.036,3.236,0.7143,16.287,4.036,0.5,3.229,0.425,0.9,0.1,1.0,0.5,0.2,0.1,0.05,0.04,0.03,grid_stat_20260727.stat,20260727_090000,,,,,,,,,,,,
STAT,V12.0.0,20260820_055425,INANWP,NA,000000,20260727_090000,000000,20260727_090000,20260726_210000,20260726_210000,NA,RAINNC,"(*,*)",hourlyPrecipRateGC,"(*,*)",mm,mm,gt10,gt10,NA,0.05,CTS,10000.0,,,,,,,,0.85,,,,,,,,,,,,,,,grid_stat_20260727.stat,20260727_090000,0.042,0.45,0.3321,0.15,0.2,0.4321,0.3,0.4,,,,
STAT,V12.0.0,20260820_055425,INANWP,NA,000000,20260727_090000,000000,20260727_090000,20260726_210000,20260726_210000,NA,RAINNC,"(*,*)",hourlyPrecipRateGC,"(*,*)",mm,mm,gt10,gt10,NA,0.05,CTC,10000.0,,,,,,,,,,,,,,,,,,,,,,,grid_stat_20260727.stat,20260727_090000,,,,,,,,,566.0,183.0,273.0,8933.0
STAT,V12.0.0,20260820_055425,INANWP,NA,000000,20260727_090000,000000,20260727_090000,20260726_210000,20260726_210000,NA,RAINNC,"(*,*)",hourlyPrecipRateGC,"(*,*)",mm,mm,gt20,gt20,NA,0.05,CNT,10000.0,0.085,6.036,4.036,3.036,3.536,4.036,3.236,0.7143,16.287,4.036,0.5,3.229,0.425,0.9,0.1,1.0,0.5,0.2,0.1,0.05,0.04,0.03,grid_stat_20260727.stat,20260727_090000,,,,,,,,,,,,
STAT,V12.0.0,20260820_055425,INANWP,NA,000000,20260727_090000,000000,20260727_090000,20260726_210000,20260726_210000,NA,RAINNC,"(*,*)",hourlyPrecipRateGC,"(*,*)",mm,mm,gt20,gt20,NA,0.05,CTS,10000.0,,,,,,,,0.85,,,,,,,,,,,,,,,grid_stat_20260727.stat,20260727_090000,0.042,0.45,0.2821,0.15,0.2,0.3821,0.3,0.4,,,,
STAT,V12.0.0,20260820_055425,INANWP,NA,000000,20260727_090000,000000,20260727_090000,20260726_210000,20260726_210000,NA,RAINNC,"(*,*)",hourlyPrecipRateGC,"(*,*)",mm,mm,gt20,gt20,NA,0.05,CTC,10000.0,,,,,,,,,,,,,,,,,,,,,,,grid_stat_20260727.stat,20260727_090000,,,,,,,,,556.0,185.0,277.0,8928.0
STAT,V12.0.0,20260820_055425,INANWP,NA,000000,20260727_090000,000000,20260727_090000,20260726_210000,20260726_210000,NA,RAINNC,"(*,*)",hourlyPrecipRateGC,"(*,*)",mm,mm,gt50,gt50,NA,0.05,CNT,10000.0,0.085,6.036,4.036,3.036,3.536,4.036,3.236,0.7143,16.287,4.036,0.5,3.229,0.425,0.9,0.1,1.0,0.5,0.2,0.1,0.05,0.04,0.03,grid_stat_20260727.stat,20260727_090000,,,,,,,,,,,,
STAT,V12.0.0,20260820_055425,INANWP,NA,000000,20260727_090000,000000,20260727_090000,20260726_210000,20260726_210000,NA,RAINNC,"(*,*)",hourlyPrecipRateGC,"(*,*)",mm,mm,gt50,gt50,NA,0.05,CTS,10000.0,,,,,,,,0.85,,,,,,,,,,,,,,,grid_stat_20260727.stat,20260727_090000,0.042,0.45,0.1321,0.15,0.2,0.2321,0.3,0.4,,,,
STAT,V12.0.0,20260820_055425,INANWP,NA,000000,20260727_090000,000000,20260727_090000,20260726_210000,20260726_210000,NA,RAINNC,"(*,*)",hourlyPrecipRateGC,"(*,*)",mm,mm,gt50,gt50,NA,0.05,CTC,10000.0,,,,,,,,,,,,,,,,,,,,,,,grid_stat_20260727.stat,20260727_090000,,,,,,,,,526.0,193.0,289.0,8913.0
STAT,V12.0.0,20260820_055425,INANWP,NA,000000,20260727_100000,000000,20260727_100000,20260726_220000,20260726_220000,NA,RAINNC,"(*,*)",hourlyPrecipRateGC,"(*,*)",mm,mm,gt0.1,gt0.1,NA,0.05,CNT,10000.0,0.09,5.929,3.929,2.929,3.429,3.929,3.129,0.7214,15.434,3.929,0.5,3.143,0.45,0.9,0.1,1.0,0.5,0.2,0.1,0.05,0.04,0.03,grid_stat_20260727.stat,20260727_100000,,,,,,,,,,,,
STAT,V12.0.0,20260820_055425,INANWP,NA,000000,20260727_100000,000000,20260727_100000,20260726_220000,20260726_220000,NA,RAINNC,"(*,*)",hourlyPrecipRateGC,"(*,*)",mm,mm,gt0.1,gt0.1,NA,0.05,CTS,10000.0,,,,,,,,0.85,,,,,,,,,,,,,,,grid_stat_20260727.stat,20260727_100000,0.045,0.45,0.3852,0.15,0.2,0.4852,0.3,0.4,,,,
STAT,V12.0.0,20260820_055425,INANWP,NA,000000,20260727_100000,000000,20260727_100000,20260726_220000,20260726_220000,NA,RAINNC,"(*,*)",hourlyPrecipRateGC,"(*,*)",mm,mm,gt0.1,gt0.1,NA,0.05,CTC,10000.0,,,,,,,,,,,,,,,,,,,,,,,grid_stat_20260727.stat,20260727_100000,,,,,,,,,577.0,180.0,269.0,8938.0
STAT,V12.0.0,20260820_055425,INANWP,NA,000000,20260727_100000,000000,20260727_100000,20260726_220000,20260726_220000,NA,RAINNC,"(*,*)",hourlyPrecipRateGC,"(*,*)",mm,mm,gt1,gt1,NA,0.05,CNT,10000.0,0.09,5.929,3.929,2.929,3.429,3.929,3.129,0.7214,15.434,3.929,0.5,3.143,0.45,0.9,0.1,1.0,0.5,0.2,0.1,0.05,0.04,0.03,grid_stat_20260727.stat,20260727_100000,,,,,,,,,,,,
STAT,V12.0.0,20260820_055425,INANWP,NA,000000,20260727_100000,000000,20260727_100000,20260726_220000,20260726_220000,NA,RAINNC,"(*,*)",hourlyPrecipRateGC,"(*,*)",mm,mm,gt1,gt1,NA,0.05,CTS,10000.0,,,,,,,,0.85,,,,,,,,,,,,,,,grid_stat_20260727.stat,20260727_100000,0.045,0.45,0.3807,0.15,0.2,0.4807,0.3,0.4,,,,
STAT,V12.0.0,20260820_055425,INANWP,NA,000000,20260727_100000,000000,20260727_100000,20260726_220000,20260726_220000,NA,RAINNC,"(*,*)",hourlyPrecipRateGC,"(*,*)",mm,mm,gt1,gt1,NA,0.05,CTC,10000.0,,,,,,,,,,,,,,,,,,,,,,,grid_stat_20260727.stat,20260727_100000,,,,,,,,,576.0,180.0,269.0,8938.0
STAT,V12.0.0,20260820_055425,INANWP,NA,000000,20260727_100000,000000,20260727_100000,20260726_220000,20260726_220000,NA,RAINNC,"(*,*)",hourlyPrecipRateGC,"(*,*)",mm,mm,gt5,gt5,NA,0.05,CNT,10000.0,0.09,5.929,3.929,2.929,3.429,3.929,3.129,0.7214,15.434,3.929,0.5,3.143,0.45,0.9,0.1,1.0,0.5,0.2,0.1,0.05,0.04,0.03,grid_stat_20260727.stat,20260727_100000,,,,,,,,,,,,
STAT,V12.0.0,20260820_055425,INANWP,NA,000000,20260727_100000,000000,20260727_100000,20260726_220000,20260726_220000,NA,RAINNC,"(*,*)",hourlyPrecipRateGC,"(*,*)",mm,mm,gt5,gt5,NA,0.05,CTS,10000.0,,,,,,,,0.85,,,,,,,,,,,,,,,grid_stat_20260727.stat,20260727_100000,0.045,0.45,0.3607,0.15,0.2,0.4607,0.3,0.4,,,,
STAT,V12.0.0,20260820_055425,INANWP,NA,000000,20260727_100000,000000,20260727_100000,20260726_220000,20260726_220000,NA,RAINNC,"(*,*)",hourlyPrecipRateGC,"(*,*)",mm,mm,gt5,gt5,NA,0.05,CTC,10000.0,,,,,,,,,,,,,,,,,,,,,,,grid_stat_20260727.stat,20260727_100000,,,,,,,,,572.0,181.0,271.0,8936.0
STAT,V12.0.0,20260820_055425,INANWP,NA,000000,20260727_100000,000000,20260727_100000,20260726_220000,20260726_220000,NA,RAINNC,"(*,*)",hourlyPrecipRateGC,"(*,*)",mm,mm,gt10,gt10,NA,0.05,CNT,10000.0,0.09,5.929,3.929,2.929,3.429,3.929,3.129,0.7214,15.434,3.929,0.5,3.143,0.45,0.9,0.1,1.0,0.5,0.2,0.1,0.05,0.04,0.03,grid_stat_20260727.stat,20260727_100000,,,,,,,,,,,,
STAT,V12.0.0,20260820_055425,INANWP,NA,000000,20260727_100000,000000,20260727_100000,20260726_220000,20260726_220000,NA,RAINNC,"(*,*)",hourlyPrecipRateGC,"(*,*)",mm,mm,gt10,gt10,NA,0.05,CTS,10000.0,,,,,,,,0.85,,,,,,,,,,,,,,,grid_stat_20260727.stat,20260727_100000,0.045,0.45,0.3357,0.15,0.2,0.4357,0.3,0.4,,,,
STAT,V12.0.0,20260820_055425,INANWP,NA,000000,20260727_100000,000000,20260727_100000,20260726_220000,20260726_220000,NA,RAINNC,"(*,*)",hourlyPrecipRateGC,"(*,*)",mm,mm,gt10,gt10,NA,0.05,CTC,10000.0,,,,,,,,,,,,,,,,,,,,,,,grid_stat_20260727.stat,20260727_100000,,,,,,,,,567.0,183.0,273.0,8933.0
STAT,V12.0.0,20260820_055425,INANWP,NA,000000,20260727_100000,000000,20260727_100000,20260726_220000,20260726_220000,NA,RAINNC,"(*,*)",hourlyPrecipRateGC,"(*,*)",mm,mm,gt20,gt20,NA,0.05,CNT,10000.0,0.09,5.929,3.929,2.929,3.429,3.929,3.129,0.7214,15.434,3.929,0.5,3.143,0.45,0.9,0.1,1.0,0.5,0.2,0.1,0.05,0.04,0.03,grid_stat_20260727.stat,20260727_100000,,,,,,,,,,,,
STAT,V12.0.0,20260820_055425,INANWP,NA,000000,20260727_100000,000000,20260727_100000,20260726_220000,20260726_220000,NA,RAINNC,"(*,*)",hourlyPrecipRateGC,"(*,*)",mm,mm,gt20,gt20,NA,0.05,CTS,10000.0,,,,,,,,0.85,,,,,,,,,,,,,,,grid_stat_20260727.stat,20260727_100000,0.045,0.45,0.2857,0.15,0.2,0.3857,0.3,0.4,,,,
STAT,V12.0.0,20260820_055425,INANWP,NA,000000,20260727_100000,000000,20260727_100000,20260726_220000,20260726_220000,NA,RAINNC,"(*,*)",hourlyPrecipRateGC,"(*,*)",mm,mm,gt20,gt20,NA,0.05,CTC,10000.0,,,,,,,,,,,,,,,,,,,,,,,grid_stat_20260727.stat,20260727_100000,,,,,,,,,557.0,185.0,277.0,8928.0
STAT,V12.0.0,20260820_055425,INANWP,NA,000000,20260727_100000,000000,20260727_100000,20260726_220000,20260726_220000,NA,RAINNC,"(*,*)",hourlyPrecipRateGC,"(*,*)",mm,mm,gt50,gt50,NA,0.05,CNT,10000.0,0.09,5.929,3.929,2.929,3.429,3.929,3.129,0.7214,15.434,3.929,0.5,3.143,0.45,0.9,0.1,1.0,0.5,0.2,0.1,0.05,0.04,0.03,grid_stat_20260727.stat,20260727_100000,,,,,,,,,,,,
STAT,V12.0.0,20260820_055425,INANWP,NA,000000,20260727_100000,000000,20260727_100000,20260726_220000,20260726_220000,NA,RAINNC,"(*,*)",hourlyPrecipRateGC,"(*,*)",mm,mm,gt50,gt50,NA,0.05,CTS,10000.0,,,,,,,,0.85,,,,,,,,,,,,,,,grid_stat_20260727.stat,20260727_100000,0.045,0.45,0.1357,0.15,0.2,0.2357,0.3,0.4,,,,
STAT,V12.0.0,20260820_055425,INANWP,NA,000000,20260727_100000,000000,20260727_100000,20260726_220000,20260726_220000,NA,RAINNC,"(*,*)",hourlyPrecipRateGC,"(*,*)",mm,mm,gt50,gt50,NA,0.05,CTC,10000.0,,,,,,,,,,,,,,,,,,,,,,,grid_stat_20260727.stat,20260727_100000,,,,,,,,,527.0,193.0,289.0,8913.0
STAT,V12.0.0,20260820_055425,INANWP,NA,000000,20260727_110000,000000,20260727_110000,20260726_230000,20260726_230000,NA,RAINNC,"(*,*)",hourlyPrecipRateGC,"(*,*)",mm,mm,gt0.1,gt0.1,NA,0.05,CNT,10000.0,0.095,5.821,3.821,2.821,3.321,3.821,3.021,0.7286,14.603,3.821,0.5,3.057,0.475,0.9,0.1,1.0,0.5,0.2,0.1,0.05,0.04,0.03,grid_stat_20260727.stat,20260727_110000,,,,,,,,,,,,
STAT,V12.0.0,20260820_055425,INANWP,NA,000000,20260727_110000,000000,20260727_110000,20260726_230000,20260726_230000,NA,RAINNC,"(*,*)",hourlyPrecipRateGC,"(*,*)",mm,mm,gt0.1,gt0.1,NA,0.05,CTS,10000.0,,,,,,,,0.85,,,,,,,,,,,,,,,grid_stat_20260727.stat,20260727_110000,0.048,0.45,0.3888,0.15,0.2,0.4888,0.3,0.4,,,,
STAT,V12.0.0,20260820_055425,INANWP,NA,000000,20260727_110000,000000,20260727_110000,20260726_230000,20260726_230000,NA,RAINNC,"(*,*)",hourlyPrecipRateGC,"(*,*)",mm,mm,gt0.1,gt0.1,NA,0.05,CTC,10000.0,,,,,,,,,,,,,,,,,,,,,,,grid_stat_20260727.stat,20260727_110000,,,,,,,,,577.0,180.0,268.0,8938.0
STAT,V12.0.0,20260820_055425,INANWP,NA,000000,20260727_110000,000000,20260727_110000,20260726_230000,20260726_230000,NA,RAINNC,"(*,*)",hourlyPrecipRateGC,"(*,*)",mm,mm,gt1,gt1,NA,0.05,CNT,10000.0,0.095,5.821,3.821,2.821,3.321,3.821,3.021,0.7286,14.603,3.821,0.5,3.057,0.475,0.9,0.1,1.0,0.5,0.2,0.1,0.05,0.04,0.03,grid_stat_20260727.stat,20260727_110000,,,,,,,,,,,,
STAT,V12.0.0,20260820_055425,INANWP,NA,000000,20260727_110000,000000,20260727_110000,20260726_230000,20260726_230000,NA,RAINNC,"(*,*)",hourlyPrecipRateGC,"(*,*)",mm,mm,gt1,gt1,NA,0.05,CTS,10000.0,,,,,,,,0.85,,,,,,,,,,,,,,,grid_stat_20260727.stat,20260727_110000,0.048,0.45,0.3843,0.15,0.2,0.4843,0.3,0.4,,,,
STAT,V12.0.0,20260820_055425,INANWP,NA,000000,20260727_110000,000000,20260727_110000,20260726_230000,20260726_230000,NA,RAINNC,"(*,*)",hourlyPrecipRateGC,"(*,*)",mm,mm,gt1,gt1,NA,0.05,CTC,10000.0,,,,,,,,,,,,,,,,,,,,,,,grid_stat_20260727.stat,20260727_110000,,,,,,,,,576.0,180.0,269.0,8938.0
STAT,V12.0.0,20260820_055425,INANWP,NA,000000,20260727_110000,000000,20260727_110000,20260726_230000,20260726_230000,NA,RAINNC,"(*,*)",hourlyPrecipRateGC,"(*,*)",mm,mm,gt5,gt5,NA,0.05,CNT,10000.0,0.095,5.821,3.821,2.821,3.321,3.821,3.021,0.7286,14.603,3.821,0.5,3.057,0.475,0.9,0.1,1.0,0.5,0.2,0.1,0.05,0.04,0.03,grid_stat_20260727.stat,20260727_110000,,,,,,,,,,,,
STAT,V12.0.0,20260820_055425,INANWP,NA,000000,20260727_110000,000000,20260727_110000,20260726_230000,20260726_230000,NA,RAINNC,"(*,*)",hourlyPrecipRateGC,"(*,*)",mm,mm,gt5,gt5,NA,0.05,CTS,10000.0,,,,,,,,0.85,,,,,,,,,,,,,,,grid_stat_20260727.stat,20260727_110000,0.048,0.45,0.3643,0.15,0.2,0.4643,0.3,0.4,,,,
STAT,V12.0.0,20260820_055425,INANWP,NA,000000,20260727_110000,000000,20260727_110000,20260726_230000,20260726_230000,NA,RAINNC,"(*,*)",hourlyPrecipRateGC,"(*,*)",mm,mm,gt5,gt5,NA,0.05,CTC,10000.0,,,,,,,,,,,,,,,,,,,,,,,grid_stat_20260727.stat,20260727_110000,,,,,,,,,572.0,181.0,270.0,8936.0
STAT,V12.0.0,20260820_055425,INANWP,NA,000000,20260727_110000,000000,20260727_110000,20260726_230000,20260726_230000,NA,RAINNC,"(*,*)",hourlyPrecipRateGC,"(*,*)",mm,mm,gt10,gt10,NA,0.05,CNT,10000.0,0.095,5.821,3.821,2.821,3.321,3.821,3.021,0.7286,14.603,3.821,0.5,3.057,0.475,0.9,0.1,1.0,0.5,0.2,0.1,0.05,0.04,0.03,grid_stat_20260727.stat,20260727_110000,,,,,,,,,,,,
STAT,V12.0.0,20260820_055425,INANWP,NA,000000,20260727_110000,000000,20260727_110000,20260726_230000,20260726_230000,NA,RAINNC,"(*,*)",hourlyPrecipRateGC,"(*,*)",mm,mm,gt10,gt10,NA,0.05,CTS,10000.0,,,,,,,,0.85,,,,,,,,,,,,,,,grid_stat_20260727.stat,20260727_110000,0.048,0.45,0.3393,0.15,0.2,0.4393,0.3,0.4,,,,
STAT,V12.0.0,20260820_055425,INANWP,NA,000000,20260727_110000,000000,20260727_110000,20260726_230000,20260726_230000,NA,RAINNC,"(*,*)",hourlyPrecipRateGC,"(*,*)",mm,mm,gt10,gt10,NA,0.05,CTC,10000.0,,,,,,,,,,,,,,,,,,,,,,,grid_stat_20260727.stat,20260727_110000,,,,,,,,,567.0,183.0,272.0,8933.0
STAT,V12.0.0,20260820_055425,INANWP,NA,000000,20260727_110000,000000,20260727_110000,20260726_230000,20260726_230000,NA,RAINNC,"(*,*)",hourlyPrecipRateGC,"(*,*)",mm,mm,gt20,gt20,NA,0.05,CNT,10000.0,0.095,5.821,3.821,2.821,3.321,3.821,3.021,0.7286,14.603,3.821,0.5,3.057,0.475,0.9,0.1,1.0,0.5,0.2,0.1,0.05,0.04,0.03,grid_stat_20260727.stat,20260727_110000,,,,,,,,,,,,
STAT,V12.0.0,20260820_055425,INANWP,NA,000000,20260727_110000,000000,20260727_110000,20260726_230000,20260726_230000,NA,RAINNC,"(*,*)",hourlyPrecipRateGC,"(*,*)",mm,mm,gt20,gt20,NA,0.05,CTS,10000.0,,,,,,,,0.85,,,,,,,,,,,,,,,grid_stat_20260727.stat,20260727_110000,0.048,0.45,0.2893,0.15,0.2,0.3893,0.3,0.4,,,,
STAT,V12.0.0,20260820_055425,INANWP,NA,000000,20260727_110000,000000,20260727_110000,20260726_230000,20260726_230000,NA,RAINNC,"(*,*)",hourlyPrecipRateGC,"(*,*)",mm,mm,gt20,gt20,NA,0.05,CTC,10000.0,,,,,,,,,,,,,,,,,,,,,,,grid_stat_20260727.stat,20260727_110000,,,,,,,,,557.0,185.0,276.0,8928.0
STAT,V12.0.0,20260820_055425,INANWP,NA,000000,20260727_110000,000000,20260727_110000,20260726_230000,20260726_230000,NA,RAINNC,"(*,*)",hourlyPrecipRateGC,"(*,*)",mm,mm,gt50,gt50,NA,0.05,CNT,10000.0,0.095,5.821,3.821,2.821,3.321,3.821,3.021,0.7286,14.603,3.821,0.5,3.057,0.475,0.9,0.1,1.0,0.5,0.2,0.1,0.05,0.04,0.03,grid_stat_20260727.stat,20260727_110000,,,,,,,,,,,,
STAT,V12.0.0,20260820_055425,INANWP,NA,000000,20260727_110000,000000,20260727_110000,20260726_230000,20260726_230000,NA,RAINNC,"(*,*)",hourlyPrecipRateGC,"(*,*)",mm,mm,gt50,gt50,NA,0.05,CTS,10000.0,,,,,,,,0.85,,,,,,,,,,,,,,,grid_stat_20260727.stat,20260727_110000,0.048,0.45,0.1393,0.15,0.2,0.2393,0.3,0.4,,,,
STAT,V12.0.0,20260820_055425,INANWP,NA,000000,20260727_110000,000000,20260727_110000,20260726_230000,20260726_230000,NA,RAINNC,"(*,*)",hourlyPrecipRateGC,"(*,*)",mm,mm,gt50,gt50,NA,0.05,CTC,10000.0,,,,,,,,,,,,,,,,,,,,,,,grid_stat_20260727.stat,20260727_110000,,,,,,,,,527.0,193.0,288.0,8913.0
STAT,V12.0.0,20260820_055425,INANWP,NA,000000,20260727_120000,000000,20260727_120000,20260727_000000,20260727_000000,NA,RAINNC,"(*,*)",hourlyPrecipRateGC,"(*,*)",mm,mm,gt0.1,gt0.1,NA,0.05,CNT,10000.0,0.1,5.714,3.714,2.714,3.214,3.714,2.914,0.7357,13.796,3.714,0.5,2.971,0.5,0.9,0.1,1.0,0.5,0.2,0.1,0.05,0.04,0.03,grid_stat_20260727.stat,20260727_120000,,,,,,,,,,,,
STAT,V12.0.0,20260820_055425,INANWP,NA,000000,20260727_120000,000000,20260727_120000,20260727_000000,20260727_000000,NA,RAINNC,"(*,*)",hourlyPrecipRateGC,"(*,*)",mm,mm,gt0.1,gt0.1,NA,0.05,CTS,10000.0,,,,,,,,0.85,,,,,,,,,,,,,,,grid_stat_20260727.stat,20260727_120000,0.05,0.45,0.3924,0.15,0.2,0.4924,0.3,0.4,,,,
STAT,V12.0.0,20260820_055425,INANWP,NA,000000,20260727_120000,000000,20260727_120000,20260727_000000,20260727_000000,NA,RAINNC,"(*,*)",hourlyPrecipRateGC,"(*,*)",mm,mm,gt0.1,gt0.1,NA,0.05,CTC,10000.0,,,,,,,,,,,,,,,,,,,,,,,grid_stat_20260727.stat,20260727_120000,,,,,,,,,578.0,180.0,268.0,8939.0
STAT,V12.0.0,20260820_055425,INANWP,NA,000000,20260727_120000,000000,20260727_120000,20260727_000000,20260727_000000,NA,RAINNC,"(*,*)",hourlyPrecipRateGC,"(*,*)",mm,mm,gt1,gt1,NA,0.05,CNT,10000.0,0.1,5.714,3.714,2.714,3.214,3.714,2.914,0.7357,13.796,3.714,0.5,2.971,0.5,0.9,0.1,1.0,0.5,0.2,0.1,0.05,0.04,0.03,grid_stat_20260727.stat,20260727_120000,,,,,,,,,,,,
STAT,V12.0.0,20260820_055425,INANWP,NA,000000,20260727_120000,000000,20260727_120000,20260727_000000,20260727_000000,NA,RAINNC,"(*,*)",hourlyPrecipRateGC,"(*,*)",mm,mm,gt1,gt1,NA,0.05,CTS,10000.0,,,,,,,,0.85,,,,,,,,,,,,,,,grid_stat_20260727.stat,20260727_120000,0.05,0.45,0.3879,0.15,0.2,0.4879,0.3,0.4,,,,
STAT,V12.0.0,20260820_055425,INANWP,NA,000000,20260727_120000,000000,20260727_120000,20260727_000000,20260727_000000,NA,RAINNC,"(*,*)",hourlyPrecipRateGC,"(*,*)",mm,mm,gt1,gt1,NA,0.05,CTC,10000.0,,,,,,,,,,,,,,,,,,,,,,,grid_stat_20260727.stat,20260727_120000,,,,,,,,,577.0,180.0,268.0,8938.0
STAT,V12.0.0,20260820_055425,INANWP,NA,000000,20260727_120000,000000,20260727_120000,20260727_000000,20260727_000000,NA,RAINNC,"(*,*)",hourlyPrecipRateGC,"(*,*)",mm,mm,gt5,gt5,NA,0.05,CNT,10000.0,0.1,5.714,3.714,2.714,3.214,3.714,2.914,0.7357,13.796,3.714,0.5,2.971,0.5,0.9,0.1,1.0,0.5,0.2,0.1,0.05,0.04,0.03,grid_stat_20260727.stat,20260727_120000,,,,,,,,,,,,
STAT,V12.0.0,20260820_055425,INANWP,NA,000000,20260727_120000,000000,20260727_120000,20260727_000000,20260727_000000,NA,RAINNC,"(*,*)",hourlyPrecipRateGC,"(*,*)",mm,mm,gt5,gt5,NA,0.05,CTS,10000.0,,,,,,,,0.85,,,,,,,,,,,,,,,grid_stat_20260727.stat,20260727_120000,0.05,0.45,0.3679,0.15,0.2,0.4679,0.3,0.4,,,,
STAT,V12.0.0,20260820_055425,INANWP,NA,000000,20260727_120000,000000,20260727_120000,20260727_000000,20260727_000000,NA,RAINNC,"(*,*)",hourlyPrecipRateGC,"(*,*)",mm,mm,gt5,gt5,NA,0.05,CTC,10000.0,,,,,,,,,,,,,,,,,,,,,,,grid_stat_20260727.stat,20260727_120000,,,,,,,,,573.0,181.0,270.0,8936.0
STAT,V12.0.0,20260820_055425,INANWP,NA,000000,20260727_120000,000000,20260727_120000,20260727_000000,20260727_000000,NA,RAINNC,"(*,*)",hourlyPrecipRateGC,"(*,*)",mm,mm,gt10,gt10,NA,0.05,CNT,10000.0,0.1,5.714,3.714,2.714,3.214,3.714,2.914,0.7357,13.796,3.714,0.5,2.971,0.5,0.9,0.1,1.0,0.5,0.2,0.1,0.05,0.04,0.03,grid_stat_20260727.stat,20260727_120000,,,,,,,,,,,,
STAT,V12.0.0,20260820_055425,INANWP,NA,000000,20260727_120000,000000,20260727_120000,20260727_000000,20260727_000000,NA,RAINNC,"(*,*)",hourlyPrecipRateGC,"(*,*)",mm,mm,gt10,gt10,NA,0.05,CTS,10000.0,,,,,,,,0.85,,,,,,,,,,,,,,,grid_stat_20260727.stat,20260727_120000,0.05,0.45,0.3429,0.15,0.2,0.4429,0.3,0.4,,,,
STAT,V12.0.0,20260820_055425,INANWP,NA,000000,20260727_120000,000000,20260727_120000,20260727_000000,20260727_000000,NA,RAINNC,"(*,*)",hourlyPrecipRateGC,"(*,*)",mm,mm,gt10,gt10,NA,0.05,CTC,10000.0,,,,,,,,,,,,,,,,,,,,,,,grid_stat_20260727.stat,20260727_120000,,,,,,,,,568.0,182.0,272.0,8934.0
STAT,V12.0.0,20260820_055425,INANWP,NA,000000,20260727_120000,000000,20260727_120000,20260727_000000,20260727_000000,NA,RAINNC,"(*,*)",hourlyPrecipRateGC,"(*,*)",mm,mm,gt20,gt20,NA,0.05,CNT,10000.0,0.1,5.714,3.714,2.714,3.214,3.714,2.914,0.7357,13.796,3.714,0.5,2.971,0.5,0.9,0.1,1.0,0.5,0.2,0.1,0.05,0.04,0.03,grid_stat_20260727.stat,20260727_120000,,,,,,,,,,,,
STAT,V12.0.0,20260820_055425,INANWP,NA,000000,20260727_120000,000000,20260727_120000,20260727_000000,20260727_000000,NA,RAINNC,"(*,*)",hourlyPrecipRateGC,"(*,*)",mm,mm,gt20,gt20,NA,0.05,CTS,10000.0,,,,,,,,0.85,,,,,,,,,,,,,,,grid_stat_20260727.stat,20260727_120000,0.05,0.45,0.2929,0.15,0.2,0.3929,0.3,0.4,,,,
STAT,V12.0.0,20260820_055425,INANWP,NA,000000,20260727_120000,000000,20260727_120000,20260727_000000,20260727_000000,NA,RAINNC,"(*,*)",hourlyPrecipRateGC,"(*,*)",mm,mm,gt20,gt20,NA,0.05,CTC,10000.0,,,,,,,,,,,,,,,,,,,,,,,grid_stat_20260727.stat,20260727_120000,,,,,,,,,558.0,185.0,276.0,8929.0
STAT,V12.0.0,20260820_055425,INANWP,NA,000000,20260727_120000,000000,20260727_120000,20260727_000000,20260727_000000,NA,RAINNC,"(*,*)",hourlyPrecipRateGC,"(*,*)",mm,mm,gt50,gt50,NA,0.05,CNT,10000.0,0.1,5.714,3.714,2.714,3.214,3.714,2.914,0.7357,13.796,3.714,0.5,2.971,0.5,0.9,0.1,1.0,0.5,0.2,0.1,0.05,0.04,0.03,grid_stat_20260727.stat,20260727_120000,,,,,,,,,,,,
STAT,V12.0.0,20260820_055425,INANWP,NA,000000,20260727_120000,000000,20260727_120000,20260727_000000,20260727_000000,NA,RAINNC,"(*,*)",hourlyPrecipRateGC,"(*,*)",mm,mm,gt50,gt50,NA,0.05,CTS,10000.0,,,,,,,,0.85,,,,,,,,,,,,,,,grid_stat_20260727.stat,20260727_120000,0.05,0.45,0.1429,0.15,0.2,0.2429,0.3,0.4,,,,
STAT,V12.0.0,20260820_055425,INANWP,NA,000000,20260727_120000,000000,20260727_120000,20260727_000000,20260727_000000,NA,RAINNC,"(*,*)",hourlyPrecipRateGC,"(*,*)",mm,mm,gt50,gt50,NA,0.05,CTC,10000.0,,,,,,,,,,,,,,,,,,,,,,,grid_stat_20260727.stat,20260727_120000,,,,,,,,,528.0,192.0,288.0,8914.0
STAT,V12.0.0,20260820_055425,INANWP,NA,000000,20260727_130000,000000,20260727_130000,20260727_010000,20260727_010000,NA,RAINNC,"(*,*)",hourlyPrecipRateGC,"(*,*)",mm,mm,gt0.1,gt0.1,NA,0.05,CNT,10000.0,0.105,5.607,3.607,2.607,3.107,3.607,2.807,0.7429,13.011,3.607,0.5,2.886,0.525,0.9,0.1,1.0,0.5,0.2,0.1,0.05,0.04,0.03,grid_stat_20260727.stat,20260727_130000,,,,,,,,,,,,
STAT,V12.0.0,20260820_055425,INANWP,NA,000000,20260727_130000,000000,20260727_130000,20260727_010000,20260727_010000,NA,RAINNC,"(*,*)",hourlyPrecipRateGC,"(*,*)",mm,mm,gt0.1,gt0.1,NA,0.05,CTS,10000.0,,,,,,,,0.85,,,,,,,,,,,,,,,grid_stat_20260727.stat,20260727_130000,0.053,0.45,0.3959,0.15,0.2,0.4959,0.3,0.4,,,,
STAT,V12.0.0,20260820_055425,INANWP,NA,000000,20260727_130000,000000,20260727_130000,20260727_010000,20260727_010000,NA,RAINNC,"(*,*)",hourlyPrecipRateGC,"(*,*)",mm,mm,gt0.1,gt0.1,NA,0.05,CTC,10000.0,,,,,,,,,,,,,,,,,,,,,,,grid_stat_20260727.stat,20260727_130000,,,,,,,,,579.0,180.0,268.0,8939.0
STAT,V12.0.0,20260820_055425,INANWP,NA,000000,20260727_130000,000000,20260727_130000,20260727_010000,20260727_010000,NA,RAINNC,"(*,*)",hourlyPrecipRateGC,"(*,*)",mm,mm,gt1,gt1,NA,0.05,CNT,10000.0,0.105,5.607,3.607,2.607,3.107,3.607,2.807,0.7429,13.011,3.607,0.5,2.886,0.525,0.9,0.1,1.0,0.5,0.2,0.1,0.05,0.04,0.03,grid_stat_20260727.stat,20260727_130000,,,,,,,,,,,,
STAT,V12.0.0,20260820_055425,INANWP,NA,000000,20260727_130000,000000,20260727_130000,20260727_010000,20260727_010000,NA,RAINNC,"(*,*)",hourlyPrecipRateGC,"(*,*)",mm,mm,gt1,gt1,NA,0.05,CTS,10000.0,,,,,,,,0.85,,,,,,,,,,,,,,,grid_stat_20260727.stat,20260727_130000,0.053,0.45,0.3914,0.15,0.2,0.4914,0.3,0.4,,,,
STAT,V12.0.0,20260820_055425,INANWP,NA,000000,20260727_130000,000000,20260727_130000,20260727_010000,20260727_010000,NA,RAINNC,"(*,*)",hourlyPrecipRateGC,"(*,*)",mm,mm,gt1,gt1,NA,0.05,CTC,10000.0,,,,,,,,,,,,,,,,,,,,,,,grid_stat_20260727.stat,20260727_130000,,,,,,,,,578.0,180.0,268.0,8939.0
STAT,V12.0.0,20260820_055425,INANWP,NA,000000,20260727_130000,000000,20260727_130000,20260727_010000,20260727_010000,NA,RAINNC,"(*,*)",hourlyPrecipRateGC,"(*,*)",mm,mm,gt5,gt5,NA,0.05,CNT,10000.0,0.105,5.607,3.607,2.607,3.107,3.607,2.807,0.7429,13.011,3.607,0.5,2.886,0.525,0.9,0.1,1.0,0.5,0.2,0.1,0.05,0.04,0.03,grid_stat_20260727.stat,20260727_130000,,,,,,,,,,,,
STAT,V12.0.0,20260820_055425,INANWP,NA,000000,20260727_130000,000000,20260727_130000,20260727_010000,20260727_010000,NA,RAINNC,"(*,*)",hourlyPrecipRateGC,"(*,*)",mm,mm,gt5,gt5,NA,0.05,CTS,10000.0,,,,,,,,0.85,,,,,,,,,,,,,,,grid_stat_20260727.stat,20260727_130000,0.053,0.45,0.3714,0.15,0.2,0.4714,0.3,0.4,,,,
STAT,V12.0.0,20260820_055425,INANWP,NA,000000,20260727_130000,000000,20260727_130000,20260727_010000,20260727_010000,NA,RAINNC,"(*,*)",hourlyPrecipRateGC,"(*,*)",mm,mm,gt5,gt5,NA,0.05,CTC,10000.0,,,,,,,,,,,,,,,,,,,,,,,grid_stat_20260727.stat,20260727_130000,,,,,,,,,574.0,181.0,270.0,8937.0
STAT,V12.0.0,20260820_055425,INANWP,NA,000000,20260727_130000,000000,20260727_130000,20260727_010000,20260727_010000,NA,RAINNC,"(*,*)",hourlyPrecipRateGC,"(*,*)",mm,mm,gt10,gt10,NA,0.05,CNT,10000.0,0.105,5.607,3.607,2.607,3.107,3.607,2.807,0.7429,13.011,3.607,0.5,2.886,0.525,0.9,0.1,1.0,0.5,0.2,0.1,0.05,0.04,0.03,grid_stat_20260727.stat,20260727_130000,,,,,,,,,,,,
STAT,V12.0.0,20260820_055425,INANWP,NA,000000,20260727_130000,000000,20260727_130000,20260727_010000,20260727_010000,NA,RAINNC,"(*,*)",hourlyPrecipRateGC,"(*,*)",mm,mm,gt10,gt10,NA,0.05,CTS,10000.0,,,,,,,,0.85,,,,,,,,,,,,,,,grid_stat_20260727.stat,20260727_130000,0.053,0.45,0.3464,0.15,0.2,0.4464,0.3,0.4,,,,
STAT,V12.0.0,20260820_055425,INANWP,NA,000000,20260727_130000,000000,20260727_130000,20260727_010000,20260727_010000,NA,RAINNC,"(*,*)",hourlyPrecipRateGC,"(*,*)",mm,mm,gt10,gt10,NA,0.05,CTC,10000.0,,,,,,,,,,,,,,,,,,,,,,,grid_stat_20260727.stat,20260727_130000,,,,,,,,,569.0,182.0,272.0,8934.0
STAT,V12.0.0,20260820_055425,INANWP,NA,000000,20260727_130000,000000,20260727_130000,20260727_010000,20260727_010000,NA,RAINNC,"(*,*)",hourlyPrecipRateGC,"(*,*)",mm,mm,gt20,gt20,NA,0.05,CNT,10000.0,0.105,5.607,3.607,2.607,3.107,3.607,2.807,0.7429,13.011,3.607,0.5,2.886,0.525,0.9,0.1,1.0,0.5,0.2,0.1,0.05,0.04,0.03,grid_stat_20260727.stat,20260727_130000,,,,,,,,,,,,
STAT,V12.0.0,20260820_055425,INANWP,NA,000000,20260727_130000,000000,20260727_130000,20260727_010000,20260727_010000,NA,RAINNC,"(*,*)",hourlyPrecipRateGC,"(*,*)",mm,mm,gt20,gt20,NA,0.05,CTS,10000.0,,,,,,,,0.85,,,,,,,,,,,,,,,grid_stat_20260727.stat,20260727_130000,0.053,0.45,0.2964,0.15,0.2,0.3964,0.3,0.4,,,,
STAT,V12.0.0,20260820_055425,INANWP,NA,000000,20260727_130000,000000,20260727_130000,20260727_010000,20260727_010000,NA,RAINNC,"(*,*)",hourlyPrecipRateGC,"(*,*)",mm,mm,gt20,gt20,NA,0.05,CTC,10000.0,,,,,,,,,,,,,,,,,,,,,,,grid_stat_20260727.stat,20260727_130000,,,,,,,,,559.0,185.0,276.0,8929.0
STAT,V12.0.0,20260820_055425,INANWP,NA,000000,20260727_130000,000000,20260727_130000,20260727_010000,20260727_010000,NA,RAINNC,"(*,*)",hourlyPrecipRateGC,"(*,*)",mm,mm,gt50,gt50,NA,0.05,CNT,10000.0,0.105,5.607,3.607,2.607,3.107,3.607,2.807,0.7429,13.011,3.607,0.5,2.886,0.525,0.9,0.1,1.0,0.5,0.2,0.1,0.05,0.04,0.03,grid_stat_20260727.stat,20260727_130000,,,,,,,,,,,,
STAT,V12.0.0,20260820_055425,INANWP,NA,000000,20260727_130000,000000,20260727_130000,20260727_010000,20260727_010000,NA,RAINNC,"(*,*)",hourlyPrecipRateGC,"(*,*)",mm,mm,gt50,gt50,NA,0.05,CTS,10000.0,,,,,,,,0.85,,,,,,,,,,,,,,,grid_stat_20260727.stat,20260727_130000,0.053,0.45,0.1464,0.15,0.2,0.2464,0.3,0.4,,,,
STAT,V12.0.0,20260820_055425,INANWP,NA,000000,20260727_130000,000000,20260727_130000,20260727_010000,20260727_010000,NA,RAINNC,"(*,*)",hourlyPrecipRateGC,"(*,*)",mm,mm,gt50,gt50,NA,0.05,CTC,10000.0,,,,,,,,,,,,,,,,,,,,,,,grid_stat_20260727.stat,20260727_130000,,,,,,,,,529.0,192.0,288.0,8914.0
STAT,V12.0.0,20260820_055425,INANWP,NA,000000,20260727_140000,000000,20260727_140000,20260727_020000,20260727_020000,NA,RAINNC,"(*,*)",hourlyPrecipRateGC,"(*,*)",mm,mm,gt0.1,gt0.1,NA,0.05,CNT,10000.0,0.11,5.5,3.5,2.5,3.0,3.5,2.7,0.75,12.25,3.5,0.5,2.8,0.55,0.9,0.1,1.0,0.5,0.2,0.1,0.05,0.04,0.03,grid_stat_20260727.stat,20260727_140000,,,,,,,,,,,,
STAT,V12.0.0,20260820_055425,INANWP,NA,000000,20260727_140000,000000,20260727_140000,20260727_020000,20260727_020000,NA,RAINNC,"(*,*)",hourlyPrecipRateGC,"(*,*)",mm,mm,gt0.1,gt0.1,NA,0.05,CTS,10000.0,,,,,,,,0.85,,,,,,,,,,,,,,,grid_stat_20260727.stat,20260727_140000,0.055,0.45,0.3995,0.15,0.2,0.4995,0.3,0.4,,,,
STAT,V12.0.0,20260820_055425,INANWP,NA,000000,20260727_140000,000000,20260727_140000,20260727_020000,20260727_020000,NA,RAINNC,"(*,*)",hourlyPrecipRateGC,"(*,*)",mm,mm,gt0.1,gt0.1,NA,0.05,CTC,10000.0,,,,,,,,,,,,,,,,,,,,,,,grid_stat_20260727.stat,20260727_140000,,,,,,,,,579.0,180.0,268.0,8939.0
STAT,V12.0.0,20260820_055425,INANWP,NA,000000,20260727_140000,000000,20260727_140000,20260727_020000,20260727_020000,NA,RAINNC,"(*,*)",hourlyPrecipRateGC,"(*,*)",mm,mm,gt1,gt1,NA,0.05,CNT,10000.0,0.11,5.5,3.5,2.5,3.0,3.5,2.7,0.75,12.25,3.5,0.5,2.8,0.55,0.9,0.1,1.0,0.5,0.2,0.1,0.05,0.04,0.03,grid_stat_20260727.stat,20260727_140000,,,,,,,,,,,,
STAT,V12.0.0,20260820_055425,INANWP,NA,000000,20260727_140000,000000,20260727_140000,20260727_020000,20260727_020000,NA,RAINNC,"(*,*)",hourlyPrecipRateGC,"(*,*)",mm,mm,gt1,gt1,NA,0.05,CTS,10000.0,,,,,,,,0.85,,,,,,,,,,,,,,,grid_stat_20260727.stat,20260727_140000,0.055,0.45,0.395,0.15,0.2,0.495,0.3,0.4,,,,
STAT,V12.0.0,20260820_055425,INANWP,NA,000000,20260727_140000,000000,20260727_140000,20260727_020000,20260727_020000,NA,RAINNC,"(*,*)",hourlyPrecipRateGC,"(*,*)",mm,mm,gt1,gt1,NA,0.05,CTC,10000.0,,,,,,,,,,,,,,,,,,,,,,,grid_stat_20260727.stat,20260727_140000,,,,,,,,,579.0,180.0,268.0,8939.0
STAT,V12.0.0,20260820_055425,INANWP,NA,000000,20260727_140000,000000,20260727_140000,20260727_020000,20260727_020000,NA,RAINNC,"(*,*)",hourlyPrecipRateGC,"(*,*)",mm,mm,gt5,gt5,NA,0.05,CNT,10000.0,0.11,5.5,3.5,2.5,3.0,3.5,2.7,0.75,12.25,3.5,0.5,2.8,0.55,0.9,0.1,1.0,0.5,0.2,0.1,0.05,0.04,0.03,grid_stat_20260727.stat,20260727_140000,,,,,,,,,,,,
STAT,V12.0.0,20260820_055425,INANWP,NA,000000,20260727_140000,000000,20260727_140000,20260727_020000,20260727_020000,NA,RAINNC,"(*,*)",hourlyPrecipRateGC,"(*,*)",mm,mm,gt5,gt5,NA,0.05,CTS,10000.0,,,,,,,,0.85,,,,,,,,,,,,,,,grid_stat_20260727.stat,20260727_140000,0.055,0.45,0.375,0.15,0.2,0.475,0.3,0.4,,,,
STAT,V12.0.0,20260820_055425,INANWP,NA,000000,20260727_140000,000000,20260727_140000,20260727_020000,20260727_020000,NA,RAINNC,"(*,*)",hourlyPrecipRateGC,"(*,*)",mm,mm,gt5,gt5,NA,0.05,CTC,10000.0,,,,,,,,,,,,,,,,,,,,,,,grid_stat_20260727.stat,20260727_140000,,,,,,,,,575.0,181.0,270.0,8937.0
STAT,V12.0.0,20260820_055425,INANWP,NA,000000,20260727_140000,000000,20260727_140000,20260727_020000,20260727_020000,NA,RAINNC,"(*,*)",hourlyPrecipRateGC,"(*,*)",mm,mm,gt10,gt10,NA,0.05,CNT,10000.0,0.11,5.5,3.5,2.5,3.0,3.5,2.7,0.75,12.25,3.5,0.5,2.8,0.55,0.9,0.1,1.0,0.5,0.2,0.1,0.05,0.04,0.03,grid_stat_20260727.stat,20260727_140000,,,,,,,,,,,,
STAT,V12.0.0,20260820_055425,INANWP,NA,000000,20260727_140000,000000,20260727_140000,20260727_020000,20260727_020000,NA,RAINNC,"(*,*)",hourlyPrecipRateGC,"(*,*)",mm,mm,gt10,gt10,NA,0.05,CTS,10000.0,,,,,,,,0.85,,,,,,,,,,,,,,,grid_stat_20260727.stat,20260727_140000,0.055,0.45,0.35,0.15,0.2,0.45,0.3,0.4,,,,
STAT,V12.0.0,20260820_055425,INANWP,NA,000000,20260727_140000,000000,20260727_140000,20260727_020000,20260727_020000,NA,RAINNC,"(*,*)",hourlyPrecipRateGC,"(*,*)",mm,mm,gt10,gt10,NA,0.05,CTC,10000.0,,,,,,,,,,,,,,,,,,,,,,,grid_stat_20260727.stat,20260727_140000,,,,,,,,,570.0,182.0,272.0,8935.0
STAT,V12.0.0,20260820_055425,INANWP,NA,000000,20260727_140000,000000,20260727_140000,20260727_020000,20260727_020000,NA,RAINNC,"(*,*)",hourlyPrecipRateGC,"(*,*)",mm,mm,gt20,gt20,NA,0.05,CNT,10000.0,0.11,5.5,3.5,2.5,3.0,3.5,2.7,0.75,12.25,3.5,0.5,2.8,0.55,0.9,0.1,1.0,0.5,0.2,0.1,0.05,0.04,0.03,grid_stat_20260727.stat,20260727_140000,,,,,,,,,,,,
STAT,V12.0.0,20260820_055425,INANWP,NA,000000,20260727_140000,000000,20260727_140000,20260727_020000,20260727_020000,NA,RAINNC,"(*,*)",hourlyPrecipRateGC,"(*,*)",mm,mm,gt20,gt20,NA,0.05,CTS,10000.0,,,,,,,,0.85,,,,,,,,,,,,,,,grid_stat_20260727.stat,20260727_140000,0.055,0.45,0.3,0.15,0.2,0.4,0.3,0.4,,,,
STAT,V12.0.0,20260820_055425,INANWP,NA,000000,20260727_140000,000000,20260727_140000,20260727_020000,20260727_020000,NA,RAINNC,"(*,*)",hourlyPrecipRateGC,"(*,*)",mm,mm,gt20,gt20,NA,0.05,CTC,10000.0,,,,,,,,,,,,,,,,,,,,,,,grid_stat_20260727.stat,20260727_140000,,,,,,,,,560.0,185.0,276.0,8930.0
STAT,V12.0.0,20260820_055425,INANWP,NA,000000,20260727_140000,000000,20260727_140000,20260727_020000,20260727_020000,NA,RAINNC,"(*,*)",hourlyPrecipRateGC,"(*,*)",mm,mm,gt50,gt50,NA,0.05,CNT,10000.0,0.11,5.5,3.5,2.5,3.0,3.5,2.7,0.75,12.25,3.5,0.5,2.8,0.55,0.9,0.1,1.0,0.5,0.2,0.1,0.05,0.04,0.03,grid_stat_20260727.stat,20260727_140000,,,,,,,,,,,,
STAT,V12.0.0,20260820_055425,INANWP,NA,000000,20260727_140000,000000,20260727_140000,20260727_020000,20260727_020000,NA,RAINNC,"(*,*)",hourlyPrecipRateGC,"(*,*)",mm,mm,gt50,gt50,NA,0.05,CTS,10000.0,,,,,,,,0.85,,,,,,,,,,,,,,,grid_stat_20260727.stat,20260727_140000,0.055,0.45,0.15,0.15,0.2,0.25,0.3,0.4,,,,
STAT,V12.0.0,20260820_055425,INANWP,NA,000000,20260727_140000,000000,20260727_140000,20260727_020000,20260727_020000,NA,RAINNC,"(*,*)",hourlyPrecipRateGC,"(*,*)",mm,mm,gt50,gt50,NA,0.05,CTC,10000.0,,,,,,,,,,,,,,,,,,,,,,,grid_stat_20260727.stat,20260727_140000,,,,,,,,,530.0,192.0,288.0,8915.0
STAT,V12.0.0,20260820_055425,INANWP,NA,000000,20260727_150000,000000,20260727_150000,20260727_030000,20260727_030000,NA,RAINNC,"(*,*)",hourlyPrecipRateGC,"(*,*)",mm,mm,gt0.1,gt0.1,NA,0.05,CNT,10000.0,0.115,5.607,3.607,2.607,3.107,3.607,2.807,0.7429,13.011,3.607,0.5,2.886,0.575,0.9,0.1,1.0,0.5,0.2,0.1,0.05,0.04,0.03,grid_stat_20260727.stat,20260727_150000,,,,,,,,,,,,
STAT,V12.0.0,20260820_055425,INANWP,NA,000000,20260727_150000,000000,20260727_150000,20260727_030000,20260727_030000,NA,RAINNC,"(*,*)",hourlyPrecipRateGC,"(*,*)",mm,mm,gt0.1,gt0.1,NA,0.05,CTS,10000.0,,,,,,,,0.85,,,,,,,,,,,,,,,grid_stat_20260727.stat,20260727_150000,0.057,0.45,0.3959,0.15,0.2,0.4959,0.3,0.4,,,,
STAT,V12.0.0,20260820_055425,INANWP,NA,000000,20260727_150000,000000,20260727_150000,20260727_030000,20260727_030000,NA,RAINNC,"(*,*)",hourlyPrecipRateGC,"(*,*)",mm,mm,gt0.1,gt0.1,NA,0.05,CTC,10000.0,,,,,,,,,,,,,,,,,,,,,,,grid_stat_20260727.stat,20260727_150000,,,,,,,,,579.0,180.0,268.0,8939.0
STAT,V12.0.0,20260820_055425,INANWP,NA,000000,20260727_150000,000000,20260727_150000,20260727_030000,20260727_030000,NA,RAINNC,"(*,*)",hourlyPrecipRateGC,"(*,*)",mm,mm,gt1,gt1,NA,0.05,CNT,10000.0,0.115,5.607,3.607,2.607,3.107,3.607,2.807,0.7429,13.011,3.607,0.5,2.886,0.575,0.9,0.1,1.0,0.5,0.2,0.1,0.05,0.04,0.03,grid_stat_20260727.stat,20260727_150000,,,,,,,,,,,,
STAT,V12.0.0,20260820_055425,INANWP,NA,000000,20260727_150000,000000,20260727_150000,20260727_030000,20260727_030000,NA,RAINNC,"(*,*)",hourlyPrecipRateGC,"(*,*)",mm,mm,gt1,gt1,NA,0.05,CTS,10000.0,,,,,,,,0.85,,,,,,,,,,,,,,,grid_stat_20260727.stat,20260727_150000,0.057,0.45,0.3914,0.15,0.2,0.4914,0.3,0.4,,,,
STAT,V12.0.0,20260820_055425,INANWP,NA,000000,20260727_150000,000000,20260727_150000,20260727_030000,20260727_030000,NA,RAINNC,"(*,*)",hourlyPrecipRateGC,"(*,*)",mm,mm,gt1,gt1,NA,0.05,CTC,10000.0,,,,,,,,,,,,,,,,,,,,,,,grid_stat_20260727.stat,20260727_150000,,,,,,,,,578.0,180.0,268.0,8939.0
STAT,V12.0.0,20260820_055425,INANWP,NA,000000,20260727_150000,000000,20260727_150000,20260727_030000,20260727_030000,NA,RAINNC,"(*,*)",hourlyPrecipRateGC,"(*,*)",mm,mm,gt5,gt5,NA,0.05,CNT,10000.0,0.115,5.607,3.607,2.607,3.107,3.607,2.807,0.7429,13.011,3.607,0.5,2.886,0.575,0.9,0.1,1.0,0.5,0.2,0.1,0.05,0.04,0.03,grid_stat_20260727.stat,20260727_150000,,,,,,,,,,,,
STAT,V12.0.0,20260820_055425,INANWP,NA,000000,20260727_150000,000000,20260727_150000,20260727_030000,20260727_030000,NA,RAINNC,"(*,*)",hourlyPrecipRateGC,"(*,*)",mm,mm,gt5,gt5,NA,0.05,CTS,10000.0,,,,,,,,0.85,,,,,,,,,,,,,,,grid_stat_20260727.stat,20260727_150000,0.057,0.45,0.3714,0.15,0.2,0.4714,0.3,0.4,,,,
STAT,V12.0.0,20260820_055425,INANWP,NA,000000,20260727_150000,000000,20260727_150000,20260727_030000,20260727_030000,NA,RAINNC,"(*,*)",hourlyPrecipRateGC,"(*,*)",mm,mm,gt5,gt5,NA,0.05,CTC,10000.0,,,,,,,,,,,,,,,,,,,,,,,grid_stat_20260727.stat,20260727_150000,,,,,,,,,574.0,181.0,270.0,8937.0
STAT,V12.0.0,20260820_055425,INANWP,NA,000000,20260727_150000,000000,20260727_150000,20260727_030000,20260727_030000,NA,RAINNC,"(*,*)",hourlyPrecipRateGC,"(*,*)",mm,mm,gt10,gt10,NA,0.05,CNT,10000.0,0.115,5.607,3.607,2.607,3.107,3.607,2.807,0.7429,13.011,3.607,0.5,2.886,0.575,0.9,0.1,1.0,0.5,0.2,0.1,0.05,0.04,0.03,grid_stat_20260727.stat,20260727_150000,,,,,,,,,,,,
STAT,V12.0.0,20260820_055425,INANWP,NA,000000,20260727_150000,000000,20260727_150000,20260727_030000,20260727_030000,NA,RAINNC,"(*,*)",hourlyPrecipRateGC,"(*,*)",mm,mm,gt10,gt10,NA,0.05,CTS,10000.0,,,,,,,,0.85,,,,,,,,,,,,,,,grid_stat_20260727.stat,20260727_150000,0.057,0.45,0.3464,0.15,0.2,0.4464,0.3,0.4,,,,
STAT,V12.0.0,20260820_055425,INANWP,NA,000000,20260727_150000,000000,20260727_150000,20260727_030000,20260727_030000,NA,RAINNC,"(*,*)",hourlyPrecipRateGC,"(*,*)",mm,mm,gt10,gt10,NA,0.05,CTC,10000.0,,,,,,,,,,,,,,,,,,,,,,,grid_stat_20260727.stat,20260727_150000,,,,,,,,,569.0,182.0,272.0,8934.0
STAT,V12.0.0,20260820_055425,INANWP,NA,000000,20260727_150000,000000,20260727_150000,20260727_030000,20260727_030000,NA,RAINNC,"(*,*)",hourlyPrecipRateGC,"(*,*)",mm,mm,gt20,gt20,NA,0.05,CNT,10000.0,0.115,5.607,3.607,2.607,3.107,3.607,2.807,0.7429,13.011,3.607,0.5,2.886,0.575,0.9,0.1,1.0,0.5,0.2,0.1,0.05,0.04,0.03,grid_stat_20260727.stat,20260727_150000,,,,,,,,,,,,
STAT,V12.0.0,20260820_055425,INANWP,NA,000000,20260727_150000,000000,20260727_150000,20260727_030000,20260727_030000,NA,RAINNC,"(*,*)",hourlyPrecipRateGC,"(*,*)",mm,mm,gt20,gt20,NA,0.05,CTS,10000.0,,,,,,,,0.85,,,,,,,,,,,,,,,grid_stat_20260727.stat,20260727_150000,0.057,0.45,0.2964,0.15,0.2,0.3964,0.3,0.4,,,,
STAT,V12.0.0,20260820_055425,INANWP,NA,000000,20260727_150000,000000,20260727_150000,20260727_030000,20260727_030000,NA,RAINNC,"(*,*)",hourlyPrecipRateGC,"(*,*)",mm,mm,gt20,gt20,NA,0.05,CTC,10000.0,,,,,,,,,,,,,,,,,,,,,,,grid_stat_20260727.stat,20260727_150000,,,,,,,,,559.0,185.0,276.0,8929.0
STAT,V12.0.0,20260820_055425,INANWP,NA,000000,20260727_150000,000000,20260727_150000,20260727_030000,20260727_030000,NA,RAINNC,"(*,*)",hourlyPrecipRateGC,"(*,*)",mm,mm,gt50,gt50,NA,0.05,CNT,10000.0,0.115,5.607,3.607,2.607,3.107,3.607,2.807,0.7429,13.011,3.607,0.5,2.886,0.575,0.9,0.1,1.0,0.5,0.2,0.1,0.05,0.04,0.03,grid_stat_20260727.stat,20260727_150000,,,,,,,,,,,,
STAT,V12.0.0,20260820_055425,INANWP,NA,000000,20260727_150000,000000,20260727_150000,20260727_030000,20260727_030000,NA,RAINNC,"(*,*)",hourlyPrecipRateGC,"(*,*)",mm,mm,gt50,gt50,NA,0.05,CTS,10000.0,,,,,,,,0.85,,,,,,,,,,,,,,,grid_stat_20260727.stat,20260727_150000,0.057,0.45,0.1464,0.15,0.2,0.2464,0.3,0.4,,,,
STAT,V12.0.0,20260820_055425,INANWP,NA,000000,20260727_150000,000000,20260727_150000,20260727_030000,20260727_030000,NA,RAINNC,"(*,*)",hourlyPrecipRateGC,"(*,*)",mm,mm,gt50,gt50,NA,0.05,CTC,10000.0,,,,,,,,,,,,,,,,,,,,,,,grid_stat_20260727.stat,20260727_150000,,,,,,,,,529.0,192.0,288.0,8914.0
STAT,V12.0.0,20260820_055425,INANWP,NA,000000,20260727_160000,000000,20260727_160000,20260727_040000,20260727_040000,NA,RAINNC,"(*,*)",hourlyPrecipRateGC,"(*,*)",mm,mm,gt0.1,gt0.1,NA,0.05,CNT,10000.0,0.12,5.714,3.714,2.714,3.214,3.714,2.914,0.7357,13.796,3.714,0.5,2.971,0.6,0.9,0.1,1.0,0.5,0.2,0.1,0.05,0.04,0.03,grid_stat_20260727.stat,20260727_160000,,,,,,,,,,,,
STAT,V12.0.0,20260820_055425,INANWP,NA,000000,20260727_160000,000000,20260727_160000,20260727_040000,20260727_040000,NA,RAINNC,"(*,*)",hourlyPrecipRateGC,"(*,*)",mm,mm,gt0.1,gt0.1,NA,0.05,CTS,10000.0,,,,,,,,0.85,,,,,,,,,,,,,,,grid_stat_20260727.stat,20260727_160000,0.06,0.45,0.3924,0.15,0.2,0.4924,0.3,0.4,,,,
STAT,V12.0.0,20260820_055425,INANWP,NA,000000,20260727_160000,000000,20260727_160000,20260727_040000,20260727_040000,NA,RAINNC,"(*,*)",hourlyPrecipRateGC,"(*,*)",mm,mm,gt0.1,gt0.1,NA,0.05,CTC,10000.0,,,,,,,,,,,,,,,,,,,,,,,grid_stat_20260727.stat,20260727_160000,,,,,,,,,578.0,180.0,268.0,8939.0
STAT,V12.0.0,20260820_055425,INANWP,NA,000000,20260727_160000,000000,20260727_160000,20260727_040000,20260727_040000,NA,RAINNC,"(*,*)",hourlyPrecipRateGC,"(*,*)",mm,mm,gt1,gt1,NA,0.05,CNT,10000.0,0.12,5.714,3.714,2.714,3.214,3.714,2.914,0.7357,13.796,3.714,0.5,2.971,0.6,0.9,0.1,1.0,0.5,0.2,0.1,0.05,0.04,0.03,grid_stat_20260727.stat,20260727_160000,,,,,,,,,,,,
STAT,V12.0.0,20260820_055425,INANWP,NA,000000,20260727_160000,000000,20260727_160000,20260727_040000,20260727_040000,NA,RAINNC,"(*,*)",hourlyPrecipRateGC,"(*,*)",mm,mm,gt1,gt1,NA,0.05,CTS,10000.0,,,,,,,,0.85,,,,,,,,,,,,,,,grid_stat_20260727.stat,20260727_160000,0.06,0.45,0.3879,0.15,0.2,0.4879,0.3,0.4,,,,
STAT,V12.0.0,20260820_055425,INANWP,NA,000000,20260727_160000,000000,20260727_160000,20260727_040000,20260727_040000,NA,RAINNC,"(*,*)",hourlyPrecipRateGC,"(*,*)",mm,mm,gt1,gt1,NA,0.05,CTC,10000.0,,,,,,,,,,,,,,,,,,,,,,,grid_stat_20260727.stat,20260727_160000,,,,,,,,,577.0,180.0,268.0,8938.0
STAT,V12.0.0,20260820_055425,INANWP,NA,000000,20260727_160000,000000,20260727_160000,20260727_040000,20260727_040000,NA,RAINNC,"(*,*)",hourlyPrecipRateGC,"(*,*)",mm,mm,gt5,gt5,NA,0.05,CNT,10000.0,0.12,5.714,3.714,2.714,3.214,3.714,2.914,0.7357,13.796,3.714,0.5,2.971,0.6,0.9,0.1,1.0,0.5,0.2,0.1,0.05,0.04,0.03,grid_stat_20260727.stat,20260727_160000,,,,,,,,,,,,
STAT,V12.0.0,20260820_055425,INANWP,NA,000000,20260727_160000,000000,20260727_160000,20260727_040000,20260727_040000,NA,RAINNC,"(*,*)",hourlyPrecipRateGC,"(*,*)",mm,mm,gt5,gt5,NA,0.05,CTS,10000.0,,,,,,,,0.85,,,,,,,,,,,,,,,grid_stat_20260727.stat,20260727_160000,0.06,0.45,0.3679,0.15,0.2,0.4679,0.3,0.4,,,,
STAT,V12.0.0,20260820_055425,INANWP,NA,000000,20260727_160000,000000,20260727_160000,20260727_040000,20260727_040000,NA,RAINNC,"(*,*)",hourlyPrecipRateGC,"(*,*)",mm,mm,gt5,gt5,NA,0.05,CTC,10000.0,,,,,,,,,,,,,,,,,,,,,,,grid_stat_20260727.stat,20260727_160000,,,,,,,,,573.0,181.0,270.0,8936.0
STAT,V12.0.0,20260820_055425,INANWP,NA,000000,20260727_160000,000000,20260727_160000,20260727_040000,20260727_040000,NA,RAINNC,"(*,*)",hourlyPrecipRateGC,"(*,*)",mm,mm,gt10,gt10,NA,0.05,CNT,10000.0,0.12,5.714,3.714,2.714,3.214,3.714,2.914,0.7357,13.796,3.714,0.5,2.971,0.6,0.9,0.1,1.0,0.5,0.2,0.1,0.05,0.04,0.03,grid_stat_20260727.stat,20260727_160000,,,,,,,,,,,,
STAT,V12.0.0,20260820_055425,INANWP,NA,000000,20260727_160000,000000,20260727_160000,20260727_040000,20260727_040000,NA,RAINNC,"(*,*)",hourlyPrecipRateGC,"(*,*)",mm,mm,gt10,gt10,NA,0.05,CTS,10000.0,,,,,,,,0.85,,,,,,,,,,,,,,,grid_stat_20260727.stat,20260727_160000,0.06,0.45,0.3429,0.15,0.2,0.4429,0.3,0.4,,,,
STAT,V12.0.0,20260820_055425,INANWP,NA,000000,20260727_160000,000000,20260727_160000,20260727_040000,20260727_040000,NA,RAINNC,"(*,*)",hourlyPrecipRateGC,"(*,*)",mm,mm,gt10,gt10,NA,0.05,CTC,10000.0,,,,,,,,,,,,,,,,,,,,,,,grid_stat_20260727.stat,20260727_160000,,,,,,,,,568.0,182.0,272.0,8934.0
STAT,V12.0.0,20260820_055425,INANWP,NA,000000,20260727_160000,000000,20260727_160000,20260727_040000,20260727_040000,NA,RAINNC,"(*,*)",hourlyPrecipRateGC,"(*,*)",mm,mm,gt20,gt20,NA,0.05,CNT,10000.0,0.12,5.714,3.714,2.714,3.214,3.714,2.914,0.7357,13.796,3.714,0.5,2.971,0.6,0.9,0.1,1.0,0.5,0.2,0.1,0.05,0.04,0.03,grid_stat_20260727.stat,20260727_160000,,,,,,,,,,,,
STAT,V12.0.0,20260820_055425,INANWP,NA,000000,20260727_160000,000000,20260727_160000,20260727_040000,20260727_040000,NA,RAINNC,"(*,*)",hourlyPrecipRateGC,"(*,*)",mm,mm,gt20,gt20,NA,0.05,CTS,10000.0,,,,,,,,0.85,,,,,,,,,,,,,,,grid_stat_20260727.stat,20260727_160000,0.06,0.45,0.2929,0.15,0.2,0.3929,0.3,0.4,,,,
STAT,V12.0.0,20260820_055425,INANWP,NA,000000,20260727_160000,000000,20260727_160000,20260727_040000,20260727_040000,NA,RAINNC,"(*,*)",hourlyPrecipRateGC,"(*,*)",mm,mm,gt20,gt20,NA,0.05,CTC,10000.0,,,,,,,,,,,,,,,,,,,,,,,grid_stat_20260727.stat,20260727_160000,,,,,,,,,558.0,185.0,276.0,8929.0
STAT,V12.0.0,20260820_055425,INANWP,NA,000000,20260727_160000,000000,20260727_160000,20260727_040000,20260727_040000,NA,RAINNC,"(*,*)",hourlyPrecipRateGC,"(*,*)",mm,mm,gt50,gt50,NA,0.05,CNT,10000.0,0.12,5.714,3.714,2.714,3.214,3.714,2.914,0.7357,13.796,3.714,0.5,2.971,0.6,0.9,0.1,1.0,0.5,0.2,0.1,0.05,0.04,0.03,grid_stat_20260727.stat,20260727_160000,,,,,,,,,,,,
STAT,V12.0.0,20260820_055425,INANWP,NA,000000,20260727_160000,000000,20260727_160000,20260727_040000,20260727_040000,NA,RAINNC,"(*,*)",hourlyPrecipRateGC,"(*,*)",mm,mm,gt50,gt50,NA,0.05,CTS,10000.0,,,,,,,,0.85,,,,,,,,,,,,,,,grid_stat_20260727.stat,20260727_160000,0.06,0.45,0.1429,0.15,0.2,0.2429,0.3,0.4,,,,
STAT,V12.0.0,20260820_055425,INANWP,NA,000000,20260727_160000,000000,20260727_160000,20260727_040000,20260727_040000,NA,RAINNC,"(*,*)",hourlyPrecipRateGC,"(*,*)",mm,mm,gt50,gt50,NA,0.05,CTC,10000.0,,,,,,,,,,,,,,,,,,,,,,,grid_stat_20260727.stat,20260727_160000,,,,,,,,,528.0,192.0,288.0,8914.0
STAT,V12.0.0,20260820_055425,INANWP,NA,000000,20260727_170000,000000,20260727_170000,20260727_050000,20260727_050000,NA,RAINNC,"(*,*)",hourlyPrecipRateGC,"(*,*)",mm,mm,gt0.1,gt0.1,NA,0.05,CNT,10000.0,0.125,5.821,3.821,2.821,3.321,3.821,3.021,0.7286,14.603,3.821,0.5,3.057,0.625,0.9,0.1,1.0,0.5,0.2,0.1,0.05,0.04,0.03,grid_stat_20260727.stat,20260727_170000,,,,,,,,,,,,
STAT,V12.0.0,20260820_055425,INANWP,NA,000000,20260727_170000,000000,20260727_170000,20260727_050000,20260727_050000,NA,RAINNC,"(*,*)",hourlyPrecipRateGC,"(*,*)",mm,mm,gt0.1,gt0.1,NA,0.05,CTS,10000.0,,,,,,,,0.85,,,,,,,,,,,,,,,grid_stat_20260727.stat,20260727_170000,0.062,0.45,0.3888,0.15,0.2,0.4888,0.3,0.4,,,,
STAT,V12.0.0,20260820_055425,INANWP,NA,000000,20260727_170000,000000,20260727_170000,20260727_050000,20260727_050000,NA,RAINNC,"(*,*)",hourlyPrecipRateGC,"(*,*)",mm,mm,gt0.1,gt0.1,NA,0.05,CTC,10000.0,,,,,,,,,,,,,,,,,,,,,,,grid_stat_20260727.stat,20260727_170000,,,,,,,,,577.0,180.0,268.0,8938.0
STAT,V12.0.0,20260820_055425,INANWP,NA,000000,20260727_170000,000000,20260727_170000,20260727_050000,20260727_050000,NA,RAINNC,"(*,*)",hourlyPrecipRateGC,"(*,*)",mm,mm,gt1,gt1,NA,0.05,CNT,10000.0,0.125,5.821,3.821,2.821,3.321,3.821,3.021,0.7286,14.603,3.821,0.5,3.057,0.625,0.9,0.1,1.0,0.5,0.2,0.1,0.05,0.04,0.03,grid_stat_20260727.stat,20260727_170000,,,,,,,,,,,,
STAT,V12.0.0,20260820_055425,INANWP,NA,000000,20260727_170000,000000,20260727_170000,20260727_050000,20260727_050000,NA,RAINNC,"(*,*)",hourlyPrecipRateGC,"(*,*)",mm,mm,gt1,gt1,NA,0.05,CTS,10000.0,,,,,,,,0.85,,,,,,,,,,,,,,,grid_stat_20260727.stat,20260727_170000,0.062,0.45,0.3843,0.15,0.2,0.4843,0.3,0.4,,,,
STAT,V12.0.0,20260820_055425,INANWP,NA,000000,20260727_170000,000000,20260727_170000,20260727_050000,20260727_050000,NA,RAINNC,"(*,*)",hourlyPrecipRateGC,"(*,*)",mm,mm,gt1,gt1,NA,0.05,CTC,10000.0,,,,,,,,,,,,,,,,,,,,,,,grid_stat_20260727.stat,20260727_170000,,,,,,,,,576.0,180.0,269.0,8938.0
STAT,V12.0.0,20260820_055425,INANWP,NA,000000,20260727_170000,000000,20260727_170000,20260727_050000,20260727_050000,NA,RAINNC,"(*,*)",hourlyPrecipRateGC,"(*,*)",mm,mm,gt5,gt5,NA,0.05,CNT,10000.0,0.125,5.821,3.821,2.821,3.321,3.821,3.021,0.7286,14.603,3.821,0.5,3.057,0.625,0.9,0.1,1.0,0.5,0.2,0.1,0.05,0.04,0.03,grid_stat_20260727.stat,20260727_170000,,,,,,,,,,,,
STAT,V12.0.0,20260820_055425,INANWP,NA,000000,20260727_170000,000000,20260727_170000,20260727_050000,20260727_050000,NA,RAINNC,"(*,*)",hourlyPrecipRateGC,"(*,*)",mm,mm,gt5,gt5,NA,0.05,CTS,10000.0,,,,,,,,0.85,,,,,,,,,,,,,,,grid_stat_20260727.stat,20260727_170000,0.062,0.45,0.3643,0.15,0.2,0.4643,0.3,0.4,,,,
STAT,V12.0.0,20260820_055425,INANWP,NA,000000,20260727_170000,000000,20260727_170000,20260727_050000,20260727_050000,NA,RAINNC,"(*,*)",hourlyPrecipRateGC,"(*,*)",mm,mm,gt5,gt5,NA,0.05,CTC,10000.0,,,,,,,,,,,,,,,,,,,,,,,grid_stat_20260727.stat,20260727_170000,,,,,,,,,572.0,181.0,270.0,8936.0
STAT,V12.0.0,20260820_055425,INANWP,NA,000000,20260727_170000,000000,20260727_170000,20260727_050000,20260727_050000,NA,RAINNC,"(*,*)",hourlyPrecipRateGC,"(*,*)",mm,mm,gt10,gt10,NA,0.05,CNT,10000.0,0.125,5.821,3.821,2.821,3.321,3.821,3.021,0.7286,14.603,3.821,0.5,3.057,0.625,0.9,0.1,1.0,0.5,0.2,0.1,0.05,0.04,0.03,grid_stat_20260727.stat,20260727_170000,,,,,,,,,,,,
STAT,V12.0.0,20260820_055425,INANWP,NA,000000,20260727_170000,000000,20260727_170000,20260727_050000,20260727_050000,NA,RAINNC,"(*,*)",hourlyPrecipRateGC,"(*,*)",mm,mm,gt10,gt10,NA,0.05,CTS,10000.0,,,,,,,,0.85,,,,,,,,,,,,,,,grid_stat_20260727.stat,20260727_170000,0.062,0.45,0.3393,0.15,0.2,0.4393,0.3,0.4,,,,
STAT,V12.0.0,20260820_055425,INANWP,NA,000000,20260727_170000,000000,20260727_170000,20260727_050000,20260727_050000,NA,RAINNC,"(*,*)",hourlyPrecipRateGC,"(*,*)",mm,mm,gt10,gt10,NA,0.05,CTC,10000.0,,,,,,,,,,,,,,,,,,,,,,,grid_stat_20260727.stat,20260727_170000,,,,,,,,,567.0,183.0,272.0,8933.0
STAT,V12.0.0,20260820_055425,INANWP,NA,000000,20260727_170000,000000,20260727_170000,20260727_050000,20260727_050000,NA,RAINNC,"(*,*)",hourlyPrecipRateGC,"(*,*)",mm,mm,gt20,gt20,NA,0.05,CNT,10000.0,0.125,5.821,3.821,2.821,3.321,3.821,3.021,0.7286,14.603,3.821,0.5,3.057,0.625,0.9,0.1,1.0,0.5,0.2,0.1,0.05,0.04,0.03,grid_stat_20260727.stat,20260727_170000,,,,,,,,,,,,
STAT,V12.0.0,20260820_055425,INANWP,NA,000000,20260727_170000,000000,20260727_170000,20260727_050000,20260727_050000,NA,RAINNC,"(*,*)",hourlyPrecipRateGC,"(*,*)",mm,mm,gt20,gt20,NA,0.05,CTS,10000.0,,,,,,,,0.85,,,,,,,,,,,,,,,grid_stat_20260727.stat,20260727_170000,0.062,0.45,0.2893,0.15,0.2,0.3893,0.3,0.4,,,,
STAT,V12.0.0,20260820_055425,INANWP,NA,000000,20260727_170000,000000,20260727_170000,20260727_050000,20260727_050000,NA,RAINNC,"(*,*)",hourlyPrecipRateGC,"(*,*)",mm,mm,gt20,gt20,NA,0.05,CTC,10000.0,,,,,,,,,,,,,,,,,,,,,,,grid_stat_20260727.stat,20260727_170000,,,,,,,,,557.0,185.0,276.0,8928.0
STAT,V12.0.0,20260820_055425,INANWP,NA,000000,20260727_170000,000000,20260727_170000,20260727_050000,20260727_050000,NA,RAINNC,"(*,*)",hourlyPrecipRateGC,"(*,*)",mm,mm,gt50,gt50,NA,0.05,CNT,10000.0,0.125,5.821,3.821,2.821,3.321,3.821,3.021,0.7286,14.603,3.821,0.5,3.057,0.625,0.9,0.1,1.0,0.5,0.2,0.1,0.05,0.04,0.03,grid_stat_20260727.stat,20260727_170000,,,,,,,,,,,,
STAT,V12.0.0,20260820_055425,INANWP,NA,000000,20260727_170000,000000,20260727_170000,20260727_050000,20260727_050000,NA,RAINNC,"(*,*)",hourlyPrecipRateGC,"(*,*)",mm,mm,gt50,gt50,NA,0.05,CTS,10000.0,,,,,,,,0.85,,,,,,,,,,,,,,,grid_stat_20260727.stat,20260727_170000,0.062,0.45,0.1393,0.15,0.2,0.2393,0.3,0.4,,,,
STAT,V12.0.0,20260820_055425,INANWP,NA,000000,20260727_170000,000000,20260727_170000,20260727_050000,20260727_050000,NA,RAINNC,"(*,*)",hourlyPrecipRateGC,"(*,*)",mm,mm,gt50,gt50,NA,0.05,CTC,10000.0,,,,,,,,,,,,,,,,,,,,,,,grid_stat_20260727.stat,20260727_170000,,,,,,,,,527.0,193.0,288.0,8913.0
STAT,V12.0.0,20260820_055425,INANWP,NA,000000,20260727_180000,000000,20260727_180000,20260727_060000,20260727_060000,NA,RAINNC,"(*,*)",hourlyPrecipRateGC,"(*,*)",mm,mm,gt0.1,gt0.1,NA,0.05,CNT,10000.0,0.13,5.929,3.929,2.929,3.429,3.929,3.129,0.7214,15.434,3.929,0.5,3.143,0.65,0.9,0.1,1.0,0.5,0.2,0.1,0.05,0.04,0.03,grid_stat_20260727.stat,20260727_180000,,,,,,,,,,,,
STAT,V12.0.0,20260820_055425,INANWP,NA,000000,20260727_180000,000000,20260727_180000,20260727_060000,20260727_060000,NA,RAINNC,"(*,*)",hourlyPrecipRateGC,"(*,*)",mm,mm,gt0.1,gt0.1,NA,0.05,CTS,10000.0,,,,,,,,0.85,,,,,,,,,,,,,,,grid_stat_20260727.stat,20260727_180000,0.065,0.45,0.3852,0.15,0.2,0.4852,0.3,0.4,,,,
STAT,V12.0.0,20260820_055425,INANWP,NA,000000,20260727_180000,000000,20260727_180000,20260727_060000,20260727_060000,NA,RAINNC,"(*,*)",hourlyPrecipRateGC,"(*,*)",mm,mm,gt0.1,gt0.1,NA,0.05,CTC,10000.0,,,,,,,,,,,,,,,,,,,,,,,grid_stat_20260727.stat,20260727_180000,,,,,,,,,577.0,180.0,269.0,8938.0
STAT,V12.0.0,20260820_055425,INANWP,NA,000000,20260727_180000,000000,20260727_180000,20260727_060000,20260727_060000,NA,RAINNC,"(*,*)",hourlyPrecipRateGC,"(*,*)",mm,mm,gt1,gt1,NA,0.05,CNT,10000.0,0.13,5.929,3.929,2.929,3.429,3.929,3.129,0.7214,15.434,3.929,0.5,3.143,0.65,0.9,0.1,1.0,0.5,0.2,0.1,0.05,0.04,0.03,grid_stat_20260727.stat,20260727_180000,,,,,,,,,,,,
STAT,V12.0.0,20260820_055425,INANWP,NA,000000,20260727_180000,000000,20260727_180000,20260727_060000,20260727_060000,NA,RAINNC,"(*,*)",hourlyPrecipRateGC,"(*,*)",mm,mm,gt1,gt1,NA,0.05,CTS,10000.0,,,,,,,,0.85,,,,,,,,,,,,,,,grid_stat_20260727.stat,20260727_180000,0.065,0.45,0.3807,0.15,0.2,0.4807,0.3,0.4,,,,
STAT,V12.0.0,20260820_055425,INANWP,NA,000000,20260727_180000,000000,20260727_180000,20260727_060000,20260727_060000,NA,RAINNC,"(*,*)",hourlyPrecipRateGC,"(*,*)",mm,mm,gt1,gt1,NA,0.05,CTC,10000.0,,,,,,,,,,,,,,,,,,,,,,,grid_stat_20260727.stat,20260727_180000,,,,,,,,,576.0,180.0,269.0,8938.0
STAT,V12.0.0,20260820_055425,INANWP,NA,000000,20260727_180000,000000,20260727_180000,20260727_060000,20260727_060000,NA,RAINNC,"(*,*)",hourlyPrecipRateGC,"(*,*)",mm,mm,gt5,gt5,NA,0.05,CNT,10000.0,0.13,5.929,3.929,2.929,3.429,3.929,3.129,0.7214,15.434,3.929,0.5,3.143,0.65,0.9,0.1,1.0,0.5,0.2,0.1,0.05,0.04,0.03,grid_stat_20260727.stat,20260727_180000,,,,,,,,,,,,
STAT,V12.0.0,20260820_055425,INANWP,NA,000000,20260727_180000,000000,20260727_180000,20260727_060000,20260727_060000,NA,RAINNC,"(*,*)",hourlyPrecipRateGC,"(*,*)",mm,mm,gt5,gt5,NA,0.05,CTS,10000.0,,,,,,,,0.85,,,,,,,,,,,,,,,grid_stat_20260727.stat,20260727_180000,0.065,0.45,0.3607,0.15,0.2,0.4607,0.3,0.4,,,,
STAT,V12.0.0,20260820_055425,INANWP,NA,000000,20260727_180000,000000,20260727_180000,20260727_060000,20260727_060000,NA,RAINNC,"(*,*)",hourlyPrecipRateGC,"(*,*)",mm,mm,gt5,gt5,NA,0.05,CTC,10000.0,,,,,,,,,,,,,,,,,,,,,,,grid_stat_20260727.stat,20260727_180000,,,,,,,,,572.0,181.0,271.0,8936.0
STAT,V12.0.0,20260820_055425,INANWP,NA,000000,20260727_180000,000000,20260727_180000,20260727_060000,20260727_060000,NA,RAINNC,"(*,*)",hourlyPrecipRateGC,"(*,*)",mm,mm,gt10,gt10,NA,0.05,CNT,10000.0,0.13,5.929,3.929,2.929,3.429,3.929,3.129,0.7214,15.434,3.929,0.5,3.143,0.65,0.9,0.1,1.0,0.5,0.2,0.1,0.05,0.04,0.03,grid_stat_20260727.stat,20260727_180000,,,,,,,,,,,,
STAT,V12.0.0,20260820_055425,INANWP,NA,000000,20260727_180000,000000,20260727_180000,20260727_060000,20260727_060000,NA,RAINNC,"(*,*)",hourlyPrecipRateGC,"(*,*)",mm,mm,gt10,gt10,NA,0.05,CTS,10000.0,,,,,,,,0.85,,,,,,,,,,,,,,,grid_stat_20260727.stat,20260727_180000,0.065,0.45,0.3357,0.15,0.2,0.4357,0.3,0.4,,,,
STAT,V12.0.0,20260820_055425,INANWP,NA,000000,20260727_180000,000000,20260727_180000,20260727_060000,20260727_060000,NA,RAINNC,"(*,*)",hourlyPrecipRateGC,"(*,*)",mm,mm,gt10,gt10,NA,0.05,CTC,10000.0,,,,,,,,,,,,,,,,,,,,,,,grid_stat_20260727.stat,20260727_180000,,,,,,,,,567.0,183.0,273.0,8933.0
STAT,V12.0.0,20260820_055425,INANWP,NA,000000,20260727_180000,000000,20260727_180000,20260727_060000,20260727_060000,NA,RAINNC,"(*,*)",hourlyPrecipRateGC,"(*,*)",mm,mm,gt20,gt20,NA,0.05,CNT,10000.0,0.13,5.929,3.929,2.929,3.429,3.929,3.129,0.7214,15.434,3.929,0.5,3.143,0.65,0.9,0.1,1.0,0.5,0.2,0.1,0.05,0.04,0.03,grid_stat_20260727.stat,20260727_180000,,,,,,,,,,,,
STAT,V12.0.0,20260820_055425,INANWP,NA,000000,20260727_180000,000000,20260727_180000,20260727_060000,20260727_060000,NA,RAINNC,"(*,*)",hourlyPrecipRateGC,"(*,*)",mm,mm,gt20,gt20,NA,0.05,CTS,10000.0,,,,,,,,0.85,,,,,,,,,,,,,,,grid_stat_20260727.stat,20260727_180000,0.065,0.45,0.2857,0.15,0.2,0.3857,0.3,0.4,,,,
STAT,V12.0.0,20260820_055425,INANWP,NA,000000,20260727_180000,000000,20260727_180000,20260727_060000,20260727_060000,NA,RAINNC,"(*,*)",hourlyPrecipRateGC,"(*,*)",mm,mm,gt20,gt20,NA,0.05,CTC,10000.0,,,,,,,,,,,,,,,,,,,,,,,grid_stat_20260727.stat,20260727_180000,,,,,,,,,557.0,185.0,277.0,8928.0
STAT,V12.0.0,20260820_055425,INANWP,NA,000000,20260727_180000,000000,20260727_180000,20260727_060000,20260727_060000,NA,RAINNC,"(*,*)",hourlyPrecipRateGC,"(*,*)",mm,mm,gt50,gt50,NA,0.05,CNT,10000.0,0.13,5.929,3.929,2.929,3.429,3.929,3.129,0.7214,15.434,3.929,0.5,3.143,0.65,0.9,0.1,1.0,0.5,0.2,0.1,0.05,0.04,0.03,grid_stat_20260727.stat,20260727_180000,,,,,,,,,,,,
STAT,V12.0.0,20260820_055425,INANWP,NA,000000,20260727_180000,000000,20260727_180000,20260727_060000,20260727_060000,NA,RAINNC,"(*,*)",hourlyPrecipRateGC,"(*,*)",mm,mm,gt50,gt50,NA,0.05,CTS,10000.0,,,,,,,,0.85,,,,,,,,,,,,,,,grid_stat_20260727.stat,20260727_180000,0.065,0.45,0.1357,0.15,0.2,0.2357,0.3,0.4,,,,
STAT,V12.0.0,20260820_055425,INANWP,NA,000000,20260727_180000,000000,20260727_180000,20260727_060000,20260727_060000,NA,RAINNC,"(*,*)",hourlyPrecipRateGC,"(*,*)",mm,mm,gt50,gt50,NA,0.05,CTC,10000.0,,,,,,,,,,,,,,,,,,,,,,,grid_stat_20260727.stat,20260727_180000,,,,,,,,,527.0,193.0,289.0,8913.0
STAT,V12.0.0,20260820_055425,INANWP,NA,000000,20260727_190000,000000,20260727_190000,20260727_070000,20260727_070000,NA,RAINNC,"(*,*)",hourlyPrecipRateGC,"(*,*)",mm,mm,gt0.1,gt0.1,NA,0.05,CNT,10000.0,0.135,6.036,4.036,3.036,3.536,4.036,3.236,0.7143,16.287,4.036,0.5,3.229,0.675,0.9,0.1,1.0,0.5,0.2,0.1,0.05,0.04,0.03,grid_stat_20260727.stat,20260727_190000,,,,,,,,,,,,
STAT,V12.0.0,20260820_055425,INANWP,NA,000000,20260727_190000,000000,20260727_190000,20260727_070000,20260727_070000,NA,RAINNC,"(*,*)",hourlyPrecipRateGC,"(*,*)",mm,mm,gt0.1,gt0.1,NA,0.05,CTS,10000.0,,,,,,,,0.85,,,,,,,,,,,,,,,grid_stat_20260727.stat,20260727_190000,0.068,0.45,0.3816,0.15,0.2,0.4816,0.3,0.4,,,,
STAT,V12.0.0,20260820_055425,INANWP,NA,000000,20260727_190000,000000,20260727_190000,20260727_070000,20260727_070000,NA,RAINNC,"(*,*)",hourlyPrecipRateGC,"(*,*)",mm,mm,gt0.1,gt0.1,NA,0.05,CTC,10000.0,,,,,,,,,,,,,,,,,,,,,,,grid_stat_20260727.stat,20260727_190000,,,,,,,,,576.0,180.0,269.0,8938.0
STAT,V12.0.0,20260820_055425,INANWP,NA,000000,20260727_190000,000000,20260727_190000,20260727_070000,20260727_070000,NA,RAINNC,"(*,*)",hourlyPrecipRateGC,"(*,*)",mm,mm,gt1,gt1,NA,0.05,CNT,10000.0,0.135,6.036,4.036,3.036,3.536,4.036,3.236,0.7143,16.287,4.036,0.5,3.229,0.675,0.9,0.1,1.0,0.5,0.2,0.1,0.05,0.04,0.03,grid_stat_20260727.stat,20260727_190000,,,,,,,,,,,,
STAT,V12.0.0,20260820_055425,INANWP,NA,000000,20260727_190000,000000,20260727_190000,20260727_070000,20260727_070000,NA,RAINNC,"(*,*)",hourlyPrecipRateGC,"(*,*)",mm,mm,gt1,gt1,NA,0.05,CTS,10000.0,,,,,,,,0.85,,,,,,,,,,,,,,,grid_stat_20260727.stat,20260727_190000,0.068,0.45,0.3771,0.15,0.2,0.4771,0.3,0.4,,,,
STAT,V12.0.0,20260820_055425,INANWP,NA,000000,20260727_190000,000000,20260727_190000,20260727_070000,20260727_070000,NA,RAINNC,"(*,*)",hourlyPrecipRateGC,"(*,*)",mm,mm,gt1,gt1,NA,0.05,CTC,10000.0,,,,,,,,,,,,,,,,,,,,,,,grid_stat_20260727.stat,20260727_190000,,,,,,,,,575.0,181.0,269.0,8937.0
STAT,V12.0.0,20260820_055425,INANWP,NA,000000,20260727_190000,000000,20260727_190000,20260727_070000,20260727_070000,NA,RAINNC,"(*,*)",hourlyPrecipRateGC,"(*,*)",mm,mm,gt5,gt5,NA,0.05,CNT,10000.0,0.135,6.036,4.036,3.036,3.536,4.036,3.236,0.7143,16.287,4.036,0.5,3.229,0.675,0.9,0.1,1.0,0.5,0.2,0.1,0.05,0.04,0.03,grid_stat_20260727.stat,20260727_190000,,,,,,,,,,,,
STAT,V12.0.0,20260820_055425,INANWP,NA,000000,20260727_190000,000000,20260727_190000,20260727_070000,20260727_070000,NA,RAINNC,"(*,*)",hourlyPrecipRateGC,"(*,*)",mm,mm,gt5,gt5,NA,0.05,CTS,10000.0,,,,,,,,0.85,,,,,,,,,,,,,,,grid_stat_20260727.stat,20260727_190000,0.068,0.45,0.3571,0.15,0.2,0.4571,0.3,0.4,,,,
STAT,V12.0.0,20260820_055425,INANWP,NA,000000,20260727_190000,000000,20260727_190000,20260727_070000,20260727_070000,NA,RAINNC,"(*,*)",hourlyPrecipRateGC,"(*,*)",mm,mm,gt5,gt5,NA,0.05,CTC,10000.0,,,,,,,,,,,,,,,,,,,,,,,grid_stat_20260727.stat,20260727_190000,,,,,,,,,571.0,182.0,271.0,8935.0
STAT,V12.0.0,20260820_055425,INANWP,NA,000000,20260727_190000,000000,20260727_190000,20260727_070000,20260727_070000,NA,RAINNC,"(*,*)",hourlyPrecipRateGC,"(*,*)",mm,mm,gt10,gt10,NA,0.05,CNT,10000.0,0.135,6.036,4.036,3.036,3.536,4.036,3.236,0.7143,16.287,4.036,0.5,3.229,0.675,0.9,0.1,1.0,0.5,0.2,0.1,0.05,0.04,0.03,grid_stat_20260727.stat,20260727_190000,,,,,,,,,,,,
STAT,V12.0.0,20260820_055425,INANWP,NA,000000,20260727_190000,000000,20260727_190000,20260727_070000,20260727_070000,NA,RAINNC,"(*,*)",hourlyPrecipRateGC,"(*,*)",mm,mm,gt10,gt10,NA,0.05,CTS,10000.0,,,,,,,,0.85,,,,,,,,,,,,,,,grid_stat_20260727.stat,20260727_190000,0.068,0.45,0.3321,0.15,0.2,0.4321,0.3,0.4,,,,
STAT,V12.0.0,20260820_055425,INANWP,NA,000000,20260727_190000,000000,20260727_190000,20260727_070000,20260727_070000,NA,RAINNC,"(*,*)",hourlyPrecipRateGC,"(*,*)",mm,mm,gt10,gt10,NA,0.05,CTC,10000.0,,,,,,,,,,,,,,,,,,,,,,,grid_stat_20260727.stat,20260727_190000,,,,,,,,,566.0,183.0,273.0,8933.0
STAT,V12.0.0,20260820_055425,INANWP,NA,000000,20260727_190000,000000,20260727_190000,20260727_070000,20260727_070000,NA,RAINNC,"(*,*)",hourlyPrecipRateGC,"(*,*)",mm,mm,gt20,gt20,NA,0.05,CNT,10000.0,0.135,6.036,4.036,3.036,3.536,4.036,3.236,0.7143,16.287,4.036,0.5,3.229,0.675,0.9,0.1,1.0,0.5,0.2,0.1,0.05,0.04,0.03,grid_stat_20260727.stat,20260727_190000,,,,,,,,,,,,
STAT,V12.0.0,20260820_055425,INANWP,NA,000000,20260727_190000,000000,20260727_190000,20260727_070000,20260727_070000,NA,RAINNC,"(*,*)",hourlyPrecipRateGC,"(*,*)",mm,mm,gt20,gt20,NA,0.05,CTS,10000.0,,,,,,,,0.85,,,,,,,,,,,,,,,grid_stat_20260727.stat,20260727_190000,0.068,0.45,0.2821,0.15,0.2,0.3821,0.3,0.4,,,,
STAT,V12.0.0,20260820_055425,INANWP,NA,000000,20260727_190000,000000,20260727_190000,20260727_070000,20260727_070000,NA,RAINNC,"(*,*)",hourlyPrecipRateGC,"(*,*)",mm,mm,gt20,gt20,NA,0.05,CTC,10000.0,,,,,,,,,,,,,,,,,,,,,,,grid_stat_20260727.stat,20260727_190000,,,,,,,,,556.0,185.0,277.0,8928.0
STAT,V12.0.0,20260820_055425,INANWP,NA,000000,20260727_190000,000000,20260727_190000,20260727_070000,20260727_070000,NA,RAINNC,"(*,*)",hourlyPrecipRateGC,"(*,*)",mm,mm,gt50,gt50,NA,0.05,CNT,10000.0,0.135,6.036,4.036,3.036,3.536,4.036,3.236,0.7143,16.287,4.036,0.5,3.229,0.675,0.9,0.1,1.0,0.5,0.2,0.1,0.05,0.04,0.03,grid_stat_20260727.stat,20260727_190000,,,,,,,,,,,,
STAT,V12.0.0,20260820_055425,INANWP,NA,000000,20260727_190000,000000,20260727_190000,20260727_070000,20260727_070000,NA,RAINNC,"(*,*)",hourlyPrecipRateGC,"(*,*)",mm,mm,gt50,gt50,NA,0.05,CTS,10000.0,,,,,,,,0.85,,,,,,,,,,,,,,,grid_stat_20260727.stat,20260727_190000,0.068,0.45,0.1321,0.15,0.2,0.2321,0.3,0.4,,,,
STAT,V12.0.0,20260820_055425,INANWP,NA,000000,20260727_190000,000000,20260727_190000,20260727_070000,20260727_070000,NA,RAINNC,"(*,*)",hourlyPrecipRateGC,"(*,*)",mm,mm,gt50,gt50,NA,0.05,CTC,10000.0,,,,,,,,,,,,,,,,,,,,,,,grid_stat_20260727.stat,20260727_190000,,,,,,,,,526.0,193.0,289.0,8913.0
STAT,V12.0.0,20260820_055425,INANWP,NA,000000,20260727_200000,000000,20260727_200000,20260727_080000,20260727_080000,NA,RAINNC,"(*,*)",hourlyPrecipRateGC,"(*,*)",mm,mm,gt0.1,gt0.1,NA,0.05,CNT,10000.0,0.14,6.143,4.143,3.143,3.643,4.143,3.343,0.7071,17.163,4.143,0.5,3.314,0.7,0.9,0.1,1.0,0.5,0.2,0.1,0.05,0.04,0.03,grid_stat_20260727.stat,20260727_200000,,,,,,,,,,,,
STAT,V12.0.0,20260820_055425,INANWP,NA,000000,20260727_200000,000000,20260727_200000,20260727_080000,20260727_080000,NA,RAINNC,"(*,*)",hourlyPrecipRateGC,"(*,*)",mm,mm,gt0.1,gt0.1,NA,0.05,CTS,10000.0,,,,,,,,0.85,,,,,,,,,,,,,,,grid_stat_20260727.stat,20260727_200000,0.07,0.45,0.3781,0.15,0.2,0.4781,0.3,0.4,,,,
STAT,V12.0.0,20260820_055425,INANWP,NA,000000,20260727_200000,000000,20260727_200000,20260727_080000,20260727_080000,NA,RAINNC,"(*,*)",hourlyPrecipRateGC,"(*,*)",mm,mm,gt0.1,gt0.1,NA,0.05,CTC,10000.0,,,,,,,,,,,,,,,,,,,,,,,grid_stat_20260727.stat,20260727_200000,,,,,,,,,575.0,181.0,269.0,8937.0
STAT,V12.0.0,20260820_055425,INANWP,NA,000000,20260727_200000,000000,20260727_200000,20260727_080000,20260727_080000,NA,RAINNC,"(*,*)",hourlyPrecipRateGC,"(*,*)",mm,mm,gt1,gt1,NA,0.05,CNT,10000.0,0.14,6.143,4.143,3.143,3.643,4.143,3.343,0.7071,17.163,4.143,0.5,3.314,0.7,0.9,0.1,1.0,0.5,0.2,0.1,0.05,0.04,0.03,grid_stat_20260727.stat,20260727_200000,,,,,,,,,,,,
STAT,V12.0.0,20260820_055425,INANWP,NA,000000,20260727_200000,000000,20260727_200000,20260727_080000,20260727_080000,NA,RAINNC,"(*,*)",hourlyPrecipRateGC,"(*,*)",mm,mm,gt1,gt1,NA,0.05,CTS,10000.0,,,,,,,,0.85,,,,,,,,,,,,,,,grid_stat_20260727.stat,20260727_200000,0.07,0.45,0.3736,0.15,0.2,0.4736,0.3,0.4,,,,
STAT,V12.0.0,20260820_055425,INANWP,NA,000000,20260727_200000,000000,20260727_200000,20260727_080000,20260727_080000,NA,RAINNC,"(*,*)",hourlyPrecipRateGC,"(*,*)",mm,mm,gt1,gt1,NA,0.05,CTC,10000.0,,,,,,,,,,,,,,,,,,,,,,,grid_stat_20260727.stat,20260727_200000,,,,,,,,,574.0,181.0,270.0,8937.0
STAT,V12.0.0,20260820_055425,INANWP,NA,000000,20260727_200000,000000,20260727_200000,20260727_080000,20260727_080000,NA,RAINNC,"(*,*)",hourlyPrecipRateGC,"(*,*)",mm,mm,gt5,gt5,NA,0.05,CNT,10000.0,0.14,6.143,4.143,3.143,3.643,4.143,3.343,0.7071,17.163,4.143,0.5,3.314,0.7,0.9,0.1,1.0,0.5,0.2,0.1,0.05,0.04,0.03,grid_stat_20260727.stat,20260727_200000,,,,,,,,,,,,
STAT,V12.0.0,20260820_055425,INANWP,NA,000000,20260727_200000,000000,20260727_200000,20260727_080000,20260727_080000,NA,RAINNC,"(*,*)",hourlyPrecipRateGC,"(*,*)",mm,mm,gt5,gt5,NA,0.05,CTS,10000.0,,,,,,,,0.85,,,,,,,,,,,,,,,grid_stat_20260727.stat,20260727_200000,0.07,0.45,0.3536,0.15,0.2,0.4536,0.3,0.4,,,,
STAT,V12.0.0,20260820_055425,INANWP,NA,000000,20260727_200000,000000,20260727_200000,20260727_080000,20260727_080000,NA,RAINNC,"(*,*)",hourlyPrecipRateGC,"(*,*)",mm,mm,gt5,gt5,NA,0.05,CTC,10000.0,,,,,,,,,,,,,,,,,,,,,,,grid_stat_20260727.stat,20260727_200000,,,,,,,,,570.0,182.0,271.0,8935.0
STAT,V12.0.0,20260820_055425,INANWP,NA,000000,20260727_200000,000000,20260727_200000,20260727_080000,20260727_080000,NA,RAINNC,"(*,*)",hourlyPrecipRateGC,"(*,*)",mm,mm,gt10,gt10,NA,0.05,CNT,10000.0,0.14,6.143,4.143,3.143,3.643,4.143,3.343,0.7071,17.163,4.143,0.5,3.314,0.7,0.9,0.1,1.0,0.5,0.2,0.1,0.05,0.04,0.03,grid_stat_20260727.stat,20260727_200000,,,,,,,,,,,,
STAT,V12.0.0,20260820_055425,INANWP,NA,000000,20260727_200000,000000,20260727_200000,20260727_080000,20260727_080000,NA,RAINNC,"(*,*)",hourlyPrecipRateGC,"(*,*)",mm,mm,gt10,gt10,NA,0.05,CTS,10000.0,,,,,,,,0.85,,,,,,,,,,,,,,,grid_stat_20260727.stat,20260727_200000,0.07,0.45,0.3286,0.15,0.2,0.4286,0.3,0.4,,,,
STAT,V12.0.0,20260820_055425,INANWP,NA,000000,20260727_200000,000000,20260727_200000,20260727_080000,20260727_080000,NA,RAINNC,"(*,*)",hourlyPrecipRateGC,"(*,*)",mm,mm,gt10,gt10,NA,0.05,CTC,10000.0,,,,,,,,,,,,,,,,,,,,,,,grid_stat_20260727.stat,20260727_200000,,,,,,,,,565.0,183.0,273.0,8932.0
STAT,V12.0.0,20260820_055425,INANWP,NA,000000,20260727_200000,000000,20260727_200000,20260727_080000,20260727_080000,NA,RAINNC,"(*,*)",hourlyPrecipRateGC,"(*,*)",mm,mm,gt20,gt20,NA,0.05,CNT,10000.0,0.14,6.143,4.143,3.143,3.643,4.143,3.343,0.7071,17.163,4.143,0.5,3.314,0.7,0.9,0.1,1.0,0.5,0.2,0.1,0.05,0.04,0.03,grid_stat_20260727.stat,20260727_200000,,,,,,,,,,,,
STAT,V12.0.0,20260820_055425,INANWP,NA,000000,20260727_200000,000000,20260727_200000,20260727_080000,20260727_080000,NA,RAINNC,"(*,*)",hourlyPrecipRateGC,"(*,*)",mm,mm,gt20,gt20,NA,0.05,CTS,10000.0,,,,,,,,0.85,,,,,,,,,,,,,,,grid_stat_20260727.stat,20260727_200000,0.07,0.45,0.2786,0.15,0.2,0.3786,0.3,0.4,,,,
STAT,V12.0.0,20260820_055425,INANWP,NA,000000,20260727_200000,000000,20260727_200000,20260727_080000,20260727_080000,NA,RAINNC,"(*,*)",hourlyPrecipRateGC,"(*,*)",mm,mm,gt20,gt20,NA,0.05,CTC,10000.0,,,,,,,,,,,,,,,,,,,,,,,grid_stat_20260727.stat,20260727_200000,,,,,,,,,555.0,186.0,277.0,8927.0
STAT,V12.0.0,20260820_055425,INANWP,NA,000000,20260727_200000,000000,20260727_200000,20260727_080000,20260727_080000,NA,RAINNC,"(*,*)",hourlyPrecipRateGC,"(*,*)",mm,mm,gt50,gt50,NA,0.05,CNT,10000.0,0.14,6.143,4.143,3.143,3.643,4.143,3.343,0.7071,17.163,4.143,0.5,3.314,0.7,0.9,0.1,1.0,0.5,0.2,0.1,0.05,0.04,0.03,grid_stat_20260727.stat,20260727_200000,,,,,,,,,,,,
STAT,V12.0.0,20260820_055425,INANWP,NA,000000,20260727_200000,000000,20260727_200000,20260727_080000,20260727_080000,NA,RAINNC,"(*,*)",hourlyPrecipRateGC,"(*,*)",mm,mm,gt50,gt50,NA,0.05,CTS,10000.0,,,,,,,,0.85,,,,,,,,,,,,,,,grid_stat_20260727.stat,20260727_200000,0.07,0.45,0.1286,0.15,0.2,0.2286,0.3,0.4,,,,
STAT,V12.0.0,20260820_055425,INANWP,NA,000000,20260727_200000,000000,20260727_200000,20260727_080000,20260727_080000,NA,RAINNC,"(*,*)",hourlyPrecipRateGC,"(*,*)",mm,mm,gt50,gt50,NA,0.05,CTC,10000.0,,,,,,,,,,,,,,,,,,,,,,,grid_stat_20260727.stat,20260727_200000,,,,,,,,,525.0,193.0,289.0,8912.0
STAT,V12.0.0,20260820_055425,INANWP,NA,000000,20260727_210000,000000,20260727_210000,20260727_090000,20260727_090000,NA,RAINNC,"(*,*)",hourlyPrecipRateGC,"(*,*)",mm,mm,gt0.1,gt0.1,NA,0.05,CNT,10000.0,0.145,6.25,4.25,3.25,3.75,4.25,3.45,0.7,18.062,4.25,0.5,3.4,0.725,0.9,0.1,1.0,0.5,0.2,0.1,0.05,0.04,0.03,grid_stat_20260727.stat,20260727_210000,,,,,,,,,,,,
STAT,V12.0.0,20260820_055425,INANWP,NA,000000,20260727_210000,000000,20260727_210000,20260727_090000,20260727_090000,NA,RAINNC,"(*,*)",hourlyPrecipRateGC,"(*,*)",mm,mm,gt0.1,gt0.1,NA,0.05,CTS,10000.0,,,,,,,,0.85,,,,,,,,,,,,,,,grid_stat_20260727.stat,20260727_210000,0.072,0.45,0.3745,0.15,0.2,0.4745,0.3,0.4,,,,
STAT,V12.0.0,20260820_055425,INANWP,NA,000000,20260727_210000,000000,20260727_210000,20260727_090000,20260727_090000,NA,RAINNC,"(*,*)",hourlyPrecipRateGC,"(*,*)",mm,mm,gt0.1,gt0.1,NA,0.05,CTC,10000.0,,,,,,,,,,,,,,,,,,,,,,,grid_stat_20260727.stat,20260727_210000,,,,,,,,,574.0,181.0,270.0,8937.0
STAT,V12.0.0,20260820_055425,INANWP,NA,000000,20260727_210000,000000,20260727_210000,20260727_090000,20260727_090000,NA,RAINNC,"(*,*)",hourlyPrecipRateGC,"(*,*)",mm,mm,gt1,gt1,NA,0.05,CNT,10000.0,0.145,6.25,4.25,3.25,3.75,4.25,3.45,0.7,18.062,4.25,0.5,3.4,0.725,0.9,0.1,1.0,0.5,0.2,0.1,0.05,0.04,0.03,grid_stat_20260727.stat,20260727_210000,,,,,,,,,,,,
STAT,V12.0.0,20260820_055425,INANWP,NA,000000,20260727_210000,000000,20260727_210000,20260727_090000,20260727_090000,NA,RAINNC,"(*,*)",hourlyPrecipRateGC,"(*,*)",mm,mm,gt1,gt1,NA,0.05,CTS,10000.0,,,,,,,,0.85,,,,,,,,,,,,,,,grid_stat_20260727.stat,20260727_210000,0.072,0.45,0.37,0.15,0.2,0.47,0.3,0.4,,,,
STAT,V12.0.0,20260820_055425,INANWP,NA,000000,20260727_210000,000000,20260727_210000,20260727_090000,20260727_090000,NA,RAINNC,"(*,*)",hourlyPrecipRateGC,"(*,*)",mm,mm,gt1,gt1,NA,0.05,CTC,10000.0,,,,,,,,,,,,,,,,,,,,,,,grid_stat_20260727.stat,20260727_210000,,,,,,,,,574.0,181.0,270.0,8937.0
STAT,V12.0.0,20260820_055425,INANWP,NA,000000,20260727_210000,000000,20260727_210000,20260727_090000,20260727_090000,NA,RAINNC,"(*,*)",hourlyPrecipRateGC,"(*,*)",mm,mm,gt5,gt5,NA,0.05,CNT,10000.0,0.145,6.25,4.25,3.25,3.75,4.25,3.45,0.7,18.062,4.25,0.5,3.4,0.725,0.9,0.1,1.0,0.5,0.2,0.1,0.05,0.04,0.03,grid_stat_20260727.stat,20260727_210000,,,,,,,,,,,,
STAT,V12.0.0,20260820_055425,INANWP,NA,000000,20260727_210000,000000,20260727_210000,20260727_090000,20260727_090000,NA,RAINNC,"(*,*)",hourlyPrecipRateGC,"(*,*)",mm,mm,gt5,gt5,NA,0.05,CTS,10000.0,,,,,,,,0.85,,,,,,,,,,,,,,,grid_stat_20260727.stat,20260727_210000,0.072,0.45,0.35,0.15,0.2,0.45,0.3,0.4,,,,
STAT,V12.0.0,20260820_055425,INANWP,NA,000000,20260727_210000,000000,20260727_210000,20260727_090000,20260727_090000,NA,RAINNC,"(*,*)",hourlyPrecipRateGC,"(*,*)",mm,mm,gt5,gt5,NA,0.05,CTC,10000.0,,,,,,,,,,,,,,,,,,,,,,,grid_stat_20260727.stat,20260727_210000,,,,,,,,,570.0,182.0,272.0,8935.0
STAT,V12.0.0,20260820_055425,INANWP,NA,000000,20260727_210000,000000,20260727_210000,20260727_090000,20260727_090000,NA,RAINNC,"(*,*)",hourlyPrecipRateGC,"(*,*)",mm,mm,gt10,gt10,NA,0.05,CNT,10000.0,0.145,6.25,4.25,3.25,3.75,4.25,3.45,0.7,18.062,4.25,0.5,3.4,0.725,0.9,0.1,1.0,0.5,0.2,0.1,0.05,0.04,0.03,grid_stat_20260727.stat,20260727_210000,,,,,,,,,,,,
STAT,V12.0.0,20260820_055425,INANWP,NA,000000,20260727_210000,000000,20260727_210000,20260727_090000,20260727_090000,NA,RAINNC,"(*,*)",hourlyPrecipRateGC,"(*,*)",mm,mm,gt10,gt10,NA,0.05,CTS,10000.0,,,,,,,,0.85,,,,,,,,,,,,,,,grid_stat_20260727.stat,20260727_210000,0.072,0.45,0.325,0.15,0.2,0.425,0.3,0.4,,,,
STAT,V12.0.0,20260820_055425,INANWP,NA,000000,20260727_210000,000000,20260727_210000,20260727_090000,20260727_090000,NA,RAINNC,"(*,*)",hourlyPrecipRateGC,"(*,*)",mm,mm,gt10,gt10,NA,0.05,CTC,10000.0,,,,,,,,,,,,,,,,,,,,,,,grid_stat_20260727.stat,20260727_210000,,,,,,,,,565.0,183.0,274.0,8932.0
STAT,V12.0.0,20260820_055425,INANWP,NA,000000,20260727_210000,000000,20260727_210000,20260727_090000,20260727_090000,NA,RAINNC,"(*,*)",hourlyPrecipRateGC,"(*,*)",mm,mm,gt20,gt20,NA,0.05,CNT,10000.0,0.145,6.25,4.25,3.25,3.75,4.25,3.45,0.7,18.062,4.25,0.5,3.4,0.725,0.9,0.1,1.0,0.5,0.2,0.1,0.05,0.04,0.03,grid_stat_20260727.stat,20260727_210000,,,,,,,,,,,,
STAT,V12.0.0,20260820_055425,INANWP,NA,000000,20260727_210000,000000,20260727_210000,20260727_090000,20260727_090000,NA,RAINNC,"(*,*)",hourlyPrecipRateGC,"(*,*)",mm,mm,gt20,gt20,NA,0.05,CTS,10000.0,,,,,,,,0.85,,,,,,,,,,,,,,,grid_stat_20260727.stat,20260727_210000,0.072,0.45,0.275,0.15,0.2,0.375,0.3,0.4,,,,
STAT,V12.0.0,20260820_055425,INANWP,NA,000000,20260727_210000,000000,20260727_210000,20260727_090000,20260727_090000,NA,RAINNC,"(*,*)",hourlyPrecipRateGC,"(*,*)",mm,mm,gt20,gt20,NA,0.05,CTC,10000.0,,,,,,,,,,,,,,,,,,,,,,,grid_stat_20260727.stat,20260727_210000,,,,,,,,,555.0,186.0,278.0,8927.0
STAT,V12.0.0,20260820_055425,INANWP,NA,000000,20260727_210000,000000,20260727_210000,20260727_090000,20260727_090000,NA,RAINNC,"(*,*)",hourlyPrecipRateGC,"(*,*)",mm,mm,gt50,gt50,NA,0.05,CNT,10000.0,0.145,6.25,4.25,3.25,3.75,4.25,3.45,0.7,18.062,4.25,0.5,3.4,0.725,0.9,0.1,1.0,0.5,0.2,0.1,0.05,0.04,0.03,grid_stat_20260727.stat,20260727_210000,,,,,,,,,,,,
STAT,V12.0.0,20260820_055425,INANWP,NA,000000,20260727_210000,000000,20260727_210000,20260727_090000,20260727_090000,NA,RAINNC,"(*,*)",hourlyPrecipRateGC,"(*,*)",mm,mm,gt50,gt50,NA,0.05,CTS,10000.0,,,,,,,,0.85,,,,,,,,,,,,,,,grid_stat_20260727.stat,20260727_210000,0.072,0.45,0.125,0.15,0.2,0.225,0.3,0.4,,,,
STAT,V12.0.0,20260820_055425,INANWP,NA,000000,20260727_210000,000000,20260727_210000,20260727_090000,20260727_090000,NA,RAINNC,"(*,*)",hourlyPrecipRateGC,"(*,*)",mm,mm,gt50,gt50,NA,0.05,CTC,10000.0,,,,,,,,,,,,,,,,,,,,,,,grid_stat_20260727.stat,20260727_210000,,,,,,,,,525.0,193.0,290.0,8912.0
STAT,V12.0.0,20260820_055425,INANWP,NA,000000,20260727_220000,000000,20260727_220000,20260727_100000,20260727_100000,NA,RAINNC,"(*,*)",hourlyPrecipRateGC,"(*,*)",mm,mm,gt0.1,gt0.1,NA,0.05,CNT,10000.0,0.15,6.357,4.357,3.357,3.857,4.357,3.557,0.6929,18.985,4.357,0.5,3.486,0.75,0.9,0.1,1.0,0.5,0.2,0.1,0.05,0.04,0.03,grid_stat_20260727.stat,20260727_220000,,,,,,,,,,,,
STAT,V12.0.0,20260820_055425,INANWP,NA,000000,20260727_220000,000000,20260727_220000,20260727_100000,20260727_100000,NA,RAINNC,"(*,*)",hourlyPrecipRateGC,"(*,*)",mm,mm,gt0.1,gt0.1,NA,0.05,CTS,10000.0,,,,,,,,0.85,,,,,,,,,,,,,,,grid_stat_20260727.stat,20260727_220000,0.075,0.45,0.3709,0.15,0.2,0.4709,0.3,0.4,,,,
STAT,V12.0.0,20260820_055425,INANWP,NA,000000,20260727_220000,000000,20260727_220000,20260727_100000,20260727_100000,NA,RAINNC,"(*,*)",hourlyPrecipRateGC,"(*,*)",mm,mm,gt0.1,gt0.1,NA,0.05,CTC,10000.0,,,,,,,,,,,,,,,,,,,,,,,grid_stat_20260727.stat,20260727_220000,,,,,,,,,574.0,181.0,270.0,8937.0
STAT,V12.0.0,20260820_055425,INANWP,NA,000000,20260727_220000,000000,20260727_220000,20260727_100000,20260727_100000,NA,RAINNC,"(*,*)",hourlyPrecipRateGC,"(*,*)",mm,mm,gt1,gt1,NA,0.05,CNT,10000.0,0.15,6.357,4.357,3.357,3.857,4.357,3.557,0.6929,18.985,4.357,0.5,3.486,0.75,0.9,0.1,1.0,0.5,0.2,0.1,0.05,0.04,0.03,grid_stat_20260727.stat,20260727_220000,,,,,,,,,,,,
STAT,V12.0.0,20260820_055425,INANWP,NA,000000,20260727_220000,000000,20260727_220000,20260727_100000,20260727_100000,NA,RAINNC,"(*,*)",hourlyPrecipRateGC,"(*,*)",mm,mm,gt1,gt1,NA,0.05,CTS,10000.0,,,,,,,,0.85,,,,,,,,,,,,,,,grid_stat_20260727.stat,20260727_220000,0.075,0.45,0.3664,0.15,0.2,0.4664,0.3,0.4,,,,
STAT,V12.0.0,20260820_055425,INANWP,NA,000000,20260727_220000,000000,20260727_220000,20260727_100000,20260727_100000,NA,RAINNC,"(*,*)",hourlyPrecipRateGC,"(*,*)",mm,mm,gt1,gt1,NA,0.05,CTC,10000.0,,,,,,,,,,,,,,,,,,,,,,,grid_stat_20260727.stat,20260727_220000,,,,,,,,,573.0,181.0,270.0,8936.0
STAT,V12.0.0,20260820_055425,INANWP,NA,000000,20260727_220000,000000,20260727_220000,20260727_100000,20260727_100000,NA,RAINNC,"(*,*)",hourlyPrecipRateGC,"(*,*)",mm,mm,gt5,gt5,NA,0.05,CNT,10000.0,0.15,6.357,4.357,3.357,3.857,4.357,3.557,0.6929,18.985,4.357,0.5,3.486,0.75,0.9,0.1,1.0,0.5,0.2,0.1,0.05,0.04,0.03,grid_stat_20260727.stat,20260727_220000,,,,,,,,,,,,
STAT,V12.0.0,20260820_055425,INANWP,NA,000000,20260727_220000,000000,20260727_220000,20260727_100000,20260727_100000,NA,RAINNC,"(*,*)",hourlyPrecipRateGC,"(*,*)",mm,mm,gt5,gt5,NA,0.05,CTS,10000.0,,,,,,,,0.85,,,,,,,,,,,,,,,grid_stat_20260727.stat,20260727_220000,0.075,0.45,0.3464,0.15,0.2,0.4464,0.3,0.4,,,,
STAT,V12.0.0,20260820_055425,INANWP,NA,000000,20260727_220000,000000,20260727_220000,20260727_100000,20260727_100000,NA,RAINNC,"(*,*)",hourlyPrecipRateGC,"(*,*)",mm,mm,gt5,gt5,NA,0.05,CTC,10000.0,,,,,,,,,,,,,,,,,,,,,,,grid_stat_20260727.stat,20260727_220000,,,,,,,,,569.0,182.0,272.0,8934.0
STAT,V12.0.0,20260820_055425,INANWP,NA,000000,20260727_220000,000000,20260727_220000,20260727_100000,20260727_100000,NA,RAINNC,"(*,*)",hourlyPrecipRateGC,"(*,*)",mm,mm,gt10,gt10,NA,0.05,CNT,10000.0,0.15,6.357,4.357,3.357,3.857,4.357,3.557,0.6929,18.985,4.357,0.5,3.486,0.75,0.9,0.1,1.0,0.5,0.2,0.1,0.05,0.04,0.03,grid_stat_20260727.stat,20260727_220000,,,,,,,,,,,,
STAT,V12.0.0,20260820_055425,INANWP,NA,000000,20260727_220000,000000,20260727_220000,20260727_100000,20260727_100000,NA,RAINNC,"(*,*)",hourlyPrecipRateGC,"(*,*)",mm,mm,gt10,gt10,NA,0.05,CTS,10000.0,,,,,,,,0.85,,,,,,,,,,,,,,,grid_stat_20260727.stat,20260727_220000,0.075,0.45,0.3214,0.15,0.2,0.4214,0.3,0.4,,,,
STAT,V12.0.0,20260820_055425,INANWP,NA,000000,20260727_220000,000000,20260727_220000,20260727_100000,20260727_100000,NA,RAINNC,"(*,*)",hourlyPrecipRateGC,"(*,*)",mm,mm,gt10,gt10,NA,0.05,CTC,10000.0,,,,,,,,,,,,,,,,,,,,,,,grid_stat_20260727.stat,20260727_220000,,,,,,,,,564.0,183.0,274.0,8932.0
STAT,V12.0.0,20260820_055425,INANWP,NA,000000,20260727_220000,000000,20260727_220000,20260727_100000,20260727_100000,NA,RAINNC,"(*,*)",hourlyPrecipRateGC,"(*,*)",mm,mm,gt20,gt20,NA,0.05,CNT,10000.0,0.15,6.357,4.357,3.357,3.857,4.357,3.557,0.6929,18.985,4.357,0.5,3.486,0.75,0.9,0.1,1.0,0.5,0.2,0.1,0.05,0.04,0.03,grid_stat_20260727.stat,20260727_220000,,,,,,,,,,,,
STAT,V12.0.0,20260820_055425,INANWP,NA,000000,20260727_220000,000000,20260727_220000,20260727_100000,20260727_100000,NA,RAINNC,"(*,*)",hourlyPrecipRateGC,"(*,*)",mm,mm,gt20,gt20,NA,0.05,CTS,10000.0,,,,,,,,0.85,,,,,,,,,,,,,,,grid_stat_20260727.stat,20260727_220000,0.075,0.45,0.2714,0.15,0.2,0.3714,0.3,0.4,,,,
STAT,V12.0.0,20260820_055425,INANWP,NA,000000,20260727_220000,000000,20260727_220000,20260727_100000,20260727_100000,NA,RAINNC,"(*,*)",hourlyPrecipRateGC,"(*,*)",mm,mm,gt20,gt20,NA,0.05,CTC,10000.0,,,,,,,,,,,,,,,,,,,,,,,grid_stat_20260727.stat,20260727_220000,,,,,,,,,554.0,186.0,278.0,8927.0
STAT,V12.0.0,20260820_055425,INANWP,NA,000000,20260727_220000,000000,20260727_220000,20260727_100000,20260727_100000,NA,RAINNC,"(*,*)",hourlyPrecipRateGC,"(*,*)",mm,mm,gt50,gt50,NA,0.05,CNT,10000.0,0.15,6.357,4.357,3.357,3.857,4.357,3.557,0.6929,18.985,4.357,0.5,3.486,0.75,0.9,0.1,1.0,0.5,0.2,0.1,0.05,0.04,0.03,grid_stat_20260727.stat,20260727_220000,,,,,,,,,,,,
STAT,V12.0.0,20260820_055425,INANWP,NA,000000,20260727_220000,000000,20260727_220000,20260727_100000,20260727_100000,NA,RAINNC,"(*,*)",hourlyPrecipRateGC,"(*,*)",mm,mm,gt50,gt50,NA,0.05,CTS,10000.0,,,,,,,,0.85,,,,,,,,,,,,,,,grid_stat_20260727.stat,20260727_220000,0.075,0.45,0.1214,0.15,0.2,0.2214,0.3,0.4,,,,
STAT,V12.0.0,20260820_055425,INANWP,NA,000000,20260727_220000,000000,20260727_220000,20260727_100000,20260727_100000,NA,RAINNC,"(*,*)",hourlyPrecipRateGC,"(*,*)",mm,mm,gt50,gt50,NA,0.05,CTC,10000.0,,,,,,,,,,,,,,,,,,,,,,,grid_stat_20260727.stat,20260727_220000,,,,,,,,,524.0,193.0,290.0,8912.0
STAT,V12.0.0,20260820_055425,INANWP,NA,000000,20260727_230000,000000,20260727_230000,20260727_110000,20260727_110000,NA,RAINNC,"(*,*)",hourlyPrecipRateGC,"(*,*)",mm,mm,gt0.1,gt0.1,NA,0.05,CNT,10000.0,0.155,6.464,4.464,3.464,3.964,4.464,3.664,0.6857,19.93,4.464,0.5,3.571,0.775,0.9,0.1,1.0,0.5,0.2,0.1,0.05,0.04,0.03,grid_stat_20260727.stat,20260727_230000,,,,,,,,,,,,
STAT,V12.0.0,20260820_055425,INANWP,NA,000000,20260727_230000,000000,20260727_230000,20260727_110000,20260727_110000,NA,RAINNC,"(*,*)",hourlyPrecipRateGC,"(*,*)",mm,mm,gt0.1,gt0.1,NA,0.05,CTS,10000.0,,,,,,,,0.85,,,,,,,,,,,,,,,grid_stat_20260727.stat,20260727_230000,0.077,0.45,0.3674,0.15,0.2,0.4674,0.3,0.4,,,,
STAT,V12.0.0,20260820_055425,INANWP,NA,000000,20260727_230000,000000,20260727_230000,20260727_110000,20260727_110000,NA,RAINNC,"(*,*)",hourlyPrecipRateGC,"(*,*)",mm,mm,gt0.1,gt0.1,NA,0.05,CTC,10000.0,,,,,,,,,,,,,,,,,,,,,,,grid_stat_20260727.stat,20260727_230000,,,,,,,,,573.0,181.0,270.0,8936.0
STAT,V12.0.0,20260820_055425,INANWP,NA,000000,20260727_230000,000000,20260727_230000,20260727_110000,20260727_110000,NA,RAINNC,"(*,*)",hourlyPrecipRateGC,"(*,*)",mm,mm,gt1,gt1,NA,0.05,CNT,10000.0,0.155,6.464,4.464,3.464,3.964,4.464,3.664,0.6857,19.93,4.464,0.5,3.571,0.775,0.9,0.1,1.0,0.5,0.2,0.1,0.05,0.04,0.03,grid_stat_20260727.stat,20260727_230000,,,,,,,,,,,,
STAT,V12.0.0,20260820_055425,INANWP,NA,000000,20260727_230000,000000,20260727_230000,20260727_110000,20260727_110000,NA,RAINNC,"(*,*)",hourlyPrecipRateGC,"(*,*)",mm,mm,gt1,gt1,NA,0.05,CTS,10000.0,,,,,,,,0.85,,,,,,,,,,,,,,,grid_stat_20260727.stat,20260727_230000,0.077,0.45,0.3629,0.15,0.2,0.4629,0.3,0.4,,,,
STAT,V12.0.0,20260820_055425,INANWP,NA,000000,20260727_230000,000000,20260727_230000,20260727_110000,20260727_110000,NA,RAINNC,"(*,*)",hourlyPrecipRateGC,"(*,*)",mm,mm,gt1,gt1,NA,0.05,CTC,10000.0,,,,,,,,,,,,,,,,,,,,,,,grid_stat_20260727.stat,20260727_230000,,,,,,,,,572.0,181.0,270.0,8936.0
STAT,V12.0.0,20260820_055425,INANWP,NA,000000,20260727_230000,000000,20260727_230000,20260727_110000,20260727_110000,NA,RAINNC,"(*,*)",hourlyPrecipRateGC,"(*,*)",mm,mm,gt5,gt5,NA,0.05,CNT,10000.0,0.155,6.464,4.464,3.464,3.964,4.464,3.664,0.6857,19.93,4.464,0.5,3.571,0.775,0.9,0.1,1.0,0.5,0.2,0.1,0.05,0.04,0.03,grid_stat_20260727.stat,20260727_230000,,,,,,,,,,,,
STAT,V12.0.0,20260820_055425,INANWP,NA,000000,20260727_230000,000000,20260727_230000,20260727_110000,20260727_110000,NA,RAINNC,"(*,*)",hourlyPrecipRateGC,"(*,*)",mm,mm,gt5,gt5,NA,0.05,CTS,10000.0,,,,,,,,0.85,,,,,,,,,,,,,,,grid_stat_20260727.stat,20260727_230000,0.077,0.45,0.3429,0.15,0.2,0.4429,0.3,0.4,,,,
STAT,V12.0.0,20260820_055425,INANWP,NA,000000,20260727_230000,000000,20260727_230000,20260727_110000,20260727_110000,NA,RAINNC,"(*,*)",hourlyPrecipRateGC,"(*,*)",mm,mm,gt5,gt5,NA,0.05,CTC,10000.0,,,,,,,,,,,,,,,,,,,,,,,grid_stat_20260727.stat,20260727_230000,,,,,,,,,568.0,182.0,272.0,8934.0
STAT,V12.0.0,20260820_055425,INANWP,NA,000000,20260727_230000,000000,20260727_230000,20260727_110000,20260727_110000,NA,RAINNC,"(*,*)",hourlyPrecipRateGC,"(*,*)",mm,mm,gt10,gt10,NA,0.05,CNT,10000.0,0.155,6.464,4.464,3.464,3.964,4.464,3.664,0.6857,19.93,4.464,0.5,3.571,0.775,0.9,0.1,1.0,0.5,0.2,0.1,0.05,0.04,0.03,grid_stat_20260727.stat,20260727_230000,,,,,,,,,,,,
STAT,V12.0.0,20260820_055425,INANWP,NA,000000,20260727_230000,000000,20260727_230000,20260727_110000,20260727_110000,NA,RAINNC,"(*,*)",hourlyPrecipRateGC,"(*,*)",mm,mm,gt10,gt10,NA,0.05,CTS,10000.0,,,,,,,,0.85,,,,,,,,,,,,,,,grid_stat_20260727.stat,20260727_230000,0.077,0.45,0.3179,0.15,0.2,0.4179,0.3,0.4,,,,
STAT,V12.0.0,20260820_055425,INANWP,NA,000000,20260727_230000,000000,20260727_230000,20260727_110000,20260727_110000,NA,RAINNC,"(*,*)",hourlyPrecipRateGC,"(*,*)",mm,mm,gt10,gt10,NA,0.05,CTC,10000.0,,,,,,,,,,,,,,,,,,,,,,,grid_stat_20260727.stat,20260727_230000,,,,,,,,,563.0,184.0,274.0,8931.0
STAT,V12.0.0,20260820_055425,INANWP,NA,000000,20260727_230000,000000,20260727_230000,20260727_110000,20260727_110000,NA,RAINNC,"(*,*)",hourlyPrecipRateGC,"(*,*)",mm,mm,gt20,gt20,NA,0.05,CNT,10000.0,0.155,6.464,4.464,3.464,3.964,4.464,3.664,0.6857,19.93,4.464,0.5,3.571,0.775,0.9,0.1,1.0,0.5,0.2,0.1,0.05,0.04,0.03,grid_stat_20260727.stat,20260727_230000,,,,,,,,,,,,
STAT,V12.0.0,20260820_055425,INANWP,NA,000000,20260727_230000,000000,20260727_230000,20260727_110000,20260727_110000,NA,RAINNC,"(*,*)",hourlyPrecipRateGC,"(*,*)",mm,mm,gt20,gt20,NA,0.05,CTS,10000.0,,,,,,,,0.85,,,,,,,,,,,,,,,grid_stat_20260727.stat,20260727_230000,0.077,0.45,0.2679,0.15,0.2,0.3679,0.3,0.4,,,,
STAT,V12.0.0,20260820_055425,INANWP,NA,000000,20260727_230000,000000,20260727_230000,20260727_110000,20260727_110000,NA,RAINNC,"(*,*)",hourlyPrecipRateGC,"(*,*)",mm,mm,gt20,gt20,NA,0.05,CTC,10000.0,,,,,,,,,,,,,,,,,,,,,,,grid_stat_20260727.stat,20260727_230000,,,,,,,,,553.0,186.0,278.0,8926.0
STAT,V12.0.0,20260820_055425,INANWP,NA,000000,20260727_230000,000000,20260727_230000,20260727_110000,20260727_110000,NA,RAINNC,"(*,*)",hourlyPrecipRateGC,"(*,*)",mm,mm,gt50,gt50,NA,0.05,CNT,10000.0,0.155,6.464,4.464,3.464,3.964,4.464,3.664,0.6857,19.93,4.464,0.5,3.571,0.775,0.9,0.1,1.0,0.5,0.2,0.1,0.05,0.04,0.03,grid_stat_20260727.stat,20260727_230000,,,,,,,,,,,,
STAT,V12.0.0,20260820_055425,INANWP,NA,000000,20260727_230000,000000,20260727_230000,20260727_110000,20260727_110000,NA,RAINNC,"(*,*)",hourlyPrecipRateGC,"(*,*)",mm,mm,gt50,gt50,NA,0.05,CTS,10000.0,,,,,,,,0.85,,,,,,,,,,,,,,,grid_stat_20260727.stat,20260727_230000,0.077,0.45,0.1179,0.15,0.2,0.2179,0.3,0.4,,,,
STAT,V12.0.0,20260820_055425,INANWP,NA,000000,20260727_230000,000000,20260727_230000,20260727_110000,20260727_110000,NA,RAINNC,"(*,*)",hourlyPrecipRateGC,"(*,*)",mm,mm,gt50,gt50,NA,0.05,CTC,10000.0,,,,,,,,,,,,,,,,,,,,,,,grid_stat_20260727.stat,20260727_230000,,,,,,,,,523.0,194.0,290.0,8911.0
STAT,V12.0.0,20260820_055425,INANWP,NA,000000,20260728_000000,000000,20260728_000000,20260727_120000,20260727_120000,NA,RAINNC,"(*,*)",hourlyPrecipRateGC,"(*,*)",mm,mm,gt0.1,gt0.1,NA,0.05,CNT,10000.0,0.04,7.0,5.0,4.0,4.5,5.0,4.2,0.65,25.0,5.0,0.5,4.0,0.2,0.9,0.1,1.0,0.5,0.2,0.1,0.05,0.04,0.03,grid_stat_20260727.stat,20260728_000000,,,,,,,,,,,,
STAT,V12.0.0,20260820_055425,INANWP,NA,000000,20260728_000000,000000,20260728_000000,20260727_120000,20260727_120000,NA,RAINNC,"(*,*)",hourlyPrecipRateGC,"(*,*)",mm,mm,gt0.1,gt0.1,NA,0.05,CTS,10000.0,,,,,,,,0.85,,,,,,,,,,,,,,,grid_stat_20260727.stat,20260728_000000,0.02,0.45,0.3495,0.15,0.2,0.4495,0.3,0.4,,,,
STAT,V12.0.0,20260820_055425,INANWP,NA,000000,20260728_000000,000000,20260728_000000,20260727_120000,20260727_120000,NA,RAINNC,"(*,*)",hourlyPrecipRateGC,"(*,*)",mm,mm,gt0.1,gt0.1,NA,0.05,CTC,10000.0,,,,,,,,,,,,,,,,,,,,,,,grid_stat_20260727.stat,20260728_000000,,,,,,,,,569.0,182.0,272.0,8934.0
STAT,V12.0.0,20260820_055425,INANWP,NA,000000,20260728_000000,000000,20260728_000000,20260727_120000,20260727_120000,NA,RAINNC,"(*,*)",hourlyPrecipRateGC,"(*,*)",mm,mm,gt1,gt1,NA,0.05,CNT,10000.0,0.04,7.0,5.0,4.0,4.5,5.0,4.2,0.65,25.0,5.0,0.5,4.0,0.2,0.9,0.1,1.0,0.5,0.2,0.1,0.05,0.04,0.03,grid_stat_20260727.stat,20260728_000000,,,,,,,,,,,,
STAT,V12.0.0,20260820_055425,INANWP,NA,000000,20260728_000000,000000,20260728_000000,20260727_120000,20260727_120000,NA,RAINNC,"(*,*)",hourlyPrecipRateGC,"(*,*)",mm,mm,gt1,gt1,NA,0.05,CTS,10000.0,,,,,,,,0.85,,,,,,,,,,,,,,,grid_stat_20260727.stat,20260728_000000,0.02,0.45,0.345,0.15,0.2,0.445,0.3,0.4,,,,
STAT,V12.0.0,20260820_055425,INANWP,NA,000000,20260728_000000,000000,20260728_000000,20260727_120000,20260727_120000,NA,RAINNC,"(*,*)",hourlyPrecipRateGC,"(*,*)",mm,mm,gt1,gt1,NA,0.05,CTC,10000.0,,,,,,,,,,,,,,,,,,,,,,,grid_stat_20260727.stat,20260728_000000,,,,,,,,,569.0,182.0,272.0,8934.0
STAT,V12.0.0,20260820_055425,INANWP,NA,000000,20260728_000000,000000,20260728_000000,20260727_120000,20260727_120000,NA,RAINNC,"(*,*)",hourlyPrecipRateGC,"(*,*)",mm,mm,gt5,gt5,NA,0.05,CNT,10000.0,0.04,7.0,5.0,4.0,4.5,5.0,4.2,0.65,25.0,5.0,0.5,4.0,0.2,0.9,0.1,1.0,0.5,0.2,0.1,0.05,0.04,0.03,grid_stat_20260727.stat,20260728_000000,,,,,,,,,,,,
STAT,V12.0.0,20260820_055425,INANWP,NA,000000,20260728_000000,000000,20260728_000000,20260727_120000,20260727_120000,NA,RAINNC,"(*,*)",hourlyPrecipRateGC,"(*,*)",mm,mm,gt5,gt5,NA,0.05,CTS,10000.0,,,,,,,,0.85,,,,,,,,,,,,,,,grid_stat_20260727.stat,20260728_000000,0.02,0.45,0.325,0.15,0.2,0.425,0.3,0.4,,,,
STAT,V12.0.0,20260820_055425,INANWP,NA,000000,20260728_000000,000000,20260728_000000,20260727_120000,20260727_120000,NA,RAINNC,"(*,*)",hourlyPrecipRateGC,"(*,*)",mm,mm,gt5,gt5,NA,0.05,CTC,10000.0,,,,,,,,,,,,,,,,,,,,,,,grid_stat_20260727.stat,20260728_000000,,,,,,,,,565.0,183.0,274.0,8932.0
STAT,V12.0.0,20260820_055425,INANWP,NA,000000,20260728_000000,000000,20260728_000000,20260727_120000,20260727_120000,NA,RAINNC,"(*,*)",hourlyPrecipRateGC,"(*,*)",mm,mm,gt10,gt10,NA,0.05,CNT,10000.0,0.04,7.0,5.0,4.0,4.5,5.0,4.2,0.65,25.0,5.0,0.5,4.0,0.2,0.9,0.1,1.0,0.5,0.2,0.1,0.05,0.04,0.03,grid_stat_20260727.stat,20260728_000000,,,,,,,,,,,,
STAT,V12.0.0,20260820_055425,INANWP,NA,000000,20260728_000000,000000,20260728_000000,20260727_120000,20260727_120000,NA,RAINNC,"(*,*)",hourlyPrecipRateGC,"(*,*)",mm,mm,gt10,gt10,NA,0.05,CTS,10000.0,,,,,,,,0.85,,,,,,,,,,,,,,,grid_stat_20260727.stat,20260728_000000,0.02,0.45,0.3,0.15,0.2,0.4,0.3,0.4,,,,
STAT,V12.0.0,20260820_055425,INANWP,NA,000000,20260728_000000,000000,20260728_000000,20260727_120000,20260727_120000,NA,RAINNC,"(*,*)",hourlyPrecipRateGC,"(*,*)",mm,mm,gt10,gt10,NA,0.05,CTC,10000.0,,,,,,,,,,,,,,,,,,,,,,,grid_stat_20260727.stat,20260728_000000,,,,,,,,,560.0,185.0,276.0,8930.0
STAT,V12.0.0,20260820_055425,INANWP,NA,000000,20260728_000000,000000,20260728_000000,20260727_120000,20260727_120000,NA,RAINNC,"(*,*)",hourlyPrecipRateGC,"(*,*)",mm,mm,gt20,gt20,NA,0.05,CNT,10000.0,0.04,7.0,5.0,4.0,4.5,5.0,4.2,0.65,25.0,5.0,0.5,4.0,0.2,0.9,0.1,1.0,0.5,0.2,0.1,0.05,0.04,0.03,grid_stat_20260727.stat,20260728_000000,,,,,,,,,,,,
STAT,V12.0.0,20260820_055425,INANWP,NA,000000,20260728_000000,000000,20260728_000000,20260727_120000,20260727_120000,NA,RAINNC,"(*,*)",hourlyPrecipRateGC,"(*,*)",mm,mm,gt20,gt20,NA,0.05,CTS,10000.0,,,,,,,,0.85,,,,,,,,,,,,,,,grid_stat_20260727.stat,20260728_000000,0.02,0.45,0.25,0.15,0.2,0.35,0.3,0.4,,,,
STAT,V12.0.0,20260820_055425,INANWP,NA,000000,20260728_000000,000000,20260728_000000,20260727_120000,20260727_120000,NA,RAINNC,"(*,*)",hourlyPrecipRateGC,"(*,*)",mm,mm,gt20,gt20,NA,0.05,CTC,10000.0,,,,,,,,,,,,,,,,,,,,,,,grid_stat_20260727.stat,20260728_000000,,,,,,,,,550.0,187.0,280.0,8925.0
STAT,V12.0.0,20260820_055425,INANWP,NA,000000,20260728_000000,000000,20260728_000000,20260727_120000,20260727_120000,NA,RAINNC,"(*,*)",hourlyPrecipRateGC,"(*,*)",mm,mm,gt50,gt50,NA,0.05,CNT,10000.0,0.04,7.0,5.0,4.0,4.5,5.0,4.2,0.65,25.0,5.0,0.5,4.0,0.2,0.9,0.1,1.0,0.5,0.2,0.1,0.05,0.04,0.03,grid_stat_20260727.stat,20260728_000000,,,,,,,,,,,,
STAT,V12.0.0,20260820_055425,INANWP,NA,000000,20260728_000000,000000,20260728_000000,20260727_120000,20260727_120000,NA,RAINNC,"(*,*)",hourlyPrecipRateGC,"(*,*)",mm,mm,gt50,gt50,NA,0.05,CTS,10000.0,,,,,,,,0.85,,,,,,,,,,,,,,,grid_stat_20260727.stat,20260728_000000,0.02,0.45,0.1,0.15,0.2,0.2,0.3,0.4,,,,
STAT,V12.0.0,20260820_055425,INANWP,NA,000000,20260728_000000,000000,20260728_000000,20260727_120000,20260727_120000,NA,RAINNC,"(*,*)",hourlyPrecipRateGC,"(*,*)",mm,mm,gt50,gt50,NA,0.05,CTC,10000.0,,,,,,,,,,,,,,,,,,,,,,,grid_stat_20260727.stat,20260728_000000,,,,,,,,,520.0,195.0,292.0,8910.0
STAT,V12.0.0,20260820_055425,INANWP,NA,000000,20260728_010000,000000,20260728_010000,20260727_130000,20260727_130000,NA,RAINNC,"(*,*)",hourlyPrecipRateGC,"(*,*)",mm,mm,gt0.1,gt0.1,NA,0.05,CNT,10000.0,0.045,6.893,4.893,3.893,4.393,4.893,4.093,0.6571,23.94,4.893,0.5,3.914,0.225,0.9,0.1,1.0,0.5,0.2,0.1,0.05,0.04,0.03,grid_stat_20260727.stat,20260728_010000,,,,,,,,,,,,
STAT,V12.0.0,20260820_055425,INANWP,NA,000000,20260728_010000,000000,20260728_010000,20260727_130000,20260727_130000,NA,RAINNC,"(*,*)",hourlyPrecipRateGC,"(*,*)",mm,mm,gt0.1,gt0.1,NA,0.05,CTS,10000.0,,,,,,,,0.85,,,,,,,,,,,,,,,grid_stat_20260727.stat,20260728_010000,0.023,0.45,0.3531,0.15,0.2,0.4531,0.3,0.4,,,,
STAT,V12.0.0,20260820_055425,INANWP,NA,000000,20260728_010000,000000,20260728_010000,20260727_130000,20260727_130000,NA,RAINNC,"(*,*)",hourlyPrecipRateGC,"(*,*)",mm,mm,gt0.1,gt0.1,NA,0.05,CTC,10000.0,,,,,,,,,,,,,,,,,,,,,,,grid_stat_20260727.stat,20260728_010000,,,,,,,,,570.0,182.0,271.0,8935.0
STAT,V12.0.0,20260820_055425,INANWP,NA,000000,20260728_010000,000000,20260728_010000,20260727_130000,20260727_130000,NA,RAINNC,"(*,*)",hourlyPrecipRateGC,"(*,*)",mm,mm,gt1,gt1,NA,0.05,CNT,10000.0,0.045,6.893,4.893,3.893,4.393,4.893,4.093,0.6571,23.94,4.893,0.5,3.914,0.225,0.9,0.1,1.0,0.5,0.2,0.1,0.05,0.04,0.03,grid_stat_20260727.stat,20260728_010000,,,,,,,,,,,,
STAT,V12.0.0,20260820_055425,INANWP,NA,000000,20260728_010000,000000,20260728_010000,20260727_130000,20260727_130000,NA,RAINNC,"(*,*)",hourlyPrecipRateGC,"(*,*)",mm,mm,gt1,gt1,NA,0.05,CTS,10000.0,,,,,,,,0.85,,,,,,,,,,,,,,,grid_stat_20260727.stat,20260728_010000,0.023,0.45,0.3486,0.15,0.2,0.4486,0.3,0.4,,,,
STAT,V12.0.0,20260820_055425,INANWP,NA,000000,20260728_010000,000000,20260728_010000,20260727_130000,20260727_130000,NA,RAINNC,"(*,*)",hourlyPrecipRateGC,"(*,*)",mm,mm,gt1,gt1,NA,0.05,CTC,10000.0,,,,,,,,,,,,,,,,,,,,,,,grid_stat_20260727.stat,20260728_010000,,,,,,,,,569.0,182.0,272.0,8934.0
STAT,V12.0.0,20260820_055425,INANWP,NA,000000,20260728_010000,000000,20260728_010000,20260727_130000,20260727_130000,NA,RAINNC,"(*,*)",hourlyPrecipRateGC,"(*,*)",mm,mm,gt5,gt5,NA,0.05,CNT,10000.0,0.045,6.893,4.893,3.893,4.393,4.893,4.093,0.6571,23.94,4.893,0.5,3.914,0.225,0.9,0.1,1.0,0.5,0.2,0.1,0.05,0.04,0.03,grid_stat_20260727.stat,20260728_010000,,,,,,,,,,,,
STAT,V12.0.0,20260820_055425,INANWP,NA,000000,20260728_010000,000000,20260728_010000,20260727_130000,20260727_130000,NA,RAINNC,"(*,*)",hourlyPrecipRateGC,"(*,*)",mm,mm,gt5,gt5,NA,0.05,CTS,10000.0,,,,,,,,0.85,,,,,,,,,,,,,,,grid_stat_20260727.stat,20260728_010000,0.023,0.45,0.3286,0.15,0.2,0.4286,0.3,0.4,,,,
STAT,V12.0.0,20260820_055425,INANWP,NA,000000,20260728_010000,000000,20260728_010000,20260727_130000,20260727_130000,NA,RAINNC,"(*,*)",hourlyPrecipRateGC,"(*,*)",mm,mm,gt5,gt5,NA,0.05,CTC,10000.0,,,,,,,,,,,,,,,,,,,,,,,grid_stat_20260727.stat,20260728_010000,,,,,,,,,565.0,183.0,273.0,8932.0
STAT,V12.0.0,20260820_055425,INANWP,NA,000000,20260728_010000,000000,20260728_010000,20260727_130000,20260727_130000,NA,RAINNC,"(*,*)",hourlyPrecipRateGC,"(*,*)",mm,mm,gt10,gt10,NA,0.05,CNT,10000.0,0.045,6.893,4.893,3.893,4.393,4.893,4.093,0.6571,23.94,4.893,0.5,3.914,0.225,0.9,0.1,1.0,0.5,0.2,0.1,0.05,0.04,0.03,grid_stat_20260727.stat,20260728_010000,,,,,,,,,,,,
STAT,V12.0.0,20260820_055425,INANWP,NA,000000,20260728_010000,000000,20260728_010000,20260727_130000,20260727_130000,NA,RAINNC,"(*,*)",hourlyPrecipRateGC,"(*,*)",mm,mm,gt10,gt10,NA,0.05,CTS,10000.0,,,,,,,,0.85,,,,,,,,,,,,,,,grid_stat_20260727.stat,20260728_010000,0.023,0.45,0.3036,0.15,0.2,0.4036,0.3,0.4,,,,
STAT,V12.0.0,20260820_055425,INANWP,NA,000000,20260728_010000,000000,20260728_010000,20260727_130000,20260727_130000,NA,RAINNC,"(*,*)",hourlyPrecipRateGC,"(*,*)",mm,mm,gt10,gt10,NA,0.05,CTC,10000.0,,,,,,,,,,,,,,,,,,,,,,,grid_stat_20260727.stat,20260728_010000,,,,,,,,,560.0,184.0,275.0,8930.0
STAT,V12.0.0,20260820_055425,INANWP,NA,000000,20260728_010000,000000,20260728_010000,20260727_130000,20260727_130000,NA,RAINNC,"(*,*)",hourlyPrecipRateGC,"(*,*)",mm,mm,gt20,gt20,NA,0.05,CNT,10000.0,0.045,6.893,4.893,3.893,4.393,4.893,4.093,0.6571,23.94,4.893,0.5,3.914,0.225,0.9,0.1,1.0,0.5,0.2,0.1,0.05,0.04,0.03,grid_stat_20260727.stat,20260728_010000,,,,,,,,,,,,
STAT,V12.0.0,20260820_055425,INANWP,NA,000000,20260728_010000,000000,20260728_010000,20260727_130000,20260727_130000,NA,RAINNC,"(*,*)",hourlyPrecipRateGC,"(*,*)",mm,mm,gt20,gt20,NA,0.05,CTS,10000.0,,,,,,,,0.85,,,,,,,,,,,,,,,grid_stat_20260727.stat,20260728_010000,0.023,0.45,0.2536,0.15,0.2,0.3536,0.3,0.4,,,,
STAT,V12.0.0,20260820_055425,INANWP,NA,000000,20260728_010000,000000,20260728_010000,20260727_130000,20260727_130000,NA,RAINNC,"(*,*)",hourlyPrecipRateGC,"(*,*)",mm,mm,gt20,gt20,NA,0.05,CTC,10000.0,,,,,,,,,,,,,,,,,,,,,,,grid_stat_20260727.stat,20260728_010000,,,,,,,,,550.0,187.0,279.0,8925.0
STAT,V12.0.0,20260820_055425,INANWP,NA,000000,20260728_010000,000000,20260728_010000,20260727_130000,20260727_130000,NA,RAINNC,"(*,*)",hourlyPrecipRateGC,"(*,*)",mm,mm,gt50,gt50,NA,0.05,CNT,10000.0,0.045,6.893,4.893,3.893,4.393,4.893,4.093,0.6571,23.94,4.893,0.5,3.914,0.225,0.9,0.1,1.0,0.5,0.2,0.1,0.05,0.04,0.03,grid_stat_20260727.stat,20260728_010000,,,,,,,,,,,,
STAT,V12.0.0,20260820_055425,INANWP,NA,000000,20260728_010000,000000,20260728_010000,20260727_130000,20260727_130000,NA,RAINNC,"(*,*)",hourlyPrecipRateGC,"(*,*)",mm,mm,gt50,gt50,NA,0.05,CTS,10000.0,,,,,,,,0.85,,,,,,,,,,,,,,,grid_stat_20260727.stat,20260728_010000,0.023,0.45,0.1036,0.15,0.2,0.2036,0.3,0.4,,,,
STAT,V12.0.0,20260820_055425,INANWP,NA,000000,20260728_010000,000000,20260728_010000,20260727_130000,20260727_130000,NA,RAINNC,"(*,*)",hourlyPrecipRateGC,"(*,*)",mm,mm,gt50,gt50,NA,0.05,CTC,10000.0,,,,,,,,,,,,,,,,,,,,,,,grid_stat_20260727.stat,20260728_010000,,,,,,,,,520.0,194.0,291.0,8910.0
STAT,V12.0.0,20260820_055425,INANWP,NA,000000,20260728_020000,000000,20260728_020000,20260727_140000,20260727_140000,NA,RAINNC,"(*,*)",hourlyPrecipRateGC,"(*,*)",mm,mm,gt0.1,gt0.1,NA,0.05,CNT,10000.0,0.05,6.786,4.786,3.786,4.286,4.786,3.986,0.6643,22.903,4.786,0.5,3.829,0.25,0.9,0.1,1.0,0.5,0.2,0.1,0.05,0.04,0.03,grid_stat_20260727.stat,20260728_020000,,,,,,,,,,,,
STAT,V12.0.0,20260820_055425,INANWP,NA,000000,20260728_020000,000000,20260728_020000,20260727_140000,20260727_140000,NA,RAINNC,"(*,*)",hourlyPrecipRateGC,"(*,*)",mm,mm,gt0.1,gt0.1,NA,0.05,CTS,10000.0,,,,,,,,0.85,,,,,,,,,,,,,,,grid_stat_20260727.stat,20260728_020000,0.025,0.45,0.3566,0.15,0.2,0.4566,0.3,0.4,,,,
STAT,V12.0.0,20260820_055425,INANWP,NA,000000,20260728_020000,000000,20260728_020000,20260727_140000,20260727_140000,NA,RAINNC,"(*,*)",hourlyPrecipRateGC,"(*,*)",mm,mm,gt0.1,gt0.1,NA,0.05,CTC,10000.0,,,,,,,,,,,,,,,,,,,,,,,grid_stat_20260727.stat,20260728_020000,,,,,,,,,571.0,182.0,271.0,8935.0
STAT,V12.0.0,20260820_055425,INANWP,NA,000000,20260728_020000,000000,20260728_020000,20260727_140000,20260727_140000,NA,RAINNC,"(*,*)",hourlyPrecipRateGC,"(*,*)",mm,mm,gt1,gt1,NA,0.05,CNT,10000.0,0.05,6.786,4.786,3.786,4.286,4.786,3.986,0.6643,22.903,4.786,0.5,3.829,0.25,0.9,0.1,1.0,0.5,0.2,0.1,0.05,0.04,0.03,grid_stat_20260727.stat,20260728_020000,,,,,,,,,,,,
STAT,V12.0.0,20260820_055425,INANWP,NA,000000,20260728_020000,000000,20260728_020000,20260727_140000,20260727_140000,NA,RAINNC,"(*,*)",hourlyPrecipRateGC,"(*,*)",mm,mm,gt1,gt1,NA,0.05,CTS,10000.0,,,,,,,,0.85,,,,,,,,,,,,,,,grid_stat_20260727.stat,20260728_020000,0.025,0.45,0.3521,0.15,0.2,0.4521,0.3,0.4,,,,
STAT,V12.0.0,20260820_055425,INANWP,NA,000000,20260728_020000,000000,20260728_020000,20260727_140000,20260727_140000,NA,RAINNC,"(*,*)",hourlyPrecipRateGC,"(*,*)",mm,mm,gt1,gt1,NA,0.05,CTC,10000.0,,,,,,,,,,,,,,,,,,,,,,,grid_stat_20260727.stat,20260728_020000,,,,,,,,,570.0,182.0,271.0,8935.0
STAT,V12.0.0,20260820_055425,INANWP,NA,000000,20260728_020000,000000,20260728_020000,20260727_140000,20260727_140000,NA,RAINNC,"(*,*)",hourlyPrecipRateGC,"(*,*)",mm,mm,gt5,gt5,NA,0.05,CNT,10000.0,0.05,6.786,4.786,3.786,4.286,4.786,3.986,0.6643,22.903,4.786,0.5,3.829,0.25,0.9,0.1,1.0,0.5,0.2,0.1,0.05,0.04,0.03,grid_stat_20260727.stat,20260728_020000,,,,,,,,,,,,
STAT,V12.0.0,20260820_055425,INANWP,NA,000000,20260728_020000,000000,20260728_020000,20260727_140000,20260727_140000,NA,RAINNC,"(*,*)",hourlyPrecipRateGC,"(*,*)",mm,mm,gt5,gt5,NA,0.05,CTS,10000.0,,,,,,,,0.85,,,,,,,,,,,,,,,grid_stat_20260727.stat,20260728_020000,0.025,0.45,0.3321,0.15,0.2,0.4321,0.3,0.4,,,,
STAT,V12.0.0,20260820_055425,INANWP,NA,000000,20260728_020000,000000,20260728_020000,20260727_140000,20260727_140000,NA,RAINNC,"(*,*)",hourlyPrecipRateGC,"(*,*)",mm,mm,gt5,gt5,NA,0.05,CTC,10000.0,,,,,,,,,,,,,,,,,,,,,,,grid_stat_20260727.stat,20260728_020000,,,,,,,,,566.0,183.0,273.0,8933.0
STAT,V12.0.0,20260820_055425,INANWP,NA,000000,20260728_020000,000000,20260728_020000,20260727_140000,20260727_140000,NA,RAINNC,"(*,*)",hourlyPrecipRateGC,"(*,*)",mm,mm,gt10,gt10,NA,0.05,CNT,10000.0,0.05,6.786,4.786,3.786,4.286,4.786,3.986,0.6643,22.903,4.786,0.5,3.829,0.25,0.9,0.1,1.0,0.5,0.2,0.1,0.05,0.04,0.03,grid_stat_20260727.stat,20260728_020000,,,,,,,,,,,,
STAT,V12.0.0,20260820_055425,INANWP,NA,000000,20260728_020000,000000,20260728_020000,20260727_140000,20260727_140000,NA,RAINNC,"(*,*)",hourlyPrecipRateGC,"(*,*)",mm,mm,gt10,gt10,NA,0.05,CTS,10000.0,,,,,,,,0.85,,,,,,,,,,,,,,,grid_stat_20260727.stat,20260728_020000,0.025,0.45,0.3071,0.15,0.2,0.4071,0.3,0.4,,,,
STAT,V12.0.0,20260820_055425,INANWP,NA,000000,20260728_020000,000000,20260728_020000,20260727_140000,20260727_140000,NA,RAINNC,"(*,*)",hourlyPrecipRateGC,"(*,*)",mm,mm,gt10,gt10,NA,0.05,CTC,10000.0,,,,,,,,,,,,,,,,,,,,,,,grid_stat_20260727.stat,20260728_020000,,,,,,,,,561.0,184.0,275.0,8930.0
STAT,V12.0.0,20260820_055425,INANWP,NA,000000,20260728_020000,000000,20260728_020000,20260727_140000,20260727_140000,NA,RAINNC,"(*,*)",hourlyPrecipRateGC,"(*,*)",mm,mm,gt20,gt20,NA,0.05,CNT,10000.0,0.05,6.786,4.786,3.786,4.286,4.786,3.986,0.6643,22.903,4.786,0.5,3.829,0.25,0.9,0.1,1.0,0.5,0.2,0.1,0.05,0.04,0.03,grid_stat_20260727.stat,20260728_020000,,,,,,,,,,,,
STAT,V12.0.0,20260820_055425,INANWP,NA,000000,20260728_020000,000000,20260728_020000,20260727_140000,20260727_140000,NA,RAINNC,"(*,*)",hourlyPrecipRateGC,"(*,*)",mm,mm,gt20,gt20,NA,0.05,CTS,10000.0,,,,,,,,0.85,,,,,,,,,,,,,,,grid_stat_20260727.stat,20260728_020000,0.025,0.45,0.2571,0.15,0.2,0.3571,0.3,0.4,,,,
STAT,V12.0.0,20260820_055425,INANWP,NA,000000,20260728_020000,000000,20260728_020000,20260727_140000,20260727_140000,NA,RAINNC,"(*,*)",hourlyPrecipRateGC,"(*,*)",mm,mm,gt20,gt20,NA,0.05,CTC,10000.0,,,,,,,,,,,,,,,,,,,,,,,grid_stat_20260727.stat,20260728_020000,,,,,,,,,551.0,187.0,279.0,8925.0
STAT,V12.0.0,20260820_055425,INANWP,NA,000000,20260728_020000,000000,20260728_020000,20260727_140000,20260727_140000,NA,RAINNC,"(*,*)",hourlyPrecipRateGC,"(*,*)",mm,mm,gt50,gt50,NA,0.05,CNT,10000.0,0.05,6.786,4.786,3.786,4.286,4.786,3.986,0.6643,22.903,4.786,0.5,3.829,0.25,0.9,0.1,1.0,0.5,0.2,0.1,0.05,0.04,0.03,grid_stat_20260727.stat,20260728_020000,,,,,,,,,,,,
STAT,V12.0.0,20260820_055425,INANWP,NA,000000,20260728_020000,000000,20260728_020000,20260727_140000,20260727_140000,NA,RAINNC,"(*,*)",hourlyPrecipRateGC,"(*,*)",mm,mm,gt50,gt50,NA,0.05,CTS,10000.0,,,,,,,,0.85,,,,,,,,,,,,,,,grid_stat_20260727.stat,20260728_020000,0.025,0.45,0.1071,0.15,0.2,0.2071,0.3,0.4,,,,
STAT,V12.0.0,20260820_055425,INANWP,NA,000000,20260728_020000,000000,20260728_020000,20260727_140000,20260727_140000,NA,RAINNC,"(*,*)",hourlyPrecipRateGC,"(*,*)",mm,mm,gt50,gt50,NA,0.05,CTC,10000.0,,,,,,,,,,,,,,,,,,,,,,,grid_stat_20260727.stat,20260728_020000,,,,,,,,,521.0,194.0,291.0,8910.0
STAT,V12.0.0,20260820_055425,INANWP,NA,000000,20260728_030000,000000,20260728_030000,20260727_150000,20260727_150000,NA,RAINNC,"(*,*)",hourlyPrecipRateGC,"(*,*)",mm,mm,gt0.1,gt0.1,NA,0.05,CNT,10000.0,0.055,6.679,4.679,3.679,4.179,4.679,3.879,0.6714,21.889,4.679,0.5,3.743,0.275,0.9,0.1,1.0,0.5,0.2,0.1,0.05,0.04,0.03,grid_stat_20260727.stat,20260728_030000,,,,,,,,,,,,
STAT,V12.0.0,20260820_055425,INANWP,NA,000000,20260728_030000,000000,20260728_030000,20260727_150000,20260727_150000,NA,RAINNC,"(*,*)",hourlyPrecipRateGC,"(*,*)",mm,mm,gt0.1,gt0.1,NA,0.05,CTS,10000.0,,,,,,,,0.85,,,,,,,,,,,,,,,grid_stat_20260727.stat,20260728_030000,0.028,0.45,0.3602,0.15,0.2,0.4602,0.3,0.4,,,,
STAT,V12.0.0,20260820_055425,INANWP,NA,000000,20260728_030000,000000,20260728_030000,20260727_150000,20260727_150000,NA,RAINNC,"(*,*)",hourlyPrecipRateGC,"(*,*)",mm,mm,gt0.1,gt0.1,NA,0.05,CTC,10000.0,,,,,,,,,,,,,,,,,,,,,,,grid_stat_20260727.stat,20260728_030000,,,,,,,,,572.0,181.0,271.0,8936.0
STAT,V12.0.0,20260820_055425,INANWP,NA,000000,20260728_030000,000000,20260728_030000,20260727_150000,20260727_150000,NA,RAINNC,"(*,*)",hourlyPrecipRateGC,"(*,*)",mm,mm,gt1,gt1,NA,0.05,CNT,10000.0,0.055,6.679,4.679,3.679,4.179,4.679,3.879,0.6714,21.889,4.679,0.5,3.743,0.275,0.9,0.1,1.0,0.5,0.2,0.1,0.05,0.04,0.03,grid_stat_20260727.stat,20260728_030000,,,,,,,,,,,,
STAT,V12.0.0,20260820_055425,INANWP,NA,000000,20260728_030000,000000,20260728_030000,20260727_150000,20260727_150000,NA,RAINNC,"(*,*)",hourlyPrecipRateGC,"(*,*)",mm,mm,gt1,gt1,NA,0.05,CTS,10000.0,,,,,,,,0.85,,,,,,,,,,,,,,,grid_stat_20260727.stat,20260728_030000,0.028,0.45,0.3557,0.15,0.2,0.4557,0.3,0.4,,,,
STAT,V12.0.0,20260820_055425,INANWP,NA,000000,20260728_030000,000000,20260728_030000,20260727_150000,20260727_150000,NA,RAINNC,"(*,*)",hourlyPrecipRateGC,"(*,*)",mm,mm,gt1,gt1,NA,0.05,CTC,10000.0,,,,,,,,,,,,,,,,,,,,,,,grid_stat_20260727.stat,20260728_030000,,,,,,,,,571.0,182.0,271.0,8935.0
STAT,V12.0.0,20260820_055425,INANWP,NA,000000,20260728_030000,000000,20260728_030000,20260727_150000,20260727_150000,NA,RAINNC,"(*,*)",hourlyPrecipRateGC,"(*,*)",mm,mm,gt5,gt5,NA,0.05,CNT,10000.0,0.055,6.679,4.679,3.679,4.179,4.679,3.879,0.6714,21.889,4.679,0.5,3.743,0.275,0.9,0.1,1.0,0.5,0.2,0.1,0.05,0.04,0.03,grid_stat_20260727.stat,20260728_030000,,,,,,,,,,,,
STAT,V12.0.0,20260820_055425,INANWP,NA,000000,20260728_030000,000000,20260728_030000,20260727_150000,20260727_150000,NA,RAINNC,"(*,*)",hourlyPrecipRateGC,"(*,*)",mm,mm,gt5,gt5,NA,0.05,CTS,10000.0,,,,,,,,0.85,,,,,,,,,,,,,,,grid_stat_20260727.stat,20260728_030000,0.028,0.45,0.3357,0.15,0.2,0.4357,0.3,0.4,,,,
STAT,V12.0.0,20260820_055425,INANWP,NA,000000,20260728_030000,000000,20260728_030000,20260727_150000,20260727_150000,NA,RAINNC,"(*,*)",hourlyPrecipRateGC,"(*,*)",mm,mm,gt5,gt5,NA,0.05,CTC,10000.0,,,,,,,,,,,,,,,,,,,,,,,grid_stat_20260727.stat,20260728_030000,,,,,,,,,567.0,183.0,273.0,8933.0
STAT,V12.0.0,20260820_055425,INANWP,NA,000000,20260728_030000,000000,20260728_030000,20260727_150000,20260727_150000,NA,RAINNC,"(*,*)",hourlyPrecipRateGC,"(*,*)",mm,mm,gt10,gt10,NA,0.05,CNT,10000.0,0.055,6.679,4.679,3.679,4.179,4.679,3.879,0.6714,21.889,4.679,0.5,3.743,0.275,0.9,0.1,1.0,0.5,0.2,0.1,0.05,0.04,0.03,grid_stat_20260727.stat,20260728_030000,,,,,,,,,,,,
STAT,V12.0.0,20260820_055425,INANWP,NA,000000,20260728_030000,000000,20260728_030000,20260727_150000,20260727_150000,NA,RAINNC,"(*,*)",hourlyPrecipRateGC,"(*,*)",mm,mm,gt10,gt10,NA,0.05,CTS,10000.0,,,,,,,,0.85,,,,,,,,,,,,,,,grid_stat_20260727.stat,20260728_030000,0.028,0.45,0.3107,0.15,0.2,0.4107,0.3,0.4,,,,
STAT,V12.0.0,20260820_055425,INANWP,NA,000000,20260728_030000,000000,20260728_030000,20260727_150000,20260727_150000,NA,RAINNC,"(*,*)",hourlyPrecipRateGC,"(*,*)",mm,mm,gt10,gt10,NA,0.05,CTC,10000.0,,,,,,,,,,,,,,,,,,,,,,,grid_stat_20260727.stat,20260728_030000,,,,,,,,,562.0,184.0,275.0,8931.0
STAT,V12.0.0,20260820_055425,INANWP,NA,000000,20260728_030000,000000,20260728_030000,20260727_150000,20260727_150000,NA,RAINNC,"(*,*)",hourlyPrecipRateGC,"(*,*)",mm,mm,gt20,gt20,NA,0.05,CNT,10000.0,0.055,6.679,4.679,3.679,4.179,4.679,3.879,0.6714,21.889,4.679,0.5,3.743,0.275,0.9,0.1,1.0,0.5,0.2,0.1,0.05,0.04,0.03,grid_stat_20260727.stat,20260728_030000,,,,,,,,,,,,
STAT,V12.0.0,20260820_055425,INANWP,NA,000000,20260728_030000,000000,20260728_030000,20260727_150000,20260727_150000,NA,RAINNC,"(*,*)",hourlyPrecipRateGC,"(*,*)",mm,mm,gt20,gt20,NA,0.05,CTS,10000.0,,,,,,,,0.85,,,,,,,,,,,,,,,grid_stat_20260727.stat,20260728_030000,0.028,0.45,0.2607,0.15,0.2,0.3607,0.3,0.4,,,,
STAT,V12.0.0,20260820_055425,INANWP,NA,000000,20260728_030000,000000,20260728_030000,20260727_150000,20260727_150000,NA,RAINNC,"(*,*)",hourlyPrecipRateGC,"(*,*)",mm,mm,gt20,gt20,NA,0.05,CTC,10000.0,,,,,,,,,,,,,,,,,,,,,,,grid_stat_20260727.stat,20260728_030000,,,,,,,,,552.0,186.0,279.0,8926.0
STAT,V12.0.0,20260820_055425,INANWP,NA,000000,20260728_030000,000000,20260728_030000,20260727_150000,20260727_150000,NA,RAINNC,"(*,*)",hourlyPrecipRateGC,"(*,*)",mm,mm,gt50,gt50,NA,0.05,CNT,10000.0,0.055,6.679,4.679,3.679,4.179,4.679,3.879,0.6714,21.889,4.679,0.5,3.743,0.275,0.9,0.1,1.0,0.5,0.2,0.1,0.05,0.04,0.03,grid_stat_20260727.stat,20260728_030000,,,,,,,,,,,,
STAT,V12.0.0,20260820_055425,INANWP,NA,000000,20260728_030000,000000,20260728_030000,20260727_150000,20260727_150000,NA,RAINNC,"(*,*)",hourlyPrecipRateGC,"(*,*)",mm,mm,gt50,gt50,NA,0.05,CTS,10000.0,,,,,,,,0.85,,,,,,,,,,,,,,,grid_stat_20260727.stat,20260728_030000,0.028,0.45,0.1107,0.15,0.2,0.2107,0.3,0.4,,,,
STAT,V12.0.0,20260820_055425,INANWP,NA,000000,20260728_030000,000000,20260728_030000,20260727_150000,20260727_150000,NA,RAINNC,"(*,*)",hourlyPrecipRateGC,"(*,*)",mm,mm,gt50,gt50,NA,0.05,CTC,10000.0,,,,,,,,,,,,,,,,,,,,,,,grid_stat_20260727.stat,20260728_030000,,,,,,,,,522.0,194.0,291.0,8911.0
STAT,V12.0.0,20260820_055425,INANWP,NA,000000,20260728_040000,000000,20260728_040000,20260727_160000,20260727_160000,NA,RAINNC,"(*,*)",hourlyPrecipRateGC,"(*,*)",mm,mm,gt0.1,gt0.1,NA,0.05,CNT,10000.0,0.06,6.571,4.571,3.571,4.071,4.571,3.771,0.6786,20.898,4.571,0.5,3.657,0.3,0.9,0.1,1.0,0.5,0.2,0.1,0.05,0.04,0.03,grid_stat_20260727.stat,20260728_040000,,,,,,,,,,,,
STAT,V12.0.0,20260820_055425,INANWP,NA,000000,20260728_040000,000000,20260728_040000,20260727_160000,20260727_160000,NA,RAINNC,"(*,*)",hourlyPrecipRateGC,"(*,*)",mm,mm,gt0.1,gt0.1,NA,0.05,CTS,10000.0,,,,,,,,0.85,,,,,,,,,,,,,,,grid_stat_20260727.stat,20260728_040000,0.03,0.45,0.3638,0.15,0.2,0.4638,0.3,0.4,,,,
STAT,V12.0.0,20260820_055425,INANWP,NA,000000,20260728_040000,000000,20260728_040000,20260727_160000,20260727_160000,NA,RAINNC,"(*,*)",hourlyPrecipRateGC,"(*,*)",mm,mm,gt0.1,gt0.1,NA,0.05,CTC,10000.0,,,,,,,,,,,,,,,,,,,,,,,grid_stat_20260727.stat,20260728_040000,,,,,,,,,572.0,181.0,270.0,8936.0
STAT,V12.0.0,20260820_055425,INANWP,NA,000000,20260728_040000,000000,20260728_040000,20260727_160000,20260727_160000,NA,RAINNC,"(*,*)",hourlyPrecipRateGC,"(*,*)",mm,mm,gt1,gt1,NA,0.05,CNT,10000.0,0.06,6.571,4.571,3.571,4.071,4.571,3.771,0.6786,20.898,4.571,0.5,3.657,0.3,0.9,0.1,1.0,0.5,0.2,0.1,0.05,0.04,0.03,grid_stat_20260727.stat,20260728_040000,,,,,,,,,,,,
STAT,V12.0.0,20260820_055425,INANWP,NA,000000,20260728_040000,000000,20260728_040000,20260727_160000,20260727_160000,NA,RAINNC,"(*,*)",hourlyPrecipRateGC,"(*,*)",mm,mm,gt1,gt1,NA,0.05,CTS,10000.0,,,,,,,,0.85,,,,,,,,,,,,,,,grid_stat_20260727.stat,20260728_040000,0.03,0.45,0.3593,0.15,0.2,0.4593,0.3,0.4,,,,
STAT,V12.0.0,20260820_055425,INANWP,NA,000000,20260728_040000,000000,20260728_040000,20260727_160000,20260727_160000,NA,RAINNC,"(*,*)",hourlyPrecipRateGC,"(*,*)",mm,mm,gt1,gt1,NA,0.05,CTC,10000.0,,,,,,,,,,,,,,,,,,,,,,,grid_stat_20260727.stat,20260728_040000,,,,,,,,,571.0,182.0,271.0,8935.0
STAT,V12.0.0,20260820_055425,INANWP,NA,000000,20260728_040000,000000,20260728_040000,20260727_160000,20260727_160000,NA,RAINNC,"(*,*)",hourlyPrecipRateGC,"(*,*)",mm,mm,gt5,gt5,NA,0.05,CNT,10000.0,0.06,6.571,4.571,3.571,4.071,4.571,3.771,0.6786,20.898,4.571,0.5,3.657,0.3,0.9,0.1,1.0,0.5,0.2,0.1,0.05,0.04,0.03,grid_stat_20260727.stat,20260728_040000,,,,,,,,,,,,
STAT,V12.0.0,20260820_055425,INANWP,NA,000000,20260728_040000,000000,20260728_040000,20260727_160000,20260727_160000,NA,RAINNC,"(*,*)",hourlyPrecipRateGC,"(*,*)",mm,mm,gt5,gt5,NA,0.05,CTS,10000.0,,,,,,,,0.85,,,,,,,,,,,,,,,grid_stat_20260727.stat,20260728_040000,0.03,0.45,0.3393,0.15,0.2,0.4393,0.3,0.4,,,,
STAT,V12.0.0,20260820_055425,INANWP,NA,000000,20260728_040000,000000,20260728_040000,20260727_160000,20260727_160000,NA,RAINNC,"(*,*)",hourlyPrecipRateGC,"(*,*)",mm,mm,gt5,gt5,NA,0.05,CTC,10000.0,,,,,,,,,,,,,,,,,,,,,,,grid_stat_20260727.stat,20260728_040000,,,,,,,,,567.0,183.0,272.0,8933.0
STAT,V12.0.0,20260820_055425,INANWP,NA,000000,20260728_040000,000000,20260728_040000,20260727_160000,20260727_160000,NA,RAINNC,"(*,*)",hourlyPrecipRateGC,"(*,*)",mm,mm,gt10,gt10,NA,0.05,CNT,10000.0,0.06,6.571,4.571,3.571,4.071,4.571,3.771,0.6786,20.898,4.571,0.5,3.657,0.3,0.9,0.1,1.0,0.5,0.2,0.1,0.05,0.04,0.03,grid_stat_20260727.stat,20260728_040000,,,,,,,,,,,,
STAT,V12.0.0,20260820_055425,INANWP,NA,000000,20260728_040000,000000,20260728_040000,20260727_160000,20260727_160000,NA,RAINNC,"(*,*)",hourlyPrecipRateGC,"(*,*)",mm,mm,gt10,gt10,NA,0.05,CTS,10000.0,,,,,,,,0.85,,,,,,,,,,,,,,,grid_stat_20260727.stat,20260728_040000,0.03,0.45,0.3143,0.15,0.2,0.4143,0.3,0.4,,,,
STAT,V12.0.0,20260820_055425,INANWP,NA,000000,20260728_040000,000000,20260728_040000,20260727_160000,20260727_160000,NA,RAINNC,"(*,*)",hourlyPrecipRateGC,"(*,*)",mm,mm,gt10,gt10,NA,0.05,CTC,10000.0,,,,,,,,,,,,,,,,,,,,,,,grid_stat_20260727.stat,20260728_040000,,,,,,,,,562.0,184.0,274.0,8931.0
STAT,V12.0.0,20260820_055425,INANWP,NA,000000,20260728_040000,000000,20260728_040000,20260727_160000,20260727_160000,NA,RAINNC,"(*,*)",hourlyPrecipRateGC,"(*,*)",mm,mm,gt20,gt20,NA,0.05,CNT,10000.0,0.06,6.571,4.571,3.571,4.071,4.571,3.771,0.6786,20.898,4.571,0.5,3.657,0.3,0.9,0.1,1.0,0.5,0.2,0.1,0.05,0.04,0.03,grid_stat_20260727.stat,20260728_040000,,,,,,,,,,,,
STAT,V12.0.0,20260820_055425,INANWP,NA,000000,20260728_040000,000000,20260728_040000,20260727_160000,20260727_160000,NA,RAINNC,"(*,*)",hourlyPrecipRateGC,"(*,*)",mm,mm,gt20,gt20,NA,0.05,CTS,10000.0,,,,,,,,0.85,,,,,,,,,,,,,,,grid_stat_20260727.stat,20260728_040000,0.03,0.45,0.2643,0.15,0.2,0.3643,0.3,0.4,,,,
STAT,V12.0.0,20260820_055425,INANWP,NA,000000,20260728_040000,000000,20260728_040000,20260727_160000,20260727_160000,NA,RAINNC,"(*,*)",hourlyPrecipRateGC,"(*,*)",mm,mm,gt20,gt20,NA,0.05,CTC,10000.0,,,,,,,,,,,,,,,,,,,,,,,grid_stat_20260727.stat,20260728_040000,,,,,,,,,552.0,186.0,278.0,8926.0
STAT,V12.0.0,20260820_055425,INANWP,NA,000000,20260728_040000,000000,20260728_040000,20260727_160000,20260727_160000,NA,RAINNC,"(*,*)",hourlyPrecipRateGC,"(*,*)",mm,mm,gt50,gt50,NA,0.05,CNT,10000.0,0.06,6.571,4.571,3.571,4.071,4.571,3.771,0.6786,20.898,4.571,0.5,3.657,0.3,0.9,0.1,1.0,0.5,0.2,0.1,0.05,0.04,0.03,grid_stat_20260727.stat,20260728_040000,,,,,,,,,,,,
STAT,V12.0.0,20260820_055425,INANWP,NA,000000,20260728_040000,000000,20260728_040000,20260727_160000,20260727_160000,NA,RAINNC,"(*,*)",hourlyPrecipRateGC,"(*,*)",mm,mm,gt50,gt50,NA,0.05,CTS,10000.0,,,,,,,,0.85,,,,,,,,,,,,,,,grid_stat_20260727.stat,20260728_040000,0.03,0.45,0.1143,0.15,0.2,0.2143,0.3,0.4,,,,
STAT,V12.0.0,20260820_055425,INANWP,NA,000000,20260728_040000,000000,20260728_040000,20260727_160000,20260727_160000,NA,RAINNC,"(*,*)",hourlyPrecipRateGC,"(*,*)",mm,mm,gt50,gt50,NA,0.05,CTC,10000.0,,,,,,,,,,,,,,,,,,,,,,,grid_stat_20260727.stat,20260728_040000,,,,,,,,,522.0,194.0,290.0,8911.0
STAT,V12.0.0,20260820_055425,INANWP,NA,000000,20260728_050000,000000,20260728_050000,20260727_170000,20260727_170000,NA,RAINNC,"(*,*)",hourlyPrecipRateGC,"(*,*)",mm,mm,gt0.1,gt0.1,NA,0.05,CNT,10000.0,0.065,6.464,4.464,3.464,3.964,4.464,3.664,0.6857,19.93,4.464,0.5,3.571,0.325,0.9,0.1,1.0,0.5,0.2,0.1,0.05,0.04,0.03,grid_stat_20260727.stat,20260728_050000,,,,,,,,,,,,
STAT,V12.0.0,20260820_055425,INANWP,NA,000000,20260728_050000,000000,20260728_050000,20260727_170000,20260727_170000,NA,RAINNC,"(*,*)",hourlyPrecipRateGC,"(*,*)",mm,mm,gt0.1,gt0.1,NA,0.05,CTS,10000.0,,,,,,,,0.85,,,,,,,,,,,,,,,grid_stat_20260727.stat,20260728_050000,0.032,0.45,0.3674,0.15,0.2,0.4674,0.3,0.4,,,,
STAT,V12.0.0,20260820_055425,INANWP,NA,000000,20260728_050000,000000,20260728_050000,20260727_170000,20260727_170000,NA,RAINNC,"(*,*)",hourlyPrecipRateGC,"(*,*)",mm,mm,gt0.1,gt0.1,NA,0.05,CTC,10000.0,,,,,,,,,,,,,,,,,,,,,,,grid_stat_20260727.stat,20260728_050000,,,,,,,,,573.0,181.0,270.0,8936.0
STAT,V12.0.0,20260820_055425,INANWP,NA,000000,20260728_050000,000000,20260728_050000,20260727_170000,20260727_170000,NA,RAINNC,"(*,*)",hourlyPrecipRateGC,"(*,*)",mm,mm,gt1,gt1,NA,0.05,CNT,10000.0,0.065,6.464,4.464,3.464,3.964,4.464,3.664,0.6857,19.93,4.464,0.5,3.571,0.325,0.9,0.1,1.0,0.5,0.2,0.1,0.05,0.04,0.03,grid_stat_20260727.stat,20260728_050000,,,,,,,,,,,,
STAT,V12.0.0,20260820_055425,INANWP,NA,000000,20260728_050000,000000,20260728_050000,20260727_170000,20260727_170000,NA,RAINNC,"(*,*)",hourlyPrecipRateGC,"(*,*)",mm,mm,gt1,gt1,NA,0.05,CTS,10000.0,,,,,,,,0.85,,,,,,,,,,,,,,,grid_stat_20260727.stat,20260728_050000,0.032,0.45,0.3629,0.15,0.2,0.4629,0.3,0.4,,,,
STAT,V12.0.0,20260820_055425,INANWP,NA,000000,20260728_050000,000000,20260728_050000,20260727_170000,20260727_170000,NA,RAINNC,"(*,*)",hourlyPrecipRateGC,"(*,*)",mm,mm,gt1,gt1,NA,0.05,CTC,10000.0,,,,,,,,,,,,,,,,,,,,,,,grid_stat_20260727.stat,20260728_050000,,,,,,,,,572.0,181.0,270.0,8936.0
STAT,V12.0.0,20260820_055425,INANWP,NA,000000,20260728_050000,000000,20260728_050000,20260727_170000,20260727_170000,NA,RAINNC,"(*,*)",hourlyPrecipRateGC,"(*,*)",mm,mm,gt5,gt5,NA,0.05,CNT,10000.0,0.065,6.464,4.464,3.464,3.964,4.464,3.664,0.6857,19.93,4.464,0.5,3.571,0.325,0.9,0.1,1.0,0.5,0.2,0.1,0.05,0.04,0.03,grid_stat_20260727.stat,20260728_050000,,,,,,,,,,,,
STAT,V12.0.0,20260820_055425,INANWP,NA,000000,20260728_050000,000000,20260728_050000,20260727_170000,20260727_170000,NA,RAINNC,"(*,*)",hourlyPrecipRateGC,"(*,*)",mm,mm,gt5,gt5,NA,0.05,CTS,10000.0,,,,,,,,0.85,,,,,,,,,,,,,,,grid_stat_20260727.stat,20260728_050000,0.032,0.45,0.3429,0.15,0.2,0.4429,0.3,0.4,,,,
STAT,V12.0.0,20260820_055425,INANWP,NA,000000,20260728_050000,000000,20260728_050000,20260727_170000,20260727_170000,NA,RAINNC,"(*,*)",hourlyPrecipRateGC,"(*,*)",mm,mm,gt5,gt5,NA,0.05,CTC,10000.0,,,,,,,,,,,,,,,,,,,,,,,grid_stat_20260727.stat,20260728_050000,,,,,,,,,568.0,182.0,272.0,8934.0
STAT,V12.0.0,20260820_055425,INANWP,NA,000000,20260728_050000,000000,20260728_050000,20260727_170000,20260727_170000,NA,RAINNC,"(*,*)",hourlyPrecipRateGC,"(*,*)",mm,mm,gt10,gt10,NA,0.05,CNT,10000.0,0.065,6.464,4.464,3.464,3.964,4.464,3.664,0.6857,19.93,4.464,0.5,3.571,0.325,0.9,0.1,1.0,0.5,0.2,0.1,0.05,0.04,0.03,grid_stat_20260727.stat,20260728_050000,,,,,,,,,,,,
STAT,V12.0.0,20260820_055425,INANWP,NA,000000,20260728_050000,000000,20260728_050000,20260727_170000,20260727_170000,NA,RAINNC,"(*,*)",hourlyPrecipRateGC,"(*,*)",mm,mm,gt10,gt10,NA,0.05,CTS,10000.0,,,,,,,,0.85,,,,,,,,,,,,,,,grid_stat_20260727.stat,20260728_050000,0.032,0.45,0.3179,0.15,0.2,0.4179,0.3,0.4,,,,
STAT,V12.0.0,20260820_055425,INANWP,NA,000000,20260728_050000,000000,20260728_050000,20260727_170000,20260727_170000,NA,RAINNC,"(*,*)",hourlyPrecipRateGC,"(*,*)",mm,mm,gt10,gt10,NA,0.05,CTC,10000.0,,,,,,,,,,,,,,,,,,,,,,,grid_stat_20260727.stat,20260728_050000,,,,,,,,,563.0,184.0,274.0,8931.0
STAT,V12.0.0,20260820_055425,INANWP,NA,000000,20260728_050000,000000,20260728_050000,20260727_170000,20260727_170000,NA,RAINNC,"(*,*)",hourlyPrecipRateGC,"(*,*)",mm,mm,gt20,gt20,NA,0.05,CNT,10000.0,0.065,6.464,4.464,3.464,3.964,4.464,3.664,0.6857,19.93,4.464,0.5,3.571,0.325,0.9,0.1,1.0,0.5,0.2,0.1,0.05,0.04,0.03,grid_stat_20260727.stat,20260728_050000,,,,,,,,,,,,
STAT,V12.0.0,20260820_055425,INANWP,NA,000000,20260728_050000,000000,20260728_050000,20260727_170000,20260727_170000,NA,RAINNC,"(*,*)",hourlyPrecipRateGC,"(*,*)",mm,mm,gt20,gt20,NA,0.05,CTS,10000.0,,,,,,,,0.85,,,,,,,,,,,,,,,grid_stat_20260727.stat,20260728_050000,0.032,0.45,0.2679,0.15,0.2,0.3679,0.3,0.4,,,,
STAT,V12.0.0,20260820_055425,INANWP,NA,000000,20260728_050000,000000,20260728_050000,20260727_170000,20260727_170000,NA,RAINNC,"(*,*)",hourlyPrecipRateGC,"(*,*)",mm,mm,gt20,gt20,NA,0.05,CTC,10000.0,,,,,,,,,,,,,,,,,,,,,,,grid_stat_20260727.stat,20260728_050000,,,,,,,,,553.0,186.0,278.0,8926.0
STAT,V12.0.0,20260820_055425,INANWP,NA,000000,20260728_050000,000000,20260728_050000,20260727_170000,20260727_170000,NA,RAINNC,"(*,*)",hourlyPrecipRateGC,"(*,*)",mm,mm,gt50,gt50,NA,0.05,CNT,10000.0,0.065,6.464,4.464,3.464,3.964,4.464,3.664,0.6857,19.93,4.464,0.5,3.571,0.325,0.9,0.1,1.0,0.5,0.2,0.1,0.05,0.04,0.03,grid_stat_20260727.stat,20260728_050000,,,,,,,,,,,,
STAT,V12.0.0,20260820_055425,INANWP,NA,000000,20260728_050000,000000,20260728_050000,20260727_170000,20260727_170000,NA,RAINNC,"(*,*)",hourlyPrecipRateGC,"(*,*)",mm,mm,gt50,gt50,NA,0.05,CTS,10000.0,,,,,,,,0.85,,,,,,,,,,,,,,,grid_stat_20260727.stat,20260728_050000,0.032,0.45,0.1179,0.15,0.2,0.2179,0.3,0.4,,,,
STAT,V12.0.0,20260820_055425,INANWP,NA,000000,20260728_050000,000000,20260728_050000,20260727_170000,20260727_170000,NA,RAINNC,"(*,*)",hourlyPrecipRateGC,"(*,*)",mm,mm,gt50,gt50,NA,0.05,CTC,10000.0,,,,,,,,,,,,,,,,,,,,,,,grid_stat_20260727.stat,20260728_050000,,,,,,,,,523.0,194.0,290.0,8911.0
STAT,V12.0.0,20260820_055425,INANWP,NA,000000,20260728_060000,000000,20260728_060000,20260727_180000,20260727_180000,NA,RAINNC,"(*,*)",hourlyPrecipRateGC,"(*,*)",mm,mm,gt0.1,gt0.1,NA,0.05,CNT,10000.0,0.07,6.357,4.357,3.357,3.857,4.357,3.557,0.6929,18.985,4.357,0.5,3.486,0.35,0.9,0.1,1.0,0.5,0.2,0.1,0.05,0.04,0.03,grid_stat_20260727.stat,20260728_060000,,,,,,,,,,,,
STAT,V12.0.0,20260820_055425,INANWP,NA,000000,20260728_060000,000000,20260728_060000,20260727_180000,20260727_180000,NA,RAINNC,"(*,*)",hourlyPrecipRateGC,"(*,*)",mm,mm,gt0.1,gt0.1,NA,0.05,CTS,10000.0,,,,,,,,0.85,,,,,,,,,,,,,,,grid_stat_20260727.stat,20260728_060000,0.035,0.45,0.3709,0.15,0.2,0.4709,0.3,0.4,,,,
STAT,V12.0.0,20260820_055425,INANWP,NA,000000,20260728_060000,000000,20260728_060000,20260727_180000,20260727_180000,NA,RAINNC,"(*,*)",hourlyPrecipRateGC,"(*,*)",mm,mm,gt0.1,gt0.1,NA,0.05,CTC,10000.0,,,,,,,,,,,,,,,,,,,,,,,grid_stat_20260727.stat,20260728_060000,,,,,,,,,574.0,181.0,270.0,8937.0
STAT,V12.0.0,20260820_055425,INANWP,NA,000000,20260728_060000,000000,20260728_060000,20260727_180000,20260727_180000,NA,RAINNC,"(*,*)",hourlyPrecipRateGC,"(*,*)",mm,mm,gt1,gt1,NA,0.05,CNT,10000.0,0.07,6.357,4.357,3.357,3.857,4.357,3.557,0.6929,18.985,4.357,0.5,3.486,0.35,0.9,0.1,1.0,0.5,0.2,0.1,0.05,0.04,0.03,grid_stat_20260727.stat,20260728_060000,,,,,,,,,,,,
STAT,V12.0.0,20260820_055425,INANWP,NA,000000,20260728_060000,000000,20260728_060000,20260727_180000,20260727_180000,NA,RAINNC,"(*,*)",hourlyPrecipRateGC,"(*,*)",mm,mm,gt1,gt1,NA,0.05,CTS,10000.0,,,,,,,,0.85,,,,,,,,,,,,,,,grid_stat_20260727.stat,20260728_060000,0.035,0.45,0.3664,0.15,0.2,0.4664,0.3,0.4,,,,
STAT,V12.0.0,20260820_055425,INANWP,NA,000000,20260728_060000,000000,20260728_060000,20260727_180000,20260727_180000,NA,RAINNC,"(*,*)",hourlyPrecipRateGC,"(*,*)",mm,mm,gt1,gt1,NA,0.05,CTC,10000.0,,,,,,,,,,,,,,,,,,,,,,,grid_stat_20260727.stat,20260728_060000,,,,,,,,,573.0,181.0,270.0,8936.0
STAT,V12.0.0,20260820_055425,INANWP,NA,000000,20260728_060000,000000,20260728_060000,20260727_180000,20260727_180000,NA,RAINNC,"(*,*)",hourlyPrecipRateGC,"(*,*)",mm,mm,gt5,gt5,NA,0.05,CNT,10000.0,0.07,6.357,4.357,3.357,3.857,4.357,3.557,0.6929,18.985,4.357,0.5,3.486,0.35,0.9,0.1,1.0,0.5,0.2,0.1,0.05,0.04,0.03,grid_stat_20260727.stat,20260728_060000,,,,,,,,,,,,
STAT,V12.0.0,20260820_055425,INANWP,NA,000000,20260728_060000,000000,20260728_060000,20260727_180000,20260727_180000,NA,RAINNC,"(*,*)",hourlyPrecipRateGC,"(*,*)",mm,mm,gt5,gt5,NA,0.05,CTS,10000.0,,,,,,,,0.85,,,,,,,,,,,,,,,grid_stat_20260727.stat,20260728_060000,0.035,0.45,0.3464,0.15,0.2,0.4464,0.3,0.4,,,,
STAT,V12.0.0,20260820_055425,INANWP,NA,000000,20260728_060000,000000,20260728_060000,20260727_180000,20260727_180000,NA,RAINNC,"(*,*)",hourlyPrecipRateGC,"(*,*)",mm,mm,gt5,gt5,NA,0.05,CTC,10000.0,,,,,,,,,,,,,,,,,,,,,,,grid_stat_20260727.stat,20260728_060000,,,,,,,,,569.0,182.0,272.0,8934.0
STAT,V12.0.0,20260820_055425,INANWP,NA,000000,20260728_060000,000000,20260728_060000,20260727_180000,20260727_180000,NA,RAINNC,"(*,*)",hourlyPrecipRateGC,"(*,*)",mm,mm,gt10,gt10,NA,0.05,CNT,10000.0,0.07,6.357,4.357,3.357,3.857,4.357,3.557,0.6929,18.985,4.357,0.5,3.486,0.35,0.9,0.1,1.0,0.5,0.2,0.1,0.05,0.04,0.03,grid_stat_20260727.stat,20260728_060000,,,,,,,,,,,,
STAT,V12.0.0,20260820_055425,INANWP,NA,000000,20260728_060000,000000,20260728_060000,20260727_180000,20260727_180000,NA,RAINNC,"(*,*)",hourlyPrecipRateGC,"(*,*)",mm,mm,gt10,gt10,NA,0.05,CTS,10000.0,,,,,,,,0.85,,,,,,,,,,,,,,,grid_stat_20260727.stat,20260728_060000,0.035,0.45,0.3214,0.15,0.2,0.4214,0.3,0.4,,,,
STAT,V12.0.0,20260820_055425,INANWP,NA,000000,20260728_060000,000000,20260728_060000,20260727_180000,20260727_180000,NA,RAINNC,"(*,*)",hourlyPrecipRateGC,"(*,*)",mm,mm,gt10,gt10,NA,0.05,CTC,10000.0,,,,,,,,,,,,,,,,,,,,,,,grid_stat_20260727.stat,20260728_060000,,,,,,,,,564.0,183.0,274.0,8932.0
STAT,V12.0.0,20260820_055425,INANWP,NA,000000,20260728_060000,000000,20260728_060000,20260727_180000,20260727_180000,NA,RAINNC,"(*,*)",hourlyPrecipRateGC,"(*,*)",mm,mm,gt20,gt20,NA,0.05,CNT,10000.0,0.07,6.357,4.357,3.357,3.857,4.357,3.557,0.6929,18.985,4.357,0.5,3.486,0.35,0.9,0.1,1.0,0.5,0.2,0.1,0.05,0.04,0.03,grid_stat_20260727.stat,20260728_060000,,,,,,,,,,,,
STAT,V12.0.0,20260820_055425,INANWP,NA,000000,20260728_060000,000000,20260728_060000,20260727_180000,20260727_180000,NA,RAINNC,"(*,*)",hourlyPrecipRateGC,"(*,*)",mm,mm,gt20,gt20,NA,0.05,CTS,10000.0,,,,,,,,0.85,,,,,,,,,,,,,,,grid_stat_20260727.stat,20260728_060000,0.035,0.45,0.2714,0.15,0.2,0.3714,0.3,0.4,,,,
STAT,V12.0.0,20260820_055425,INANWP,NA,000000,20260728_060000,000000,20260728_060000,20260727_180000,20260727_180000,NA,RAINNC,"(*,*)",hourlyPrecipRateGC,"(*,*)",mm,mm,gt20,gt20,NA,0.05,CTC,10000.0,,,,,,,,,,,,,,,,,,,,,,,grid_stat_20260727.stat,20260728_060000,,,,,,,,,554.0,186.0,278.0,8927.0
STAT,V12.0.0,20260820_055425,INANWP,NA,000000,20260728_060000,000000,20260728_060000,20260727_180000,20260727_180000,NA,RAINNC,"(*,*)",hourlyPrecipRateGC,"(*,*)",mm,mm,gt50,gt50,NA,0.05,CNT,10000.0,0.07,6.357,4.357,3.357,3.857,4.357,3.557,0.6929,18.985,4.357,0.5,3.486,0.35,0.9,0.1,1.0,0.5,0.2,0.1,0.05,0.04,0.03,grid_stat_20260727.stat,20260728_060000,,,,,,,,,,,,
STAT,V12.0.0,20260820_055425,INANWP,NA,000000,20260728_060000,000000,20260728_060000,20260727_180000,20260727_180000,NA,RAINNC,"(*,*)",hourlyPrecipRateGC,"(*,*)",mm,mm,gt50,gt50,NA,0.05,CTS,10000.0,,,,,,,,0.85,,,,,,,,,,,,,,,grid_stat_20260727.stat,20260728_060000,0.035,0.45,0.1214,0.15,0.2,0.2214,0.3,0.4,,,,
STAT,V12.0.0,20260820_055425,INANWP,NA,000000,20260728_060000,000000,20260728_060000,20260727_180000,20260727_180000,NA,RAINNC,"(*,*)",hourlyPrecipRateGC,"(*,*)",mm,mm,gt50,gt50,NA,0.05,CTC,10000.0,,,,,,,,,,,,,,,,,,,,,,,grid_stat_20260727.stat,20260728_060000,,,,,,,,,524.0,193.0,290.0,8912.0
STAT,V12.0.0,20260820_055425,INANWP,NA,000000,20260728_070000,000000,20260728_070000,20260727_190000,20260727_190000,NA,RAINNC,"(*,*)",hourlyPrecipRateGC,"(*,*)",mm,mm,gt0.1,gt0.1,NA,0.05,CNT,10000.0,0.075,6.25,4.25,3.25,3.75,4.25,3.45,0.7,18.062,4.25,0.5,3.4,0.375,0.9,0.1,1.0,0.5,0.2,0.1,0.05,0.04,0.03,grid_stat_20260727.stat,20260728_070000,,,,,,,,,,,,
STAT,V12.0.0,20260820_055425,INANWP,NA,000000,20260728_070000,000000,20260728_070000,20260727_190000,20260727_190000,NA,RAINNC,"(*,*)",hourlyPrecipRateGC,"(*,*)",mm,mm,gt0.1,gt0.1,NA,0.05,CTS,10000.0,,,,,,,,0.85,,,,,,,,,,,,,,,grid_stat_20260727.stat,20260728_070000,0.037,0.45,0.3745,0.15,0.2,0.4745,0.3,0.4,,,,
STAT,V12.0.0,20260820_055425,INANWP,NA,000000,20260728_070000,000000,20260728_070000,20260727_190000,20260727_190000,NA,RAINNC,"(*,*)",hourlyPrecipRateGC,"(*,*)",mm,mm,gt0.1,gt0.1,NA,0.05,CTC,10000.0,,,,,,,,,,,,,,,,,,,,,,,grid_stat_20260727.stat,20260728_070000,,,,,,,,,574.0,181.0,270.0,8937.0
STAT,V12.0.0,20260820_055425,INANWP,NA,000000,20260728_070000,000000,20260728_070000,20260727_190000,20260727_190000,NA,RAINNC,"(*,*)",hourlyPrecipRateGC,"(*,*)",mm,mm,gt1,gt1,NA,0.05,CNT,10000.0,0.075,6.25,4.25,3.25,3.75,4.25,3.45,0.7,18.062,4.25,0.5,3.4,0.375,0.9,0.1,1.0,0.5,0.2,0.1,0.05,0.04,0.03,grid_stat_20260727.stat,20260728_070000,,,,,,,,,,,,
STAT,V12.0.0,20260820_055425,INANWP,NA,000000,20260728_070000,000000,20260728_070000,20260727_190000,20260727_190000,NA,RAINNC,"(*,*)",hourlyPrecipRateGC,"(*,*)",mm,mm,gt1,gt1,NA,0.05,CTS,10000.0,,,,,,,,0.85,,,,,,,,,,,,,,,grid_stat_20260727.stat,20260728_070000,0.037,0.45,0.37,0.15,0.2,0.47,0.3,0.4,,,,
STAT,V12.0.0,20260820_055425,INANWP,NA,000000,20260728_070000,000000,20260728_070000,20260727_190000,20260727_190000,NA,RAINNC,"(*,*)",hourlyPrecipRateGC,"(*,*)",mm,mm,gt1,gt1,NA,0.05,CTC,10000.0,,,,,,,,,,,,,,,,,,,,,,,grid_stat_20260727.stat,20260728_070000,,,,,,,,,574.0,181.0,270.0,8937.0
STAT,V12.0.0,20260820_055425,INANWP,NA,000000,20260728_070000,000000,20260728_070000,20260727_190000,20260727_190000,NA,RAINNC,"(*,*)",hourlyPrecipRateGC,"(*,*)",mm,mm,gt5,gt5,NA,0.05,CNT,10000.0,0.075,6.25,4.25,3.25,3.75,4.25,3.45,0.7,18.062,4.25,0.5,3.4,0.375,0.9,0.1,1.0,0.5,0.2,0.1,0.05,0.04,0.03,grid_stat_20260727.stat,20260728_070000,,,,,,,,,,,,
STAT,V12.0.0,20260820_055425,INANWP,NA,000000,20260728_070000,000000,20260728_070000,20260727_190000,20260727_190000,NA,RAINNC,"(*,*)",hourlyPrecipRateGC,"(*,*)",mm,mm,gt5,gt5,NA,0.05,CTS,10000.0,,,,,,,,0.85,,,,,,,,,,,,,,,grid_stat_20260727.stat,20260728_070000,0.037,0.45,0.35,0.15,0.2,0.45,0.3,0.4,,,,
STAT,V12.0.0,20260820_055425,INANWP,NA,000000,20260728_070000,000000,20260728_070000,20260727_190000,20260727_190000,NA,RAINNC,"(*,*)",hourlyPrecipRateGC,"(*,*)",mm,mm,gt5,gt5,NA,0.05,CTC,10000.0,,,,,,,,,,,,,,,,,,,,,,,grid_stat_20260727.stat,20260728_070000,,,,,,,,,570.0,182.0,272.0,8935.0
STAT,V12.0.0,20260820_055425,INANWP,NA,000000,20260728_070000,000000,20260728_070000,20260727_190000,20260727_190000,NA,RAINNC,"(*,*)",hourlyPrecipRateGC,"(*,*)",mm,mm,gt10,gt10,NA,0.05,CNT,10000.0,0.075,6.25,4.25,3.25,3.75,4.25,3.45,0.7,18.062,4.25,0.5,3.4,0.375,0.9,0.1,1.0,0.5,0.2,0.1,0.05,0.04,0.03,grid_stat_20260727.stat,20260728_070000,,,,,,,,,,,,
STAT,V12.0.0,20260820_055425,INANWP,NA,000000,20260728_070000,000000,20260728_070000,20260727_190000,20260727_190000,NA,RAINNC,"(*,*)",hourlyPrecipRateGC,"(*,*)",mm,mm,gt10,gt10,NA,0.05,CTS,10000.0,,,,,,,,0.85,,,,,,,,,,,,,,,grid_stat_20260727.stat,20260728_070000,0.037,0.45,0.325,0.15,0.2,0.425,0.3,0.4,,,,
STAT,V12.0.0,20260820_055425,INANWP,NA,000000,20260728_070000,000000,20260728_070000,20260727_190000,20260727_190000,NA,RAINNC,"(*,*)",hourlyPrecipRateGC,"(*,*)",mm,mm,gt10,gt10,NA,0.05,CTC,10000.0,,,,,,,,,,,,,,,,,,,,,,,grid_stat_20260727.stat,20260728_070000,,,,,,,,,565.0,183.0,274.0,8932.0
STAT,V12.0.0,20260820_055425,INANWP,NA,000000,20260728_070000,000000,20260728_070000,20260727_190000,20260727_190000,NA,RAINNC,"(*,*)",hourlyPrecipRateGC,"(*,*)",mm,mm,gt20,gt20,NA,0.05,CNT,10000.0,0.075,6.25,4.25,3.25,3.75,4.25,3.45,0.7,18.062,4.25,0.5,3.4,0.375,0.9,0.1,1.0,0.5,0.2,0.1,0.05,0.04,0.03,grid_stat_20260727.stat,20260728_070000,,,,,,,,,,,,
STAT,V12.0.0,20260820_055425,INANWP,NA,000000,20260728_070000,000000,20260728_070000,20260727_190000,20260727_190000,NA,RAINNC,"(*,*)",hourlyPrecipRateGC,"(*,*)",mm,mm,gt20,gt20,NA,0.05,CTS,10000.0,,,,,,,,0.85,,,,,,,,,,,,,,,grid_stat_20260727.stat,20260728_070000,0.037,0.45,0.275,0.15,0.2,0.375,0.3,0.4,,,,
STAT,V12.0.0,20260820_055425,INANWP,NA,000000,20260728_070000,000000,20260728_070000,20260727_190000,20260727_190000,NA,RAINNC,"(*,*)",hourlyPrecipRateGC,"(*,*)",mm,mm,gt20,gt20,NA,0.05,CTC,10000.0,,,,,,,,,,,,,,,,,,,,,,,grid_stat_20260727.stat,20260728_070000,,,,,,,,,555.0,186.0,278.0,8927.0
STAT,V12.0.0,20260820_055425,INANWP,NA,000000,20260728_070000,000000,20260728_070000,20260727_190000,20260727_190000,NA,RAINNC,"(*,*)",hourlyPrecipRateGC,"(*,*)",mm,mm,gt50,gt50,NA,0.05,CNT,10000.0,0.075,6.25,4.25,3.25,3.75,4.25,3.45,0.7,18.062,4.25,0.5,3.4,0.375,0.9,0.1,1.0,0.5,0.2,0.1,0.05,0.04,0.03,grid_stat_20260727.stat,20260728_070000,,,,,,,,,,,,
STAT,V12.0.0,20260820_055425,INANWP,NA,000000,20260728_070000,000000,20260728_070000,20260727_190000,20260727_190000,NA,RAINNC,"(*,*)",hourlyPrecipRateGC,"(*,*)",mm,mm,gt50,gt50,NA,0.05,CTS,10000.0,,,,,,,,0.85,,,,,,,,,,,,,,,grid_stat_20260727.stat,20260728_070000,0.037,0.45,0.125,0.15,0.2,0.225,0.3,0.4,,,,
STAT,V12.0.0,20260820_055425,INANWP,NA,000000,20260728_070000,000000,20260728_070000,20260727_190000,20260727_190000,NA,RAINNC,"(*,*)",hourlyPrecipRateGC,"(*,*)",mm,mm,gt50,gt50,NA,0.05,CTC,10000.0,,,,,,,,,,,,,,,,,,,,,,,grid_stat_20260727.stat,20260728_070000,,,,,,,,,525.0,193.0,290.0,8912.0
STAT,V12.0.0,20260820_055425,INANWP,NA,000000,20260728_080000,000000,20260728_080000,20260727_200000,20260727_200000,NA,RAINNC,"(*,*)",hourlyPrecipRateGC,"(*,*)",mm,mm,gt0.1,gt0.1,NA,0.05,CNT,10000.0,0.08,6.143,4.143,3.143,3.643,4.143,3.343,0.7071,17.163,4.143,0.5,3.314,0.4,0.9,0.1,1.0,0.5,0.2,0.1,0.05,0.04,0.03,grid_stat_20260727.stat,20260728_080000,,,,,,,,,,,,
STAT,V12.0.0,20260820_055425,INANWP,NA,000000,20260728_080000,000000,20260728_080000,20260727_200000,20260727_200000,NA,RAINNC,"(*,*)",hourlyPrecipRateGC,"(*,*)",mm,mm,gt0.1,gt0.1,NA,0.05,CTS,10000.0,,,,,,,,0.85,,,,,,,,,,,,,,,grid_stat_20260727.stat,20260728_080000,0.04,0.45,0.3781,0.15,0.2,0.4781,0.3,0.4,,,,
STAT,V12.0.0,20260820_055425,INANWP,NA,000000,20260728_080000,000000,20260728_080000,20260727_200000,20260727_200000,NA,RAINNC,"(*,*)",hourlyPrecipRateGC,"(*,*)",mm,mm,gt0.1,gt0.1,NA,0.05,CTC,10000.0,,,,,,,,,,,,,,,,,,,,,,,grid_stat_20260727.stat,20260728_080000,,,,,,,,,575.0,181.0,269.0,8937.0
STAT,V12.0.0,20260820_055425,INANWP,NA,000000,20260728_080000,000000,20260728_080000,20260727_200000,20260727_200000,NA,RAINNC,"(*,*)",hourlyPrecipRateGC,"(*,*)",mm,mm,gt1,gt1,NA,0.05,CNT,10000.0,0.08,6.143,4.143,3.143,3.643,4.143,3.343,0.7071,17.163,4.143,0.5,3.314,0.4,0.9,0.1,1.0,0.5,0.2,0.1,0.05,0.04,0.03,grid_stat_20260727.stat,20260728_080000,,,,,,,,,,,,
STAT,V12.0.0,20260820_055425,INANWP,NA,000000,20260728_080000,000000,20260728_080000,20260727_200000,20260727_200000,NA,RAINNC,"(*,*)",hourlyPrecipRateGC,"(*,*)",mm,mm,gt1,gt1,NA,0.05,CTS,10000.0,,,,,,,,0.85,,,,,,,,,,,,,,,grid_stat_20260727.stat,20260728_080000,0.04,0.45,0.3736,0.15,0.2,0.4736,0.3,0.4,,,,
STAT,V12.0.0,20260820_055425,INANWP,NA,000000,20260728_080000,000000,20260728_080000,20260727_200000,20260727_200000,NA,RAINNC,"(*,*)",hourlyPrecipRateGC,"(*,*)",mm,mm,gt1,gt1,NA,0.05,CTC,10000.0,,,,,,,,,,,,,,,,,,,,,,,grid_stat_20260727.stat,20260728_080000,,,,,,,,,574.0,181.0,270.0,8937.0
STAT,V12.0.0,20260820_055425,INANWP,NA,000000,20260728_080000,000000,20260728_080000,20260727_200000,20260727_200000,NA,RAINNC,"(*,*)",hourlyPrecipRateGC,"(*,*)",mm,mm,gt5,gt5,NA,0.05,CNT,10000.0,0.08,6.143,4.143,3.143,3.643,4.143,3.343,0.7071,17.163,4.143,0.5,3.314,0.4,0.9,0.1,1.0,0.5,0.2,0.1,0.05,0.04,0.03,grid_stat_20260727.stat,20260728_080000,,,,,,,,,,,,
STAT,V12.0.0,20260820_055425,INANWP,NA,000000,20260728_080000,000000,20260728_080000,20260727_200000,20260727_200000,NA,RAINNC,"(*,*)",hourlyPrecipRateGC,"(*,*)",mm,mm,gt5,gt5,NA,0.05,CTS,10000.0,,,,,,,,0.85,,,,,,,,,,,,,,,grid_stat_20260727.stat,20260728_080000,0.04,0.45,0.3536,0.15,0.2,0.4536,0.3,0.4,,,,
STAT,V12.0.0,20260820_055425,INANWP,NA,000000,20260728_080000,000000,20260728_080000,20260727_200000,20260727_200000,NA,RAINNC,"(*,*)",hourlyPrecipRateGC,"(*,*)",mm,mm,gt5,gt5,NA,0.05,CTC,10000.0,,,,,,,,,,,,,,,,,,,,,,,grid_stat_20260727.stat,20260728_080000,,,,,,,,,570.0,182.0,271.0,8935.0
STAT,V12.0.0,20260820_055425,INANWP,NA,000000,20260728_080000,000000,20260728_080000,20260727_200000,20260727_200000,NA,RAINNC,"(*,*)",hourlyPrecipRateGC,"(*,*)",mm,mm,gt10,gt10,NA,0.05,CNT,10000.0,0.08,6.143,4.143,3.143,3.643,4.143,3.343,0.7071,17.163,4.143,0.5,3.314,0.4,0.9,0.1,1.0,0.5,0.2,0.1,0.05,0.04,0.03,grid_stat_20260727.stat,20260728_080000,,,,,,,,,,,,
STAT,V12.0.0,20260820_055425,INANWP,NA,000000,20260728_080000,000000,20260728_080000,20260727_200000,20260727_200000,NA,RAINNC,"(*,*)",hourlyPrecipRateGC,"(*,*)",mm,mm,gt10,gt10,NA,0.05,CTS,10000.0,,,,,,,,0.85,,,,,,,,,,,,,,,grid_stat_20260727.stat,20260728_080000,0.04,0.45,0.3286,0.15,0.2,0.4286,0.3,0.4,,,,
STAT,V12.0.0,20260820_055425,INANWP,NA,000000,20260728_080000,000000,20260728_080000,20260727_200000,20260727_200000,NA,RAINNC,"(*,*)",hourlyPrecipRateGC,"(*,*)",mm,mm,gt10,gt10,NA,0.05,CTC,10000.0,,,,,,,,,,,,,,,,,,,,,,,grid_stat_20260727.stat,20260728_080000,,,,,,,,,565.0,183.0,273.0,8932.0
STAT,V12.0.0,20260820_055425,INANWP,NA,000000,20260728_080000,000000,20260728_080000,20260727_200000,20260727_200000,NA,RAINNC,"(*,*)",hourlyPrecipRateGC,"(*,*)",mm,mm,gt20,gt20,NA,0.05,CNT,10000.0,0.08,6.143,4.143,3.143,3.643,4.143,3.343,0.7071,17.163,4.143,0.5,3.314,0.4,0.9,0.1,1.0,0.5,0.2,0.1,0.05,0.04,0.03,grid_stat_20260727.stat,20260728_080000,,,,,,,,,,,,
STAT,V12.0.0,20260820_055425,INANWP,NA,000000,20260728_080000,000000,20260728_080000,20260727_200000,20260727_200000,NA,RAINNC,"(*,*)",hourlyPrecipRateGC,"(*,*)",mm,mm,gt20,gt20,NA,0.05,CTS,10000.0,,,,,,,,0.85,,,,,,,,,,,,,,,grid_stat_20260727.stat,20260728_080000,0.04,0.45,0.2786,0.15,0.2,0.3786,0.3,0.4,,,,
STAT,V12.0.0,20260820_055425,INANWP,NA,000000,20260728_080000,000000,20260728_080000,20260727_200000,20260727_200000,NA,RAINNC,"(*,*)",hourlyPrecipRateGC,"(*,*)",mm,mm,gt20,gt20,NA,0.05,CTC,10000.0,,,,,,,,,,,,,,,,,,,,,,,grid_stat_20260727.stat,20260728_080000,,,,,,,,,555.0,186.0,277.0,8927.0
STAT,V12.0.0,20260820_055425,INANWP,NA,000000,20260728_080000,000000,20260728_080000,20260727_200000,20260727_200000,NA,RAINNC,"(*,*)",hourlyPrecipRateGC,"(*,*)",mm,mm,gt50,gt50,NA,0.05,CNT,10000.0,0.08,6.143,4.143,3.143,3.643,4.143,3.343,0.7071,17.163,4.143,0.5,3.314,0.4,0.9,0.1,1.0,0.5,0.2,0.1,0.05,0.04,0.03,grid_stat_20260727.stat,20260728_080000,,,,,,,,,,,,
STAT,V12.0.0,20260820_055425,INANWP,NA,000000,20260728_080000,000000,20260728_080000,20260727_200000,20260727_200000,NA,RAINNC,"(*,*)",hourlyPrecipRateGC,"(*,*)",mm,mm,gt50,gt50,NA,0.05,CTS,10000.0,,,,,,,,0.85,,,,,,,,,,,,,,,grid_stat_20260727.stat,20260728_080000,0.04,0.45,0.1286,0.15,0.2,0.2286,0.3,0.4,,,,
STAT,V12.0.0,20260820_055425,INANWP,NA,000000,20260728_080000,000000,20260728_080000,20260727_200000,20260727_200000,NA,RAINNC,"(*,*)",hourlyPrecipRateGC,"(*,*)",mm,mm,gt50,gt50,NA,0.05,CTC,10000.0,,,,,,,,,,,,,,,,,,,,,,,grid_stat_20260727.stat,20260728_080000,,,,,,,,,525.0,193.0,289.0,8912.0
STAT,V12.0.0,20260820_055425,INANWP,NA,000000,20260728_090000,000000,20260728_090000,20260727_210000,20260727_210000,NA,RAINNC,"(*,*)",hourlyPrecipRateGC,"(*,*)",mm,mm,gt0.1,gt0.1,NA,0.05,CNT,10000.0,0.085,6.036,4.036,3.036,3.536,4.036,3.236,0.7143,16.287,4.036,0.5,3.229,0.425,0.9,0.1,1.0,0.5,0.2,0.1,0.05,0.04,0.03,grid_stat_20260727.stat,20260728_090000,,,,,,,,,,,,
STAT,V12.0.0,20260820_055425,INANWP,NA,000000,20260728_090000,000000,20260728_090000,20260727_210000,20260727_210000,NA,RAINNC,"(*,*)",hourlyPrecipRateGC,"(*,*)",mm,mm,gt0.1,gt0.1,NA,0.05,CTS,10000.0,,,,,,,,0.85,,,,,,,,,,,,,,,grid_stat_20260727.stat,20260728_090000,0.042,0.45,0.3816,0.15,0.2,0.4816,0.3,0.4,,,,
STAT,V12.0.0,20260820_055425,INANWP,NA,000000,20260728_090000,000000,20260728_090000,20260727_210000,20260727_210000,NA,RAINNC,"(*,*)",hourlyPrecipRateGC,"(*,*)",mm,mm,gt0.1,gt0.1,NA,0.05,CTC,10000.0,,,,,,,,,,,,,,,,,,,,,,,grid_stat_20260727.stat,20260728_090000,,,,,,,,,576.0,180.0,269.0,8938.0
STAT,V12.0.0,20260820_055425,INANWP,NA,000000,20260728_090000,000000,20260728_090000,20260727_210000,20260727_210000,NA,RAINNC,"(*,*)",hourlyPrecipRateGC,"(*,*)",mm,mm,gt1,gt1,NA,0.05,CNT,10000.0,0.085,6.036,4.036,3.036,3.536,4.036,3.236,0.7143,16.287,4.036,0.5,3.229,0.425,0.9,0.1,1.0,0.5,0.2,0.1,0.05,0.04,0.03,grid_stat_20260727.stat,20260728_090000,,,,,,,,,,,,
STAT,V12.0.0,20260820_055425,INANWP,NA,000000,20260728_090000,000000,20260728_090000,20260727_210000,20260727_210000,NA,RAINNC,"(*,*)",hourlyPrecipRateGC,"(*,*)",mm,mm,gt1,gt1,NA,0.05,CTS,10000.0,,,,,,,,0.85,,,,,,,,,,,,,,,grid_stat_20260727.stat,20260728_090000,0.042,0.45,0.3771,0.15,0.2,0.4771,0.3,0.4,,,,
STAT,V12.0.0,20260820_055425,INANWP,NA,000000,20260728_090000,000000,20260728_090000,20260727_210000,20260727_210000,NA,RAINNC,"(*,*)",hourlyPrecipRateGC,"(*,*)",mm,mm,gt1,gt1,NA,0.05,CTC,10000.0,,,,,,,,,,,,,,,,,,,,,,,grid_stat_20260727.stat,20260728_090000,,,,,,,,,575.0,181.0,269.0,8937.0
STAT,V12.0.0,20260820_055425,INANWP,NA,000000,20260728_090000,000000,20260728_090000,20260727_210000,20260727_210000,NA,RAINNC,"(*,*)",hourlyPrecipRateGC,"(*,*)",mm,mm,gt5,gt5,NA,0.05,CNT,10000.0,0.085,6.036,4.036,3.036,3.536,4.036,3.236,0.7143,16.287,4.036,0.5,3.229,0.425,0.9,0.1,1.0,0.5,0.2,0.1,0.05,0.04,0.03,grid_stat_20260727.stat,20260728_090000,,,,,,,,,,,,
STAT,V12.0.0,20260820_055425,INANWP,NA,000000,20260728_090000,000000,20260728_090000,20260727_210000,20260727_210000,NA,RAINNC,"(*,*)",hourlyPrecipRateGC,"(*,*)",mm,mm,gt5,gt5,NA,0.05,CTS,10000.0,,,,,,,,0.85,,,,,,,,,,,,,,,grid_stat_20260727.stat,20260728_090000,0.042,0.45,0.3571,0.15,0.2,0.4571,0.3,0.4,,,,
STAT,V12.0.0,20260820_055425,INANWP,NA,000000,20260728_090000,000000,20260728_090000,20260727_210000,20260727_210000,NA,RAINNC,"(*,*)",hourlyPrecipRateGC,"(*,*)",mm,mm,gt5,gt5,NA,0.05,CTC,10000.0,,,,,,,,,,,,,,,,,,,,,,,grid_stat_20260727.stat,20260728_090000,,,,,,,,,571.0,182.0,271.0,8935.0
STAT,V12.0.0,20260820_055425,INANWP,NA,000000,20260728_090000,000000,20260728_090000,20260727_210000,20260727_210000,NA,RAINNC,"(*,*)",hourlyPrecipRateGC,"(*,*)",mm,mm,gt10,gt10,NA,0.05,CNT,10000.0,0.085,6.036,4.036,3.036,3.536,4.036,3.236,0.7143,16.287,4.036,0.5,3.229,0.425,0.9,0.1,1.0,0.5,0.2,0.1,0.05,0.04,0.03,grid_stat_20260727.stat,20260728_090000,,,,,,,,,,,,
STAT,V12.0.0,20260820_055425,INANWP,NA,000000,20260728_090000,000000,20260728_090000,20260727_210000,20260727_210000,NA,RAINNC,"(*,*)",hourlyPrecipRateGC,"(*,*)",mm,mm,gt10,gt10,NA,0.05,CTS,10000.0,,,,,,,,0.85,,,,,,,,,,,,,,,grid_stat_20260727.stat,20260728_090000,0.042,0.45,0.3321,0.15,0.2,0.4321,0.3,0.4,,,,
STAT,V12.0.0,20260820_055425,INANWP,NA,000000,20260728_090000,000000,20260728_090000,20260727_210000,20260727_210000,NA,RAINNC,"(*,*)",hourlyPrecipRateGC,"(*,*)",mm,mm,gt10,gt10,NA,0.05,CTC,10000.0,,,,,,,,,,,,,,,,,,,,,,,grid_stat_20260727.stat,20260728_090000,,,,,,,,,566.0,183.0,273.0,8933.0
STAT,V12.0.0,20260820_055425,INANWP,NA,000000,20260728_090000,000000,20260728_090000,20260727_210000,20260727_210000,NA,RAINNC,"(*,*)",hourlyPrecipRateGC,"(*,*)",mm,mm,gt20,gt20,NA,0.05,CNT,10000.0,0.085,6.036,4.036,3.036,3.536,4.036,3.236,0.7143,16.287,4.036,0.5,3.229,0.425,0.9,0.1,1.0,0.5,0.2,0.1,0.05,0.04,0.03,grid_stat_20260727.stat,20260728_090000,,,,,,,,,,,,
STAT,V12.0.0,20260820_055425,INANWP,NA,000000,20260728_090000,000000,20260728_090000,20260727_210000,20260727_210000,NA,RAINNC,"(*,*)",hourlyPrecipRateGC,"(*,*)",mm,mm,gt20,gt20,NA,0.05,CTS,10000.0,,,,,,,,0.85,,,,,,,,,,,,,,,grid_stat_20260727.stat,20260728_090000,0.042,0.45,0.2821,0.15,0.2,0.3821,0.3,0.4,,,,
STAT,V12.0.0,20260820_055425,INANWP,NA,000000,20260728_090000,000000,20260728_090000,20260727_210000,20260727_210000,NA,RAINNC,"(*,*)",hourlyPrecipRateGC,"(*,*)",mm,mm,gt20,gt20,NA,0.05,CTC,10000.0,,,,,,,,,,,,,,,,,,,,,,,grid_stat_20260727.stat,20260728_090000,,,,,,,,,556.0,185.0,277.0,8928.0
STAT,V12.0.0,20260820_055425,INANWP,NA,000000,20260728_090000,000000,20260728_090000,20260727_210000,20260727_210000,NA,RAINNC,"(*,*)",hourlyPrecipRateGC,"(*,*)",mm,mm,gt50,gt50,NA,0.05,CNT,10000.0,0.085,6.036,4.036,3.036,3.536,4.036,3.236,0.7143,16.287,4.036,0.5,3.229,0.425,0.9,0.1,1.0,0.5,0.2,0.1,0.05,0.04,0.03,grid_stat_20260727.stat,20260728_090000,,,,,,,,,,,,
STAT,V12.0.0,20260820_055425,INANWP,NA,000000,20260728_090000,000000,20260728_090000,20260727_210000,20260727_210000,NA,RAINNC,"(*,*)",hourlyPrecipRateGC,"(*,*)",mm,mm,gt50,gt50,NA,0.05,CTS,10000.0,,,,,,,,0.85,,,,,,,,,,,,,,,grid_stat_20260727.stat,20260728_090000,0.042,0.45,0.1321,0.15,0.2,0.2321,0.3,0.4,,,,
STAT,V12.0.0,20260820_055425,INANWP,NA,000000,20260728_090000,000000,20260728_090000,20260727_210000,20260727_210000,NA,RAINNC,"(*,*)",hourlyPrecipRateGC,"(*,*)",mm,mm,gt50,gt50,NA,0.05,CTC,10000.0,,,,,,,,,,,,,,,,,,,,,,,grid_stat_20260727.stat,20260728_090000,,,,,,,,,526.0,193.0,289.0,8913.0
STAT,V12.0.0,20260820_055425,INANWP,NA,000000,20260728_100000,000000,20260728_100000,20260727_220000,20260727_220000,NA,RAINNC,"(*,*)",hourlyPrecipRateGC,"(*,*)",mm,mm,gt0.1,gt0.1,NA,0.05,CNT,10000.0,0.09,5.929,3.929,2.929,3.429,3.929,3.129,0.7214,15.434,3.929,0.5,3.143,0.45,0.9,0.1,1.0,0.5,0.2,0.1,0.05,0.04,0.03,grid_stat_20260727.stat,20260728_100000,,,,,,,,,,,,
STAT,V12.0.0,20260820_055425,INANWP,NA,000000,20260728_100000,000000,20260728_100000,20260727_220000,20260727_220000,NA,RAINNC,"(*,*)",hourlyPrecipRateGC,"(*,*)",mm,mm,gt0.1,gt0.1,NA,0.05,CTS,10000.0,,,,,,,,0.85,,,,,,,,,,,,,,,grid_stat_20260727.stat,20260728_100000,0.045,0.45,0.3852,0.15,0.2,0.4852,0.3,0.4,,,,
STAT,V12.0.0,20260820_055425,INANWP,NA,000000,20260728_100000,000000,20260728_100000,20260727_220000,20260727_220000,NA,RAINNC,"(*,*)",hourlyPrecipRateGC,"(*,*)",mm,mm,gt0.1,gt0.1,NA,0.05,CTC,10000.0,,,,,,,,,,,,,,,,,,,,,,,grid_stat_20260727.stat,20260728_100000,,,,,,,,,577.0,180.0,269.0,8938.0
STAT,V12.0.0,20260820_055425,INANWP,NA,000000,20260728_100000,000000,20260728_100000,20260727_220000,20260727_220000,NA,RAINNC,"(*,*)",hourlyPrecipRateGC,"(*,*)",mm,mm,gt1,gt1,NA,0.05,CNT,10000.0,0.09,5.929,3.929,2.929,3.429,3.929,3.129,0.7214,15.434,3.929,0.5,3.143,0.45,0.9,0.1,1.0,0.5,0.2,0.1,0.05,0.04,0.03,grid_stat_20260727.stat,20260728_100000,,,,,,,,,,,,
STAT,V12.0.0,20260820_055425,INANWP,NA,000000,20260728_100000,000000,20260728_100000,20260727_220000,20260727_220000,NA,RAINNC,"(*,*)",hourlyPrecipRateGC,"(*,*)",mm,mm,gt1,gt1,NA,0.05,CTS,10000.0,,,,,,,,0.85,,,,,,,,,,,,,,,grid_stat_20260727.stat,20260728_100000,0.045,0.45,0.3807,0.15,0.2,0.4807,0.3,0.4,,,,
STAT,V12.0.0,20260820_055425,INANWP,NA,000000,20260728_100000,000000,20260728_100000,20260727_220000,20260727_220000,NA,RAINNC,"(*,*)",hourlyPrecipRateGC,"(*,*)",mm,mm,gt1,gt1,NA,0.05,CTC,10000.0,,,,,,,,,,,,,,,,,,,,,,,grid_stat_20260727.stat,20260728_100000,,,,,,,,,576.0,180.0,269.0,8938.0
STAT,V12.0.0,20260820_055425,INANWP,NA,000000,20260728_100000,000000,20260728_100000,20260727_220000,20260727_220000,NA,RAINNC,"(*,*)",hourlyPrecipRateGC,"(*,*)",mm,mm,gt5,gt5,NA,0.05,CNT,10000.0,0.09,5.929,3.929,2.929,3.429,3.929,3.129,0.7214,15.434,3.929,0.5,3.143,0.45,0.9,0.1,1.0,0.5,0.2,0.1,0.05,0.04,0.03,grid_stat_20260727.stat,20260728_100000,,,,,,,,,,,,
STAT,V12.0.0,20260820_055425,INANWP,NA,000000,20260728_100000,000000,20260728_100000,20260727_220000,20260727_220000,NA,RAINNC,"(*,*)",hourlyPrecipRateGC,"(*,*)",mm,mm,gt5,gt5,NA,0.05,CTS,10000.0,,,,,,,,0.85,,,,,,,,,,,,,,,grid_stat_20260727.stat,20260728_100000,0.045,0.45,0.3607,0.15,0.2,0.4607,0.3,0.4,,,,
STAT,V12.0.0,20260820_055425,INANWP,NA,000000,20260728_100000,000000,20260728_100000,20260727_220000,20260727_220000,NA,RAINNC,"(*,*)",hourlyPrecipRateGC,"(*,*)",mm,mm,gt5,gt5,NA,0.05,CTC,10000.0,,,,,,,,,,,,,,,,,,,,,,,grid_stat_20260727.stat,20260728_100000,,,,,,,,,572.0,181.0,271.0,8936.0
STAT,V12.0.0,20260820_055425,INANWP,NA,000000,20260728_100000,000000,20260728_100000,20260727_220000,20260727_220000,NA,RAINNC,"(*,*)",hourlyPrecipRateGC,"(*,*)",mm,mm,gt10,gt10,NA,0.05,CNT,10000.0,0.09,5.929,3.929,2.929,3.429,3.929,3.129,0.7214,15.434,3.929,0.5,3.143,0.45,0.9,0.1,1.0,0.5,0.2,0.1,0.05,0.04,0.03,grid_stat_20260727.stat,20260728_100000,,,,,,,,,,,,
STAT,V12.0.0,20260820_055425,INANWP,NA,000000,20260728_100000,000000,20260728_100000,20260727_220000,20260727_220000,NA,RAINNC,"(*,*)",hourlyPrecipRateGC,"(*,*)",mm,mm,gt10,gt10,NA,0.05,CTS,10000.0,,,,,,,,0.85,,,,,,,,,,,,,,,grid_stat_20260727.stat,20260728_100000,0.045,0.45,0.3357,0.15,0.2,0.4357,0.3,0.4,,,,
STAT,V12.0.0,20260820_055425,INANWP,NA,000000,20260728_100000,000000,20260728_100000,20260727_220000,20260727_220000,NA,RAINNC,"(*,*)",hourlyPrecipRateGC,"(*,*)",mm,mm,gt10,gt10,NA,0.05,CTC,10000.0,,,,,,,,,,,,,,,,,,,,,,,grid_stat_20260727.stat,20260728_100000,,,,,,,,,567.0,183.0,273.0,8933.0
STAT,V12.0.0,20260820_055425,INANWP,NA,000000,20260728_100000,000000,20260728_100000,20260727_220000,20260727_220000,NA,RAINNC,"(*,*)",hourlyPrecipRateGC,"(*,*)",mm,mm,gt20,gt20,NA,0.05,CNT,10000.0,0.09,5.929,3.929,2.929,3.429,3.929,3.129,0.7214,15.434,3.929,0.5,3.143,0.45,0.9,0.1,1.0,0.5,0.2,0.1,0.05,0.04,0.03,grid_stat_20260727.stat,20260728_100000,,,,,,,,,,,,
STAT,V12.0.0,20260820_055425,INANWP,NA,000000,20260728_100000,000000,20260728_100000,20260727_220000,20260727_220000,NA,RAINNC,"(*,*)",hourlyPrecipRateGC,"(*,*)",mm,mm,gt20,gt20,NA,0.05,CTS,10000.0,,,,,,,,0.85,,,,,,,,,,,,,,,grid_stat_20260727.stat,20260728_100000,0.045,0.45,0.2857,0.15,0.2,0.3857,0.3,0.4,,,,
STAT,V12.0.0,20260820_055425,INANWP,NA,000000,20260728_100000,000000,20260728_100000,20260727_220000,20260727_220000,NA,RAINNC,"(*,*)",hourlyPrecipRateGC,"(*,*)",mm,mm,gt20,gt20,NA,0.05,CTC,10000.0,,,,,,,,,,,,,,,,,,,,,,,grid_stat_20260727.stat,20260728_100000,,,,,,,,,557.0,185.0,277.0,8928.0
STAT,V12.0.0,20260820_055425,INANWP,NA,000000,20260728_100000,000000,20260728_100000,20260727_220000,20260727_220000,NA,RAINNC,"(*,*)",hourlyPrecipRateGC,"(*,*)",mm,mm,gt50,gt50,NA,0.05,CNT,10000.0,0.09,5.929,3.929,2.929,3.429,3.929,3.129,0.7214,15.434,3.929,0.5,3.143,0.45,0.9,0.1,1.0,0.5,0.2,0.1,0.05,0.04,0.03,grid_stat_20260727.stat,20260728_100000,,,,,,,,,,,,
STAT,V12.0.0,20260820_055425,INANWP,NA,000000,20260728_100000,000000,20260728_100000,20260727_220000,20260727_220000,NA,RAINNC,"(*,*)",hourlyPrecipRateGC,"(*,*)",mm,mm,gt50,gt50,NA,0.05,CTS,10000.0,,,,,,,,0.85,,,,,,,,,,,,,,,grid_stat_20260727.stat,20260728_100000,0.045,0.45,0.1357,0.15,0.2,0.2357,0.3,0.4,,,,
STAT,V12.0.0,20260820_055425,INANWP,NA,000000,20260728_100000,000000,20260728_100000,20260727_220000,20260727_220000,NA,RAINNC,"(*,*)",hourlyPrecipRateGC,"(*,*)",mm,mm,gt50,gt50,NA,0.05,CTC,10000.0,,,,,,,,,,,,,,,,,,,,,,,grid_stat_20260727.stat,20260728_100000,,,,,,,,,527.0,193.0,289.0,8913.0
STAT,V12.0.0,20260820_055425,INANWP,NA,000000,20260728_110000,000000,20260728_110000,20260727_230000,20260727_230000,NA,RAINNC,"(*,*)",hourlyPrecipRateGC,"(*,*)",mm,mm,gt0.1,gt0.1,NA,0.05,CNT,10000.0,0.095,5.821,3.821,2.821,3.321,3.821,3.021,0.7286,14.603,3.821,0.5,3.057,0.475,0.9,0.1,1.0,0.5,0.2,0.1,0.05,0.04,0.03,grid_stat_20260727.stat,20260728_110000,,,,,,,,,,,,
STAT,V12.0.0,20260820_055425,INANWP,NA,000000,20260728_110000,000000,20260728_110000,20260727_230000,20260727_230000,NA,RAINNC,"(*,*)",hourlyPrecipRateGC,"(*,*)",mm,mm,gt0.1,gt0.1,NA,0.05,CTS,10000.0,,,,,,,,0.85,,,,,,,,,,,,,,,grid_stat_20260727.stat,20260728_110000,0.048,0.45,0.3888,0.15,0.2,0.4888,0.3,0.4,,,,
STAT,V12.0.0,20260820_055425,INANWP,NA,000000,20260728_110000,000000,20260728_110000,20260727_230000,20260727_230000,NA,RAINNC,"(*,*)",hourlyPrecipRateGC,"(*,*)",mm,mm,gt0.1,gt0.1,NA,0.05,CTC,10000.0,,,,,,,,,,,,,,,,,,,,,,,grid_stat_20260727.stat,20260728_110000,,,,,,,,,577.0,180.0,268.0,8938.0
STAT,V12.0.0,20260820_055425,INANWP,NA,000000,20260728_110000,000000,20260728_110000,20260727_230000,20260727_230000,NA,RAINNC,"(*,*)",hourlyPrecipRateGC,"(*,*)",mm,mm,gt1,gt1,NA,0.05,CNT,10000.0,0.095,5.821,3.821,2.821,3.321,3.821,3.021,0.7286,14.603,3.821,0.5,3.057,0.475,0.9,0.1,1.0,0.5,0.2,0.1,0.05,0.04,0.03,grid_stat_20260727.stat,20260728_110000,,,,,,,,,,,,
STAT,V12.0.0,20260820_055425,INANWP,NA,000000,20260728_110000,000000,20260728_110000,20260727_230000,20260727_230000,NA,RAINNC,"(*,*)",hourlyPrecipRateGC,"(*,*)",mm,mm,gt1,gt1,NA,0.05,CTS,10000.0,,,,,,,,0.85,,,,,,,,,,,,,,,grid_stat_20260727.stat,20260728_110000,0.048,0.45,0.3843,0.15,0.2,0.4843,0.3,0.4,,,,
STAT,V12.0.0,20260820_055425,INANWP,NA,000000,20260728_110000,000000,20260728_110000,20260727_230000,20260727_230000,NA,RAINNC,"(*,*)",hourlyPrecipRateGC,"(*,*)",mm,mm,gt1,gt1,NA,0.05,CTC,10000.0,,,,,,,,,,,,,,,,,,,,,,,grid_stat_20260727.stat,20260728_110000,,,,,,,,,576.0,180.0,269.0,8938.0
STAT,V12.0.0,20260820_055425,INANWP,NA,000000,20260728_110000,000000,20260728_110000,20260727_230000,20260727_230000,NA,RAINNC,"(*,*)",hourlyPrecipRateGC,"(*,*)",mm,mm,gt5,gt5,NA,0.05,CNT,10000.0,0.095,5.821,3.821,2.821,3.321,3.821,3.021,0.7286,14.603,3.821,0.5,3.057,0.475,0.9,0.1,1.0,0.5,0.2,0.1,0.05,0.04,0.03,grid_stat_20260727.stat,20260728_110000,,,,,,,,,,,,
STAT,V12.0.0,20260820_055425,INANWP,NA,000000,20260728_110000,000000,20260728_110000,20260727_230000,20260727_230000,NA,RAINNC,"(*,*)",hourlyPrecipRateGC,"(*,*)",mm,mm,gt5,gt5,NA,0.05,CTS,10000.0,,,,,,,,0.85,,,,,,,,,,,,,,,grid_stat_20260727.stat,20260728_110000,0.048,0.45,0.3643,0.15,0.2,0.4643,0.3,0.4,,,,
STAT,V12.0.0,20260820_055425,INANWP,NA,000000,20260728_110000,000000,20260728_110000,20260727_230000,20260727_230000,NA,RAINNC,"(*,*)",hourlyPrecipRateGC,"(*,*)",mm,mm,gt5,gt5,NA,0.05,CTC,10000.0,,,,,,,,,,,,,,,,,,,,,,,grid_stat_20260727.stat,20260728_110000,,,,,,,,,572.0,181.0,270.0,8936.0
STAT,V12.0.0,20260820_055425,INANWP,NA,000000,20260728_110000,000000,20260728_110000,20260727_230000,20260727_230000,NA,RAINNC,"(*,*)",hourlyPrecipRateGC,"(*,*)",mm,mm,gt10,gt10,NA,0.05,CNT,10000.0,0.095,5.821,3.821,2.821,3.321,3.821,3.021,0.7286,14.603,3.821,0.5,3.057,0.475,0.9,0.1,1.0,0.5,0.2,0.1,0.05,0.04,0.03,grid_stat_20260727.stat,20260728_110000,,,,,,,,,,,,
STAT,V12.0.0,20260820_055425,INANWP,NA,000000,20260728_110000,000000,20260728_110000,20260727_230000,20260727_230000,NA,RAINNC,"(*,*)",hourlyPrecipRateGC,"(*,*)",mm,mm,gt10,gt10,NA,0.05,CTS,10000.0,,,,,,,,0.85,,,,,,,,,,,,,,,grid_stat_20260727.stat,20260728_110000,0.048,0.45,0.3393,0.15,0.2,0.4393,0.3,0.4,,,,
STAT,V12.0.0,20260820_055425,INANWP,NA,000000,20260728_110000,000000,20260728_110000,20260727_230000,20260727_230000,NA,RAINNC,"(*,*)",hourlyPrecipRateGC,"(*,*)",mm,mm,gt10,gt10,NA,0.05,CTC,10000.0,,,,,,,,,,,,,,,,,,,,,,,grid_stat_20260727.stat,20260728_110000,,,,,,,,,567.0,183.0,272.0,8933.0
STAT,V12.0.0,20260820_055425,INANWP,NA,000000,20260728_110000,000000,20260728_110000,20260727_230000,20260727_230000,NA,RAINNC,"(*,*)",hourlyPrecipRateGC,"(*,*)",mm,mm,gt20,gt20,NA,0.05,CNT,10000.0,0.095,5.821,3.821,2.821,3.321,3.821,3.021,0.7286,14.603,3.821,0.5,3.057,0.475,0.9,0.1,1.0,0.5,0.2,0.1,0.05,0.04,0.03,grid_stat_20260727.stat,20260728_110000,,,,,,,,,,,,
STAT,V12.0.0,20260820_055425,INANWP,NA,000000,20260728_110000,000000,20260728_110000,20260727_230000,20260727_230000,NA,RAINNC,"(*,*)",hourlyPrecipRateGC,"(*,*)",mm,mm,gt20,gt20,NA,0.05,CTS,10000.0,,,,,,,,0.85,,,,,,,,,,,,,,,grid_stat_20260727.stat,20260728_110000,0.048,0.45,0.2893,0.15,0.2,0.3893,0.3,0.4,,,,
STAT,V12.0.0,20260820_055425,INANWP,NA,000000,20260728_110000,000000,20260728_110000,20260727_230000,20260727_230000,NA,RAINNC,"(*,*)",hourlyPrecipRateGC,"(*,*)",mm,mm,gt20,gt20,NA,0.05,CTC,10000.0,,,,,,,,,,,,,,,,,,,,,,,grid_stat_20260727.stat,20260728_110000,,,,,,,,,557.0,185.0,276.0,8928.0
STAT,V12.0.0,20260820_055425,INANWP,NA,000000,20260728_110000,000000,20260728_110000,20260727_230000,20260727_230000,NA,RAINNC,"(*,*)",hourlyPrecipRateGC,"(*,*)",mm,mm,gt50,gt50,NA,0.05,CNT,10000.0,0.095,5.821,3.821,2.821,3.321,3.821,3.021,0.7286,14.603,3.821,0.5,3.057,0.475,0.9,0.1,1.0,0.5,0.2,0.1,0.05,0.04,0.03,grid_stat_20260727.stat,20260728_110000,,,,,,,,,,,,
STAT,V12.0.0,20260820_055425,INANWP,NA,000000,20260728_110000,000000,20260728_110000,20260727_230000,20260727_230000,NA,RAINNC,"(*,*)",hourlyPrecipRateGC,"(*,*)",mm,mm,gt50,gt50,NA,0.05,CTS,10000.0,,,,,,,,0.85,,,,,,,,,,,,,,,grid_stat_20260727.stat,20260728_110000,0.048,0.45,0.1393,0.15,0.2,0.2393,0.3,0.4,,,,
STAT,V12.0.0,20260820_055425,INANWP,NA,000000,20260728_110000,000000,20260728_110000,20260727_230000,20260727_230000,NA,RAINNC,"(*,*)",hourlyPrecipRateGC,"(*,*)",mm,mm,gt50,gt50,NA,0.05,CTC,10000.0,,,,,,,,,,,,,,,,,,,,,,,grid_stat_20260727.stat,20260728_110000,,,,,,,,,527.0,193.0,288.0,8913.0
STAT,V12.0.0,20260820_055425,INANWP,NA,000000,20260728_000000,000000,20260728_000000,20260727_120000,20260727_120000,NA,RAINNC,"(*,*)",hourlyPrecipRateGC,"(*,*)",mm,mm,gt0.1,gt0.1,NA,0.05,CNT,10000.0,0.04,7.0,5.0,4.0,4.5,5.0,4.2,0.65,25.0,5.0,0.5,4.0,0.2,0.9,0.1,1.0,0.5,0.2,0.1,0.05,0.04,0.03,grid_stat_20260728.stat,20260728_000000,,,,,,,,,,,,
STAT,V12.0.0,20260820_055425,INANWP,NA,000000,20260728_000000,000000,20260728_000000,20260727_120000,20260727_120000,NA,RAINNC,"(*,*)",hourlyPrecipRateGC,"(*,*)",mm,mm,gt0.1,gt0.1,NA,0.05,CTS,10000.0,,,,,,,,0.85,,,,,,,,,,,,,,,grid_stat_20260728.stat,20260728_000000,0.02,0.45,0.3495,0.15,0.2,0.4495,0.3,0.4,,,,
STAT,V12.0.0,20260820_055425,INANWP,NA,000000,20260728_000000,000000,20260728_000000,20260727_120000,20260727_120000,NA,RAINNC,"(*,*)",hourlyPrecipRateGC,"(*,*)",mm,mm,gt0.1,gt0.1,NA,0.05,CTC,10000.0,,,,,,,,,,,,,,,,,,,,,,,grid_stat_20260728.stat,20260728_000000,,,,,,,,,569.0,182.0,272.0,8934.0
STAT,V12.0.0,20260820_055425,INANWP,NA,000000,20260728_000000,000000,20260728_000000,20260727_120000,20260727_120000,NA,RAINNC,"(*,*)",hourlyPrecipRateGC,"(*,*)",mm,mm,gt1,gt1,NA,0.05,CNT,10000.0,0.04,7.0,5.0,4.0,4.5,5.0,4.2,0.65,25.0,5.0,0.5,4.0,0.2,0.9,0.1,1.0,0.5,0.2,0.1,0.05,0.04,0.03,grid_stat_20260728.stat,20260728_000000,,,,,,,,,,,,
STAT,V12.0.0,20260820_055425,INANWP,NA,000000,20260728_000000,000000,20260728_000000,20260727_120000,20260727_120000,NA,RAINNC,"(*,*)",hourlyPrecipRateGC,"(*,*)",mm,mm,gt1,gt1,NA,0.05,CTS,10000.0,,,,,,,,0.85,,,,,,,,,,,,,,,grid_stat_20260728.stat,20260728_000000,0.02,0.45,0.345,0.15,0.2,0.445,0.3,0.4,,,,
STAT,V12.0.0,20260820_055425,INANWP,NA,000000,20260728_000000,000000,20260728_000000,20260727_120000,20260727_120000,NA,RAINNC,"(*,*)",hourlyPrecipRateGC,"(*,*)",mm,mm,gt1,gt1,NA,0.05,CTC,10000.0,,,,,,,,,,,,,,,,,,,,,,,grid_stat_20260728.stat,20260728_000000,,,,,,,,,569.0,182.0,272.0,8934.0
STAT,V12.0.0,20260820_055425,INANWP,NA,000000,20260728_000000,000000,20260728_000000,20260727_120000,20260727_120000,NA,RAINNC,"(*,*)",hourlyPrecipRateGC,"(*,*)",mm,mm,gt5,gt5,NA,0.05,CNT,10000.0,0.04,7.0,5.0,4.0,4.5,5.0,4.2,0.65,25.0,5.0,0.5,4.0,0.2,0.9,0.1,1.0,0.5,0.2,0.1,0.05,0.04,0.03,grid_stat_20260728.stat,20260728_000000,,,,,,,,,,,,
STAT,V12.0.0,20260820_055425,INANWP,NA,000000,20260728_000000,000000,20260728_000000,20260727_120000,20260727_120000,NA,RAINNC,"(*,*)",hourlyPrecipRateGC,"(*,*)",mm,mm,gt5,gt5,NA,0.05,CTS,10000.0,,,,,,,,0.85,,,,,,,,,,,,,,,grid_stat_20260728.stat,20260728_000000,0.02,0.45,0.325,0.15,0.2,0.425,0.3,0.4,,,,
STAT,V12.0.0,20260820_055425,INANWP,NA,000000,20260728_000000,000000,20260728_000000,20260727_120000,20260727_120000,NA,RAINNC,"(*,*)",hourlyPrecipRateGC,"(*,*)",mm,mm,gt5,gt5,NA,0.05,CTC,10000.0,,,,,,,,,,,,,,,,,,,,,,,grid_stat_20260728.stat,20260728_000000,,,,,,,,,565.0,183.0,274.0,8932.0
STAT,V12.0.0,20260820_055425,INANWP,NA,000000,20260728_000000,000000,20260728_000000,20260727_120000,20260727_120000,NA,RAINNC,"(*,*)",hourlyPrecipRateGC,"(*,*)",mm,mm,gt10,gt10,NA,0.05,CNT,10000.0,0.04,7.0,5.0,4.0,4.5,5.0,4.2,0.65,25.0,5.0,0.5,4.0,0.2,0.9,0.1,1.0,0.5,0.2,0.1,0.05,0.04,0.03,grid_stat_20260728.stat,20260728_000000,,,,,,,,,,,,
STAT,V12.0.0,20260820_055425,INANWP,NA,000000,20260728_000000,000000,20260728_000000,20260727_120000,20260727_120000,NA,RAINNC,"(*,*)",hourlyPrecipRateGC,"(*,*)",mm,mm,gt10,gt10,NA,0.05,CTS,10000.0,,,,,,,,0.85,,,,,,,,,,,,,,,grid_stat_20260728.stat,20260728_000000,0.02,0.45,0.3,0.15,0.2,0.4,0.3,0.4,,,,
STAT,V12.0.0,20260820_055425,INANWP,NA,000000,20260728_000000,000000,20260728_000000,20260727_120000,20260727_120000,NA,RAINNC,"(*,*)",hourlyPrecipRateGC,"(*,*)",mm,mm,gt10,gt10,NA,0.05,CTC,10000.0,,,,,,,,,,,,,,,,,,,,,,,grid_stat_20260728.stat,20260728_000000,,,,,,,,,560.0,185.0,276.0,8930.0
STAT,V12.0.0,20260820_055425,INANWP,NA,000000,20260728_000000,000000,20260728_000000,20260727_120000,20260727_120000,NA,RAINNC,"(*,*)",hourlyPrecipRateGC,"(*,*)",mm,mm,gt20,gt20,NA,0.05,CNT,10000.0,0.04,7.0,5.0,4.0,4.5,5.0,4.2,0.65,25.0,5.0,0.5,4.0,0.2,0.9,0.1,1.0,0.5,0.2,0.1,0.05,0.04,0.03,grid_stat_20260728.stat,20260728_000000,,,,,,,,,,,,
STAT,V12.0.0,20260820_055425,INANWP,NA,000000,20260728_000000,000000,20260728_000000,20260727_120000,20260727_120000,NA,RAINNC,"(*,*)",hourlyPrecipRateGC,"(*,*)",mm,mm,gt20,gt20,NA,0.05,CTS,10000.0,,,,,,,,0.85,,,,,,,,,,,,,,,grid_stat_20260728.stat,20260728_000000,0.02,0.45,0.25,0.15,0.2,0.35,0.3,0.4,,,,
STAT,V12.0.0,20260820_055425,INANWP,NA,000000,20260728_000000,000000,20260728_000000,20260727_120000,20260727_120000,NA,RAINNC,"(*,*)",hourlyPrecipRateGC,"(*,*)",mm,mm,gt20,gt20,NA,0.05,CTC,10000.0,,,,,,,,,,,,,,,,,,,,,,,grid_stat_20260728.stat,20260728_000000,,,,,,,,,550.0,187.0,280.0,8925.0
STAT,V12.0.0,20260820_055425,INANWP,NA,000000,20260728_000000,000000,20260728_000000,20260727_120000,20260727_120000,NA,RAINNC,"(*,*)",hourlyPrecipRateGC,"(*,*)",mm,mm,gt50,gt50,NA,0.05,CNT,10000.0,0.04,7.0,5.0,4.0,4.5,5.0,4.2,0.65,25.0,5.0,0.5,4.0,0.2,0.9,0.1,1.0,0.5,0.2,0.1,0.05,0.04,0.03,grid_stat_20260728.stat,20260728_000000,,,,,,,,,,,,
STAT,V12.0.0,20260820_055425,INANWP,NA,000000,20260728_000000,000000,20260728_000000,20260727_120000,20260727_120000,NA,RAINNC,"(*,*)",hourlyPrecipRateGC,"(*,*)",mm,mm,gt50,gt50,NA,0.05,CTS,10000.0,,,,,,,,0.85,,,,,,,,,,,,,,,grid_stat_20260728.stat,20260728_000000,0.02,0.45,0.1,0.15,0.2,0.2,0.3,0.4,,,,
STAT,V12.0.0,20260820_055425,INANWP,NA,000000,20260728_000000,000000,20260728_000000,20260727_120000,20260727_120000,NA,RAINNC,"(*,*)",hourlyPrecipRateGC,"(*,*)",mm,mm,gt50,gt50,NA,0.05,CTC,10000.0,,,,,,,,,,,,,,,,,,,,,,,grid_stat_20260728.stat,20260728_000000,,,,,,,,,520.0,195.0,292.0,8910.0
STAT,V12.0.0,20260820_055425,INANWP,NA,000000,20260728_010000,000000,20260728_010000,20260727_130000,20260727_130000,NA,RAINNC,"(*,*)",hourlyPrecipRateGC,"(*,*)",mm,mm,gt0.1,gt0.1,NA,0.05,CNT,10000.0,0.045,6.893,4.893,3.893,4.393,4.893,4.093,0.6571,23.94,4.893,0.5,3.914,0.225,0.9,0.1,1.0,0.5,0.2,0.1,0.05,0.04,0.03,grid_stat_20260728.stat,20260728_010000,,,,,,,,,,,,
STAT,V12.0.0,20260820_055425,INANWP,NA,000000,20260728_010000,000000,20260728_010000,20260727_130000,20260727_130000,NA,RAINNC,"(*,*)",hourlyPrecipRateGC,"(*,*)",mm,mm,gt0.1,gt0.1,NA,0.05,CTS,10000.0,,,,,,,,0.85,,,,,,,,,,,,,,,grid_stat_20260728.stat,20260728_010000,0.023,0.45,0.3531,0.15,0.2,0.4531,0.3,0.4,,,,
STAT,V12.0.0,20260820_055425,INANWP,NA,000000,20260728_010000,000000,20260728_010000,20260727_130000,20260727_130000,NA,RAINNC,"(*,*)",hourlyPrecipRateGC,"(*,*)",mm,mm,gt0.1,gt0.1,NA,0.05,CTC,10000.0,,,,,,,,,,,,,,,,,,,,,,,grid_stat_20260728.stat,20260728_010000,,,,,,,,,570.0,182.0,271.0,8935.0
STAT,V12.0.0,20260820_055425,INANWP,NA,000000,20260728_010000,000000,20260728_010000,20260727_130000,20260727_130000,NA,RAINNC,"(*,*)",hourlyPrecipRateGC,"(*,*)",mm,mm,gt1,gt1,NA,0.05,CNT,10000.0,0.045,6.893,4.893,3.893,4.393,4.893,4.093,0.6571,23.94,4.893,0.5,3.914,0.225,0.9,0.1,1.0,0.5,0.2,0.1,0.05,0.04,0.03,grid_stat_20260728.stat,20260728_010000,,,,,,,,,,,,
STAT,V12.0.0,20260820_055425,INANWP,NA,000000,20260728_010000,000000,20260728_010000,20260727_130000,20260727_130000,NA,RAINNC,"(*,*)",hourlyPrecipRateGC,"(*,*)",mm,mm,gt1,gt1,NA,0.05,CTS,10000.0,,,,,,,,0.85,,,,,,,,,,,,,,,grid_stat_20260728.stat,20260728_010000,0.023,0.45,0.3486,0.15,0.2,0.4486,0.3,0.4,,,,
STAT,V12.0.0,20260820_055425,INANWP,NA,000000,20260728_010000,000000,20260728_010000,20260727_130000,20260727_130000,NA,RAINNC,"(*,*)",hourlyPrecipRateGC,"(*,*)",mm,mm,gt1,gt1,NA,0.05,CTC,10000.0,,,,,,,,,,,,,,,,,,,,,,,grid_stat_20260728.stat,20260728_010000,,,,,,,,,569.0,182.0,272.0,8934.0
STAT,V12.0.0,20260820_055425,INANWP,NA,000000,20260728_010000,000000,20260728_010000,20260727_130000,20260727_130000,NA,RAINNC,"(*,*)",hourlyPrecipRateGC,"(*,*)",mm,mm,gt5,gt5,NA,0.05,CNT,10000.0,0.045,6.893,4.893,3.893,4.393,4.893,4.093,0.6571,23.94,4.893,0.5,3.914,0.225,0.9,0.1,1.0,0.5,0.2,0.1,0.05,0.04,0.03,grid_stat_20260728.stat,20260728_010000,,,,,,,,,,,,
STAT,V12.0.0,20260820_055425,INANWP,NA,000000,20260728_010000,000000,20260728_010000,20260727_130000,20260727_130000,NA,RAINNC,"(*,*)",hourlyPrecipRateGC,"(*,*)",mm,mm,gt5,gt5,NA,0.05,CTS,10000.0,,,,,,,,0.85,,,,,,,,,,,,,,,grid_stat_20260728.stat,20260728_010000,0.023,0.45,0.3286,0.15,0.2,0.4286,0.3,0.4,,,,
STAT,V12.0.0,20260820_055425,INANWP,NA,000000,20260728_010000,000000,20260728_010000,20260727_130000,20260727_130000,NA,RAINNC,"(*,*)",hourlyPrecipRateGC,"(*,*)",mm,mm,gt5,gt5,NA,0.05,CTC,10000.0,,,,,,,,,,,,,,,,,,,,,,,grid_stat_20260728.stat,20260728_010000,,,,,,,,,565.0,183.0,273.0,8932.0
STAT,V12.0.0,20260820_055425,INANWP,NA,000000,20260728_010000,000000,20260728_010000,20260727_130000,20260727_130000,NA,RAINNC,"(*,*)",hourlyPrecipRateGC,"(*,*)",mm,mm,gt10,gt10,NA,0.05,CNT,10000.0,0.045,6.893,4.893,3.893,4.393,4.893,4.093,0.6571,23.94,4.893,0.5,3.914,0.225,0.9,0.1,1.0,0.5,0.2,0.1,0.05,0.04,0.03,grid_stat_20260728.stat,20260728_010000,,,,,,,,,,,,
STAT,V12.0.0,20260820_055425,INANWP,NA,000000,20260728_010000,000000,20260728_010000,20260727_130000,20260727_130000,NA,RAINNC,"(*,*)",hourlyPrecipRateGC,"(*,*)",mm,mm,gt10,gt10,NA,0.05,CTS,10000.0,,,,,,,,0.85,,,,,,,,,,,,,,,grid_stat_20260728.stat,20260728_010000,0.023,0.45,0.3036,0.15,0.2,0.4036,0.3,0.4,,,,
STAT,V12.0.0,20260820_055425,INANWP,NA,000000,20260728_010000,000000,20260728_010000,20260727_130000,20260727_130000,NA,RAINNC,"(*,*)",hourlyPrecipRateGC,"(*,*)",mm,mm,gt10,gt10,NA,0.05,CTC,10000.0,,,,,,,,,,,,,,,,,,,,,,,grid_stat_20260728.stat,20260728_010000,,,,,,,,,560.0,184.0,275.0,8930.0
STAT,V12.0.0,20260820_055425,INANWP,NA,000000,20260728_010000,000000,20260728_010000,20260727_130000,20260727_130000,NA,RAINNC,"(*,*)",hourlyPrecipRateGC,"(*,*)",mm,mm,gt20,gt20,NA,0.05,CNT,10000.0,0.045,6.893,4.893,3.893,4.393,4.893,4.093,0.6571,23.94,4.893,0.5,3.914,0.225,0.9,0.1,1.0,0.5,0.2,0.1,0.05,0.04,0.03,grid_stat_20260728.stat,20260728_010000,,,,,,,,,,,,
STAT,V12.0.0,20260820_055425,INANWP,NA,000000,20260728_010000,000000,20260728_010000,20260727_130000,20260727_130000,NA,RAINNC,"(*,*)",hourlyPrecipRateGC,"(*,*)",mm,mm,gt20,gt20,NA,0.05,CTS,10000.0,,,,,,,,0.85,,,,,,,,,,,,,,,grid_stat_20260728.stat,20260728_010000,0.023,0.45,0.2536,0.15,0.2,0.3536,0.3,0.4,,,,
STAT,V12.0.0,20260820_055425,INANWP,NA,000000,20260728_010000,000000,20260728_010000,20260727_130000,20260727_130000,NA,RAINNC,"(*,*)",hourlyPrecipRateGC,"(*,*)",mm,mm,gt20,gt20,NA,0.05,CTC,10000.0,,,,,,,,,,,,,,,,,,,,,,,grid_stat_20260728.stat,20260728_010000,,,,,,,,,550.0,187.0,279.0,8925.0
STAT,V12.0.0,20260820_055425,INANWP,NA,000000,20260728_010000,000000,20260728_010000,20260727_130000,20260727_130000,NA,RAINNC,"(*,*)",hourlyPrecipRateGC,"(*,*)",mm,mm,gt50,gt50,NA,0.05,CNT,10000.0,0.045,6.893,4.893,3.893,4.393,4.893,4.093,0.6571,23.94,4.893,0.5,3.914,0.225,0.9,0.1,1.0,0.5,0.2,0.1,0.05,0.04,0.03,grid_stat_20260728.stat,20260728_010000,,,,,,,,,,,,
STAT,V12.0.0,20260820_055425,INANWP,NA,000000,20260728_010000,000000,20260728_010000,20260727_130000,20260727_130000,NA,RAINNC,"(*,*)",hourlyPrecipRateGC,"(*,*)",mm,mm,gt50,gt50,NA,0.05,CTS,10000.0,,,,,,,,0.85,,,,,,,,,,,,,,,grid_stat_20260728.stat,20260728_010000,0.023,0.45,0.1036,0.15,0.2,0.2036,0.3,0.4,,,,
STAT,V12.0.0,20260820_055425,INANWP,NA,000000,20260728_010000,000000,20260728_010000,20260727_130000,20260727_130000,NA,RAINNC,"(*,*)",hourlyPrecipRateGC,"(*,*)",mm,mm,gt50,gt50,NA,0.05,CTC,10000.0,,,,,,,,,,,,,,,,,,,,,,,grid_stat_20260728.stat,20260728_010000,,,,,,,,,520.0,194.0,291.0,8910.0
STAT,V12.0.0,20260820_055425,INANWP,NA,000000,20260728_020000,000000,20260728_020000,20260727_140000,20260727_140000,NA,RAINNC,"(*,*)",hourlyPrecipRateGC,"(*,*)",mm,mm,gt0.1,gt0.1,NA,0.05,CNT,10000.0,0.05,6.786,4.786,3.786,4.286,4.786,3.986,0.6643,22.903,4.786,0.5,3.829,0.25,0.9,0.1,1.0,0.5,0.2,0.1,0.05,0.04,0.03,grid_stat_20260728.stat,20260728_020000,,,,,,,,,,,,
STAT,V12.0.0,20260820_055425,INANWP,NA,000000,20260728_020000,000000,20260728_020000,20260727_140000,20260727_140000,NA,RAINNC,"(*,*)",hourlyPrecipRateGC,"(*,*)",mm,mm,gt0.1,gt0.1,NA,0.05,CTS,10000.0,,,,,,,,0.85,,,,,,,,,,,,,,,grid_stat_20260728.stat,20260728_020000,0.025,0.45,0.3566,0.15,0.2,0.4566,0.3,0.4,,,,
STAT,V12.0.0,20260820_055425,INANWP,NA,000000,20260728_020000,000000,20260728_020000,20260727_140000,20260727_140000,NA,RAINNC,"(*,*)",hourlyPrecipRateGC,"(*,*)",mm,mm,gt0.1,gt0.1,NA,0.05,CTC,10000.0,,,,,,,,,,,,,,,,,,,,,,,grid_stat_20260728.stat,20260728_020000,,,,,,,,,571.0,182.0,271.0,8935.0
STAT,V12.0.0,20260820_055425,INANWP,NA,000000,20260728_020000,000000,20260728_020000,20260727_140000,20260727_140000,NA,RAINNC,"(*,*)",hourlyPrecipRateGC,"(*,*)",mm,mm,gt1,gt1,NA,0.05,CNT,10000.0,0.05,6.786,4.786,3.786,4.286,4.786,3.986,0.6643,22.903,4.786,0.5,3.829,0.25,0.9,0.1,1.0,0.5,0.2,0.1,0.05,0.04,0.03,grid_stat_20260728.stat,20260728_020000,,,,,,,,,,,,
STAT,V12.0.0,20260820_055425,INANWP,NA,000000,20260728_020000,000000,20260728_020000,20260727_140000,20260727_140000,NA,RAINNC,"(*,*)",hourlyPrecipRateGC,"(*,*)",mm,mm,gt1,gt1,NA,0.05,CTS,10000.0,,,,,,,,0.85,,,,,,,,,,,,,,,grid_stat_20260728.stat,20260728_020000,0.025,0.45,0.3521,0.15,0.2,0.4521,0.3,0.4,,,,
STAT,V12.0.0,20260820_055425,INANWP,NA,000000,20260728_020000,000000,20260728_020000,20260727_140000,20260727_140000,NA,RAINNC,"(*,*)",hourlyPrecipRateGC,"(*,*)",mm,mm,gt1,gt1,NA,0.05,CTC,10000.0,,,,,,,,,,,,,,,,,,,,,,,grid_stat_20260728.stat,20260728_020000,,,,,,,,,570.0,182.0,271.0,8935.0
STAT,V12.0.0,20260820_055425,INANWP,NA,000000,20260728_020000,000000,20260728_020000,20260727_140000,20260727_140000,NA,RAINNC,"(*,*)",hourlyPrecipRateGC,"(*,*)",mm,mm,gt5,gt5,NA,0.05,CNT,10000.0,0.05,6.786,4.786,3.786,4.286,4.786,3.986,0.6643,22.903,4.786,0.5,3.829,0.25,0.9,0.1,1.0,0.5,0.2,0.1,0.05,0.04,0.03,grid_stat_20260728.stat,20260728_020000,,,,,,,,,,,,
STAT,V12.0.0,20260820_055425,INANWP,NA,000000,20260728_020000,000000,20260728_020000,20260727_140000,20260727_140000,NA,RAINNC,"(*,*)",hourlyPrecipRateGC,"(*,*)",mm,mm,gt5,gt5,NA,0.05,CTS,10000.0,,,,,,,,0.85,,,,,,,,,,,,,,,grid_stat_20260728.stat,20260728_020000,0.025,0.45,0.3321,0.15,0.2,0.4321,0.3,0.4,,,,
STAT,V12.0.0,20260820_055425,INANWP,NA,000000,20260728_020000,000000,20260728_020000,20260727_140000,20260727_140000,NA,RAINNC,"(*,*)",hourlyPrecipRateGC,"(*,*)",mm,mm,gt5,gt5,NA,0.05,CTC,10000.0,,,,,,,,,,,,,,,,,,,,,,,grid_stat_20260728.stat,20260728_020000,,,,,,,,,566.0,183.0,273.0,8933.0
STAT,V12.0.0,20260820_055425,INANWP,NA,000000,20260728_020000,000000,20260728_020000,20260727_140000,20260727_140000,NA,RAINNC,"(*,*)",hourlyPrecipRateGC,"(*,*)",mm,mm,gt10,gt10,NA,0.05,CNT,10000.0,0.05,6.786,4.786,3.786,4.286,4.786,3.986,0.6643,22.903,4.786,0.5,3.829,0.25,0.9,0.1,1.0,0.5,0.2,0.1,0.05,0.04,0.03,grid_stat_20260728.stat,20260728_020000,,,,,,,,,,,,
STAT,V12.0.0,20260820_055425,INANWP,NA,000000,20260728_020000,000000,20260728_020000,20260727_140000,20260727_140000,NA,RAINNC,"(*,*)",hourlyPrecipRateGC,"(*,*)",mm,mm,gt10,gt10,NA,0.05,CTS,10000.0,,,,,,,,0.85,,,,,,,,,,,,,,,grid_stat_20260728.stat,20260728_020000,0.025,0.45,0.3071,0.15,0.2,0.4071,0.3,0.4,,,,
STAT,V12.0.0,20260820_055425,INANWP,NA,000000,20260728_020000,000000,20260728_020000,20260727_140000,20260727_140000,NA,RAINNC,"(*,*)",hourlyPrecipRateGC,"(*,*)",mm,mm,gt10,gt10,NA,0.05,CTC,10000.0,,,,,,,,,,,,,,,,,,,,,,,grid_stat_20260728.stat,20260728_020000,,,,,,,,,561.0,184.0,275.0,8930.0
STAT,V12.0.0,20260820_055425,INANWP,NA,000000,20260728_020000,000000,20260728_020000,20260727_140000,20260727_140000,NA,RAINNC,"(*,*)",hourlyPrecipRateGC,"(*,*)",mm,mm,gt20,gt20,NA,0.05,CNT,10000.0,0.05,6.786,4.786,3.786,4.286,4.786,3.986,0.6643,22.903,4.786,0.5,3.829,0.25,0.9,0.1,1.0,0.5,0.2,0.1,0.05,0.04,0.03,grid_stat_20260728.stat,20260728_020000,,,,,,,,,,,,
STAT,V12.0.0,20260820_055425,INANWP,NA,000000,20260728_020000,000000,20260728_020000,20260727_140000,20260727_140000,NA,RAINNC,"(*,*)",hourlyPrecipRateGC,"(*,*)",mm,mm,gt20,gt20,NA,0.05,CTS,10000.0,,,,,,,,0.85,,,,,,,,,,,,,,,grid_stat_20260728.stat,20260728_020000,0.025,0.45,0.2571,0.15,0.2,0.3571,0.3,0.4,,,,
STAT,V12.0.0,20260820_055425,INANWP,NA,000000,20260728_020000,000000,20260728_020000,20260727_140000,20260727_140000,NA,RAINNC,"(*,*)",hourlyPrecipRateGC,"(*,*)",mm,mm,gt20,gt20,NA,0.05,CTC,10000.0,,,,,,,,,,,,,,,,,,,,,,,grid_stat_20260728.stat,20260728_020000,,,,,,,,,551.0,187.0,279.0,8925.0
STAT,V12.0.0,20260820_055425,INANWP,NA,000000,20260728_020000,000000,20260728_020000,20260727_140000,20260727_140000,NA,RAINNC,"(*,*)",hourlyPrecipRateGC,"(*,*)",mm,mm,gt50,gt50,NA,0.05,CNT,10000.0,0.05,6.786,4.786,3.786,4.286,4.786,3.986,0.6643,22.903,4.786,0.5,3.829,0.25,0.9,0.1,1.0,0.5,0.2,0.1,0.05,0.04,0.03,grid_stat_20260728.stat,20260728_020000,,,,,,,,,,,,
STAT,V12.0.0,20260820_055425,INANWP,NA,000000,20260728_020000,000000,20260728_020000,20260727_140000,20260727_140000,NA,RAINNC,"(*,*)",hourlyPrecipRateGC,"(*,*)",mm,mm,gt50,gt50,NA,0.05,CTS,10000.0,,,,,,,,0.85,,,,,,,,,,,,,,,grid_stat_20260728.stat,20260728_020000,0.025,0.45,0.1071,0.15,0.2,0.2071,0.3,0.4,,,,
STAT,V12.0.0,20260820_055425,INANWP,NA,000000,20260728_020000,000000,20260728_020000,20260727_140000,20260727_140000,NA,RAINNC,"(*,*)",hourlyPrecipRateGC,"(*,*)",mm,mm,gt50,gt50,NA,0.05,CTC,10000.0,,,,,,,,,,,,,,,,,,,,,,,grid_stat_20260728.stat,20260728_020000,,,,,,,,,521.0,194.0,291.0,8910.0
STAT,V12.0.0,20260820_055425,INANWP,NA,000000,20260728_030000,000000,20260728_030000,20260727_150000,20260727_150000,NA,RAINNC,"(*,*)",hourlyPrecipRateGC,"(*,*)",mm,mm,gt0.1,gt0.1,NA,0.05,CNT,10000.0,0.055,6.679,4.679,3.679,4.179,4.679,3.879,0.6714,21.889,4.679,0.5,3.743,0.275,0.9,0.1,1.0,0.5,0.2,0.1,0.05,0.04,0.03,grid_stat_20260728.stat,20260728_030000,,,,,,,,,,,,
STAT,V12.0.0,20260820_055425,INANWP,NA,000000,20260728_030000,000000,20260728_030000,20260727_150000,20260727_150000,NA,RAINNC,"(*,*)",hourlyPrecipRateGC,"(*,*)",mm,mm,gt0.1,gt0.1,NA,0.05,CTS,10000.0,,,,,,,,0.85,,,,,,,,,,,,,,,grid_stat_20260728.stat,20260728_030000,0.028,0.45,0.3602,0.15,0.2,0.4602,0.3,0.4,,,,
STAT,V12.0.0,20260820_055425,INANWP,NA,000000,20260728_030000,000000,20260728_030000,20260727_150000,20260727_150000,NA,RAINNC,"(*,*)",hourlyPrecipRateGC,"(*,*)",mm,mm,gt0.1,gt0.1,NA,0.05,CTC,10000.0,,,,,,,,,,,,,,,,,,,,,,,grid_stat_20260728.stat,20260728_030000,,,,,,,,,572.0,181.0,271.0,8936.0
STAT,V12.0.0,20260820_055425,INANWP,NA,000000,20260728_030000,000000,20260728_030000,20260727_150000,20260727_150000,NA,RAINNC,"(*,*)",hourlyPrecipRateGC,"(*,*)",mm,mm,gt1,gt1,NA,0.05,CNT,10000.0,0.055,6.679,4.679,3.679,4.179,4.679,3.879,0.6714,21.889,4.679,0.5,3.743,0.275,0.9,0.1,1.0,0.5,0.2,0.1,0.05,0.04,0.03,grid_stat_20260728.stat,20260728_030000,,,,,,,,,,,,
STAT,V12.0.0,20260820_055425,INANWP,NA,000000,20260728_030000,000000,20260728_030000,20260727_150000,20260727_150000,NA,RAINNC,"(*,*)",hourlyPrecipRateGC,"(*,*)",mm,mm,gt1,gt1,NA,0.05,CTS,10000.0,,,,,,,,0.85,,,,,,,,,,,,,,,grid_stat_20260728.stat,20260728_030000,0.028,0.45,0.3557,0.15,0.2,0.4557,0.3,0.4,,,,
STAT,V12.0.0,20260820_055425,INANWP,NA,000000,20260728_030000,000000,20260728_030000,20260727_150000,20260727_150000,NA,RAINNC,"(*,*)",hourlyPrecipRateGC,"(*,*)",mm,mm,gt1,gt1,NA,0.05,CTC,10000.0,,,,,,,,,,,,,,,,,,,,,,,grid_stat_20260728.stat,20260728_030000,,,,,,,,,571.0,182.0,271.0,8935.0
STAT,V12.0.0,20260820_055425,INANWP,NA,000000,20260728_030000,000000,20260728_030000,20260727_150000,20260727_150000,NA,RAINNC,"(*,*)",hourlyPrecipRateGC,"(*,*)",mm,mm,gt5,gt5,NA,0.05,CNT,10000.0,0.055,6.679,4.679,3.679,4.179,4.679,3.879,0.6714,21.889,4.679,0.5,3.743,0.275,0.9,0.1,1.0,0.5,0.2,0.1,0.05,0.04,0.03,grid_stat_20260728.stat,20260728_030000,,,,,,,,,,,,
STAT,V12.0.0,20260820_055425,INANWP,NA,000000,20260728_030000,000000,20260728_030000,20260727_150000,20260727_150000,NA,RAINNC,"(*,*)",hourlyPrecipRateGC,"(*,*)",mm,mm,gt5,gt5,NA,0.05,CTS,10000.0,,,,,,,,0.85,,,,,,,,,,,,,,,grid_stat_20260728.stat,20260728_030000,0.028,0.45,0.3357,0.15,0.2,0.4357,0.3,0.4,,,,
STAT,V12.0.0,20260820_055425,INANWP,NA,000000,20260728_030000,000000,20260728_030000,20260727_150000,20260727_150000,NA,RAINNC,"(*,*)",hourlyPrecipRateGC,"(*,*)",mm,mm,gt5,gt5,NA,0.05,CTC,10000.0,,,,,,,,,,,,,,,,,,,,,,,grid_stat_20260728.stat,20260728_030000,,,,,,,,,567.0,183.0,273.0,8933.0
STAT,V12.0.0,20260820_055425,INANWP,NA,000000,20260728_030000,000000,20260728_030000,20260727_150000,20260727_150000,NA,RAINNC,"(*,*)",hourlyPrecipRateGC,"(*,*)",mm,mm,gt10,gt10,NA,0.05,CNT,10000.0,0.055,6.679,4.679,3.679,4.179,4.679,3.879,0.6714,21.889,4.679,0.5,3.743,0.275,0.9,0.1,1.0,0.5,0.2,0.1,0.05,0.04,0.03,grid_stat_20260728.stat,20260728_030000,,,,,,,,,,,,
STAT,V12.0.0,20260820_055425,INANWP,NA,000000,20260728_030000,000000,20260728_030000,20260727_150000,20260727_150000,NA,RAINNC,"(*,*)",hourlyPrecipRateGC,"(*,*)",mm,mm,gt10,gt10,NA,0.05,CTS,10000.0,,,,,,,,0.85,,,,,,,,,,,,,,,grid_stat_20260728.stat,20260728_030000,0.028,0.45,0.3107,0.15,0.2,0.4107,0.3,0.4,,,,
STAT,V12.0.0,20260820_055425,INANWP,NA,000000,20260728_030000,000000,20260728_030000,20260727_150000,20260727_150000,NA,RAINNC,"(*,*)",hourlyPrecipRateGC,"(*,*)",mm,mm,gt10,gt10,NA,0.05,CTC,10000.0,,,,,,,,,,,,,,,,,,,,,,,grid_stat_20260728.stat,20260728_030000,,,,,,,,,562.0,184.0,275.0,8931.0
STAT,V12.0.0,20260820_055425,INANWP,NA,000000,20260728_030000,000000,20260728_030000,20260727_150000,20260727_150000,NA,RAINNC,"(*,*)",hourlyPrecipRateGC,"(*,*)",mm,mm,gt20,gt20,NA,0.05,CNT,10000.0,0.055,6.679,4.679,3.679,4.179,4.679,3.879,0.6714,21.889,4.679,0.5,3.743,0.275,0.9,0.1,1.0,0.5,0.2,0.1,0.05,0.04,0.03,grid_stat_20260728.stat,20260728_030000,,,,,,,,,,,,
STAT,V12.0.0,20260820_055425,INANWP,NA,000000,20260728_030000,000000,20260728_030000,20260727_150000,20260727_150000,NA,RAINNC,"(*,*)",hourlyPrecipRateGC,"(*,*)",mm,mm,gt20,gt20,NA,0.05,CTS,10000.0,,,,,,,,0.85,,,,,,,,,,,,,,,grid_stat_20260728.stat,20260728_030000,0.028,0.45,0.2607,0.15,0.2,0.3607,0.3,0.4,,,,
STAT,V12.0.0,20260820_055425,INANWP,NA,000000,20260728_030000,000000,20260728_030000,20260727_150000,20260727_150000,NA,RAINNC,"(*,*)",hourlyPrecipRateGC,"(*,*)",mm,mm,gt20,gt20,NA,0.05,CTC,10000.0,,,,,,,,,,,,,,,,,,,,,,,grid_stat_20260728.stat,20260728_030000,,,,,,,,,552.0,186.0,279.0,8926.0
STAT,V12.0.0,20260820_055425,INANWP,NA,000000,20260728_030000,000000,20260728_030000,20260727_150000,20260727_150000,NA,RAINNC,"(*,*)",hourlyPrecipRateGC,"(*,*)",mm,mm,gt50,gt50,NA,0.05,CNT,10000.0,0.055,6.679,4.679,3.679,4.179,4.679,3.879,0.6714,21.889,4.679,0.5,3.743,0.275,0.9,0.1,1.0,0.5,0.2,0.1,0.05,0.04,0.03,grid_stat_20260728.stat,20260728_030000,,,,,,,,,,,,
STAT,V12.0.0,20260820_055425,INANWP,NA,000000,20260728_030000,000000,20260728_030000,20260727_150000,20260727_150000,NA,RAINNC,"(*,*)",hourlyPrecipRateGC,"(*,*)",mm,mm,gt50,gt50,NA,0.05,CTS,10000.0,,,,,,,,0.85,,,,,,,,,,,,,,,grid_stat_20260728.stat,20260728_030000,0.028,0.45,0.1107,0.15,0.2,0.2107,0.3,0.4,,,,
STAT,V12.0.0,20260820_055425,INANWP,NA,000000,20260728_030000,000000,20260728_030000,20260727_150000,20260727_150000,NA,RAINNC,"(*,*)",hourlyPrecipRateGC,"(*,*)",mm,mm,gt50,gt50,NA,0.05,CTC,10000.0,,,,,,,,,,,,,,,,,,,,,,,grid_stat_20260728.stat,20260728_030000,,,,,,,,,522.0,194.0,291.0,8911.0
STAT,V12.0.0,20260820_055425,INANWP,NA,000000,20260728_040000,000000,20260728_040000,20260727_160000,20260727_160000,NA,RAINNC,"(*,*)",hourlyPrecipRateGC,"(*,*)",mm,mm,gt0.1,gt0.1,NA,0.05,CNT,10000.0,0.06,6.571,4.571,3.571,4.071,4.571,3.771,0.6786,20.898,4.571,0.5,3.657,0.3,0.9,0.1,1.0,0.5,0.2,0.1,0.05,0.04,0.03,grid_stat_20260728.stat,20260728_040000,,,,,,,,,,,,
STAT,V12.0.0,20260820_055425,INANWP,NA,000000,20260728_040000,000000,20260728_040000,20260727_160000,20260727_160000,NA,RAINNC,"(*,*)",hourlyPrecipRateGC,"(*,*)",mm,mm,gt0.1,gt0.1,NA,0.05,CTS,10000.0,,,,,,,,0.85,,,,,,,,,,,,,,,grid_stat_20260728.stat,20260728_040000,0.03,0.45,0.3638,0.15,0.2,0.4638,0.3,0.4,,,,
STAT,V12.0.0,20260820_055425,INANWP,NA,000000,20260728_040000,000000,20260728_040000,20260727_160000,20260727_160000,NA,RAINNC,"(*,*)",hourlyPrecipRateGC,"(*,*)",mm,mm,gt0.1,gt0.1,NA,0.05,CTC,10000.0,,,,,,,,,,,,,,,,,,,,,,,grid_stat_20260728.stat,20260728_040000,,,,,,,,,572.0,181.0,270.0,8936.0
STAT,V12.0.0,20260820_055425,INANWP,NA,000000,20260728_040000,000000,20260728_040000,20260727_160000,20260727_160000,NA,RAINNC,"(*,*)",hourlyPrecipRateGC,"(*,*)",mm,mm,gt1,gt1,NA,0.05,CNT,10000.0,0.06,6.571,4.571,3.571,4.071,4.571,3.771,0.6786,20.898,4.571,0.5,3.657,0.3,0.9,0.1,1.0,0.5,0.2,0.1,0.05,0.04,0.03,grid_stat_20260728.stat,20260728_040000,,,,,,,,,,,,
STAT,V12.0.0,20260820_055425,INANWP,NA,000000,20260728_040000,000000,20260728_040000,20260727_160000,20260727_160000,NA,RAINNC,"(*,*)",hourlyPrecipRateGC,"(*,*)",mm,mm,gt1,gt1,NA,0.05,CTS,10000.0,,,,,,,,0.85,,,,,,,,,,,,,,,grid_stat_20260728.stat,20260728_040000,0.03,0.45,0.3593,0.15,0.2,0.4593,0.3,0.4,,,,
STAT,V12.0.0,20260820_055425,INANWP,NA,000000,20260728_040000,000000,20260728_040000,20260727_160000,20260727_160000,NA,RAINNC,"(*,*)",hourlyPrecipRateGC,"(*,*)",mm,mm,gt1,gt1,NA,0.05,CTC,10000.0,,,,,,,,,,,,,,,,,,,,,,,grid_stat_20260728.stat,20260728_040000,,,,,,,,,571.0,182.0,271.0,8935.0
STAT,V12.0.0,20260820_055425,INANWP,NA,000000,20260728_040000,000000,20260728_040000,20260727_160000,20260727_160000,NA,RAINNC,"(*,*)",hourlyPrecipRateGC,"(*,*)",mm,mm,gt5,gt5,NA,0.05,CNT,10000.0,0.06,6.571,4.571,3.571,4.071,4.571,3.771,0.6786,20.898,4.571,0.5,3.657,0.3,0.9,0.1,1.0,0.5,0.2,0.1,0.05,0.04,0.03,grid_stat_20260728.stat,20260728_040000,,,,,,,,,,,,
STAT,V12.0.0,20260820_055425,INANWP,NA,000000,20260728_040000,000000,20260728_040000,20260727_160000,20260727_160000,NA,RAINNC,"(*,*)",hourlyPrecipRateGC,"(*,*)",mm,mm,gt5,gt5,NA,0.05,CTS,10000.0,,,,,,,,0.85,,,,,,,,,,,,,,,grid_stat_20260728.stat,20260728_040000,0.03,0.45,0.3393,0.15,0.2,0.4393,0.3,0.4,,,,
STAT,V12.0.0,20260820_055425,INANWP,NA,000000,20260728_040000,000000,20260728_040000,20260727_160000,20260727_160000,NA,RAINNC,"(*,*)",hourlyPrecipRateGC,"(*,*)",mm,mm,gt5,gt5,NA,0.05,CTC,10000.0,,,,,,,,,,,,,,,,,,,,,,,grid_stat_20260728.stat,20260728_040000,,,,,,,,,567.0,183.0,272.0,8933.0
STAT,V12.0.0,20260820_055425,INANWP,NA,000000,20260728_040000,000000,20260728_040000,20260727_160000,20260727_160000,NA,RAINNC,"(*,*)",hourlyPrecipRateGC,"(*,*)",mm,mm,gt10,gt10,NA,0.05,CNT,10000.0,0.06,6.571,4.571,3.571,4.071,4.571,3.771,0.6786,20.898,4.571,0.5,3.657,0.3,0.9,0.1,1.0,0.5,0.2,0.1,0.05,0.04,0.03,grid_stat_20260728.stat,20260728_040000,,,,,,,,,,,,
STAT,V12.0.0,20260820_055425,INANWP,NA,000000,20260728_040000,000000,20260728_040000,20260727_160000,20260727_160000,NA,RAINNC,"(*,*)",hourlyPrecipRateGC,"(*,*)",mm,mm,gt10,gt10,NA,0.05,CTS,10000.0,,,,,,,,0.85,,,,,,,,,,,,,,,grid_stat_20260728.stat,20260728_040000,0.03,0.45,0.3143,0.15,0.2,0.4143,0.3,0.4,,,,
STAT,V12.0.0,20260820_055425,INANWP,NA,000000,20260728_040000,000000,20260728_040000,20260727_160000,20260727_160000,NA,RAINNC,"(*,*)",hourlyPrecipRateGC,"(*,*)",mm,mm,gt10,gt10,NA,0.05,CTC,10000.0,,,,,,,,,,,,,,,,,,,,,,,grid_stat_20260728.stat,20260728_040000,,,,,,,,,562.0,184.0,274.0,8931.0
STAT,V12.0.0,20260820_055425,INANWP,NA,000000,20260728_040000,000000,20260728_040000,20260727_160000,20260727_160000,NA,RAINNC,"(*,*)",hourlyPrecipRateGC,"(*,*)",mm,mm,gt20,gt20,NA,0.05,CNT,10000.0,0.06,6.571,4.571,3.571,4.071,4.571,3.771,0.6786,20.898,4.571,0.5,3.657,0.3,0.9,0.1,1.0,0.5,0.2,0.1,0.05,0.04,0.03,grid_stat_20260728.stat,20260728_040000,,,,,,,,,,,,
STAT,V12.0.0,20260820_055425,INANWP,NA,000000,20260728_040000,000000,20260728_040000,20260727_160000,20260727_160000,NA,RAINNC,"(*,*)",hourlyPrecipRateGC,"(*,*)",mm,mm,gt20,gt20,NA,0.05,CTS,10000.0,,,,,,,,0.85,,,,,,,,,,,,,,,grid_stat_20260728.stat,20260728_040000,0.03,0.45,0.2643,0.15,0.2,0.3643,0.3,0.4,,,,
STAT,V12.0.0,20260820_055425,INANWP,NA,000000,20260728_040000,000000,20260728_040000,20260727_160000,20260727_160000,NA,RAINNC,"(*,*)",hourlyPrecipRateGC,"(*,*)",mm,mm,gt20,gt20,NA,0.05,CTC,10000.0,,,,,,,,,,,,,,,,,,,,,,,grid_stat_20260728.stat,20260728_040000,,,,,,,,,552.0,186.0,278.0,8926.0
STAT,V12.0.0,20260820_055425,INANWP,NA,000000,20260728_040000,000000,20260728_040000,20260727_160000,20260727_160000,NA,RAINNC,"(*,*)",hourlyPrecipRateGC,"(*,*)",mm,mm,gt50,gt50,NA,0.05,CNT,10000.0,0.06,6.571,4.571,3.571,4.071,4.571,3.771,0.6786,20.898,4.571,0.5,3.657,0.3,0.9,0.1,1.0,0.5,0.2,0.1,0.05,0.04,0.03,grid_stat_20260728.stat,20260728_040000,,,,,,,,,,,,
STAT,V12.0.0,20260820_055425,INANWP,NA,000000,20260728_040000,000000,20260728_040000,20260727_160000,20260727_160000,NA,RAINNC,"(*,*)",hourlyPrecipRateGC,"(*,*)",mm,mm,gt50,gt50,NA,0.05,CTS,10000.0,,,,,,,,0.85,,,,,,,,,,,,,,,grid_stat_20260728.stat,20260728_040000,0.03,0.45,0.1143,0.15,0.2,0.2143,0.3,0.4,,,,
STAT,V12.0.0,20260820_055425,INANWP,NA,000000,20260728_040000,000000,20260728_040000,20260727_160000,20260727_160000,NA,RAINNC,"(*,*)",hourlyPrecipRateGC,"(*,*)",mm,mm,gt50,gt50,NA,0.05,CTC,10000.0,,,,,,,,,,,,,,,,,,,,,,,grid_stat_20260728.stat,20260728_040000,,,,,,,,,522.0,194.0,290.0,8911.0
STAT,V12.0.0,20260820_055425,INANWP,NA,000000,20260728_050000,000000,20260728_050000,20260727_170000,20260727_170000,NA,RAINNC,"(*,*)",hourlyPrecipRateGC,"(*,*)",mm,mm,gt0.1,gt0.1,NA,0.05,CNT,10000.0,0.065,6.464,4.464,3.464,3.964,4.464,3.664,0.6857,19.93,4.464,0.5,3.571,0.325,0.9,0.1,1.0,0.5,0.2,0.1,0.05,0.04,0.03,grid_stat_20260728.stat,20260728_050000,,,,,,,,,,,,
STAT,V12.0.0,20260820_055425,INANWP,NA,000000,20260728_050000,000000,20260728_050000,20260727_170000,20260727_170000,NA,RAINNC,"(*,*)",hourlyPrecipRateGC,"(*,*)",mm,mm,gt0.1,gt0.1,NA,0.05,CTS,10000.0,,,,,,,,0.85,,,,,,,,,,,,,,,grid_stat_20260728.stat,20260728_050000,0.032,0.45,0.3674,0.15,0.2,0.4674,0.3,0.4,,,,
STAT,V12.0.0,20260820_055425,INANWP,NA,000000,20260728_050000,000000,20260728_050000,20260727_170000,20260727_170000,NA,RAINNC,"(*,*)",hourlyPrecipRateGC,"(*,*)",mm,mm,gt0.1,gt0.1,NA,0.05,CTC,10000.0,,,,,,,,,,,,,,,,,,,,,,,grid_stat_20260728.stat,20260728_050000,,,,,,,,,573.0,181.0,270.0,8936.0
STAT,V12.0.0,20260820_055425,INANWP,NA,000000,20260728_050000,000000,20260728_050000,20260727_170000,20260727_170000,NA,RAINNC,"(*,*)",hourlyPrecipRateGC,"(*,*)",mm,mm,gt1,gt1,NA,0.05,CNT,10000.0,0.065,6.464,4.464,3.464,3.964,4.464,3.664,0.6857,19.93,4.464,0.5,3.571,0.325,0.9,0.1,1.0,0.5,0.2,0.1,0.05,0.04,0.03,grid_stat_20260728.stat,20260728_050000,,,,,,,,,,,,
STAT,V12.0.0,20260820_055425,INANWP,NA,000000,20260728_050000,000000,20260728_050000,20260727_170000,20260727_170000,NA,RAINNC,"(*,*)",hourlyPrecipRateGC,"(*,*)",mm,mm,gt1,gt1,NA,0.05,CTS,10000.0,,,,,,,,0.85,,,,,,,,,,,,,,,grid_stat_20260728.stat,20260728_050000,0.032,0.45,0.3629,0.15,0.2,0.4629,0.3,0.4,,,,
STAT,V12.0.0,20260820_055425,INANWP,NA,000000,20260728_050000,000000,20260728_050000,20260727_170000,20260727_170000,NA,RAINNC,"(*,*)",hourlyPrecipRateGC,"(*,*)",mm,mm,gt1,gt1,NA,0.05,CTC,10000.0,,,,,,,,,,,,,,,,,,,,,,,grid_stat_20260728.stat,20260728_050000,,,,,,,,,572.0,181.0,270.0,8936.0
STAT,V12.0.0,20260820_055425,INANWP,NA,000000,20260728_050000,000000,20260728_050000,20260727_170000,20260727_170000,NA,RAINNC,"(*,*)",hourlyPrecipRateGC,"(*,*)",mm,mm,gt5,gt5,NA,0.05,CNT,10000.0,0.065,6.464,4.464,3.464,3.964,4.464,3.664,0.6857,19.93,4.464,0.5,3.571,0.325,0.9,0.1,1.0,0.5,0.2,0.1,0.05,0.04,0.03,grid_stat_20260728.stat,20260728_050000,,,,,,,,,,,,
STAT,V12.0.0,20260820_055425,INANWP,NA,000000,20260728_050000,000000,20260728_050000,20260727_170000,20260727_170000,NA,RAINNC,"(*,*)",hourlyPrecipRateGC,"(*,*)",mm,mm,gt5,gt5,NA,0.05,CTS,10000.0,,,,,,,,0.85,,,,,,,,,,,,,,,grid_stat_20260728.stat,20260728_050000,0.032,0.45,0.3429,0.15,0.2,0.4429,0.3,0.4,,,,
STAT,V12.0.0,20260820_055425,INANWP,NA,000000,20260728_050000,000000,20260728_050000,20260727_170000,20260727_170000,NA,RAINNC,"(*,*)",hourlyPrecipRateGC,"(*,*)",mm,mm,gt5,gt5,NA,0.05,CTC,10000.0,,,,,,,,,,,,,,,,,,,,,,,grid_stat_20260728.stat,20260728_050000,,,,,,,,,568.0,182.0,272.0,8934.0
STAT,V12.0.0,20260820_055425,INANWP,NA,000000,20260728_050000,000000,20260728_050000,20260727_170000,20260727_170000,NA,RAINNC,"(*,*)",hourlyPrecipRateGC,"(*,*)",mm,mm,gt10,gt10,NA,0.05,CNT,10000.0,0.065,6.464,4.464,3.464,3.964,4.464,3.664,0.6857,19.93,4.464,0.5,3.571,0.325,0.9,0.1,1.0,0.5,0.2,0.1,0.05,0.04,0.03,grid_stat_20260728.stat,20260728_050000,,,,,,,,,,,,
STAT,V12.0.0,20260820_055425,INANWP,NA,000000,20260728_050000,000000,20260728_050000,20260727_170000,20260727_170000,NA,RAINNC,"(*,*)",hourlyPrecipRateGC,"(*,*)",mm,mm,gt10,gt10,NA,0.05,CTS,10000.0,,,,,,,,0.85,,,,,,,,,,,,,,,grid_stat_20260728.stat,20260728_050000,0.032,0.45,0.3179,0.15,0.2,0.4179,0.3,0.4,,,,
STAT,V12.0.0,20260820_055425,INANWP,NA,000000,20260728_050000,000000,20260728_050000,20260727_170000,20260727_170000,NA,RAINNC,"(*,*)",hourlyPrecipRateGC,"(*,*)",mm,mm,gt10,gt10,NA,0.05,CTC,10000.0,,,,,,,,,,,,,,,,,,,,,,,grid_stat_20260728.stat,20260728_050000,,,,,,,,,563.0,184.0,274.0,8931.0
STAT,V12.0.0,20260820_055425,INANWP,NA,000000,20260728_050000,000000,20260728_050000,20260727_170000,20260727_170000,NA,RAINNC,"(*,*)",hourlyPrecipRateGC,"(*,*)",mm,mm,gt20,gt20,NA,0.05,CNT,10000.0,0.065,6.464,4.464,3.464,3.964,4.464,3.664,0.6857,19.93,4.464,0.5,3.571,0.325,0.9,0.1,1.0,0.5,0.2,0.1,0.05,0.04,0.03,grid_stat_20260728.stat,20260728_050000,,,,,,,,,,,,
STAT,V12.0.0,20260820_055425,INANWP,NA,000000,20260728_050000,000000,20260728_050000,20260727_170000,20260727_170000,NA,RAINNC,"(*,*)",hourlyPrecipRateGC,"(*,*)",mm,mm,gt20,gt20,NA,0.05,CTS,10000.0,,,,,,,,0.85,,,,,,,,,,,,,,,grid_stat_20260728.stat,20260728_050000,0.032,0.45,0.2679,0.15,0.2,0.3679,0.3,0.4,,,,
STAT,V12.0.0,20260820_055425,INANWP,NA,000000,20260728_050000,000000,20260728_050000,20260727_170000,20260727_170000,NA,RAINNC,"(*,*)",hourlyPrecipRateGC,"(*,*)",mm,mm,gt20,gt20,NA,0.05,CTC,10000.0,,,,,,,,,,,,,,,,,,,,,,,grid_stat_20260728.stat,20260728_050000,,,,,,,,,553.0,186.0,278.0,8926.0
STAT,V12.0.0,20260820_055425,INANWP,NA,000000,20260728_050000,000000,20260728_050000,20260727_170000,20260727_170000,NA,RAINNC,"(*,*)",hourlyPrecipRateGC,"(*,*)",mm,mm,gt50,gt50,NA,0.05,CNT,10000.0,0.065,6.464,4.464,3.464,3.964,4.464,3.664,0.6857,19.93,4.464,0.5,3.571,0.325,0.9,0.1,1.0,0.5,0.2,0.1,0.05,0.04,0.03,grid_stat_20260728.stat,20260728_050000,,,,,,,,,,,,
STAT,V12.0.0,20260820_055425,INANWP,NA,000000,20260728_050000,000000,20260728_050000,20260727_170000,20260727_170000,NA,RAINNC,"(*,*)",hourlyPrecipRateGC,"(*,*)",mm,mm,gt50,gt50,NA,0.05,CTS,10000.0,,,,,,,,0.85,,,,,,,,,,,,,,,grid_stat_20260728.stat,20260728_050000,0.032,0.45,0.1179,0.15,0.2,0.2179,0.3,0.4,,,,
STAT,V12.0.0,20260820_055425,INANWP,NA,000000,20260728_050000,000000,20260728_050000,20260727_170000,20260727_170000,NA,RAINNC,"(*,*)",hourlyPrecipRateGC,"(*,*)",mm,mm,gt50,gt50,NA,0.05,CTC,10000.0,,,,,,,,,,,,,,,,,,,,,,,grid_stat_20260728.stat,20260728_050000,,,,,,,,,523.0,194.0,290.0,8911.0
STAT,V12.0.0,20260820_055425,INANWP,NA,000000,20260728_060000,000000,20260728_060000,20260727_180000,20260727_180000,NA,RAINNC,"(*,*)",hourlyPrecipRateGC,"(*,*)",mm,mm,gt0.1,gt0.1,NA,0.05,CNT,10000.0,0.07,6.357,4.357,3.357,3.857,4.357,3.557,0.6929,18.985,4.357,0.5,3.486,0.35,0.9,0.1,1.0,0.5,0.2,0.1,0.05,0.04,0.03,grid_stat_20260728.stat,20260728_060000,,,,,,,,,,,,
STAT,V12.0.0,20260820_055425,INANWP,NA,000000,20260728_060000,000000,20260728_060000,20260727_180000,20260727_180000,NA,RAINNC,"(*,*)",hourlyPrecipRateGC,"(*,*)",mm,mm,gt0.1,gt0.1,NA,0.05,CTS,10000.0,,,,,,,,0.85,,,,,,,,,,,,,,,grid_stat_20260728.stat,20260728_060000,0.035,0.45,0.3709,0.15,0.2,0.4709,0.3,0.4,,,,
STAT,V12.0.0,20260820_055425,INANWP,NA,000000,20260728_060000,000000,20260728_060000,20260727_180000,20260727_180000,NA,RAINNC,"(*,*)",hourlyPrecipRateGC,"(*,*)",mm,mm,gt0.1,gt0.1,NA,0.05,CTC,10000.0,,,,,,,,,,,,,,,,,,,,,,,grid_stat_20260728.stat,20260728_060000,,,,,,,,,574.0,181.0,270.0,8937.0
STAT,V12.0.0,20260820_055425,INANWP,NA,000000,20260728_060000,000000,20260728_060000,20260727_180000,20260727_180000,NA,RAINNC,"(*,*)",hourlyPrecipRateGC,"(*,*)",mm,mm,gt1,gt1,NA,0.05,CNT,10000.0,0.07,6.357,4.357,3.357,3.857,4.357,3.557,0.6929,18.985,4.357,0.5,3.486,0.35,0.9,0.1,1.0,0.5,0.2,0.1,0.05,0.04,0.03,grid_stat_20260728.stat,20260728_060000,,,,,,,,,,,,
STAT,V12.0.0,20260820_055425,INANWP,NA,000000,20260728_060000,000000,20260728_060000,20260727_180000,20260727_180000,NA,RAINNC,"(*,*)",hourlyPrecipRateGC,"(*,*)",mm,mm,gt1,gt1,NA,0.05,CTS,10000.0,,,,,,,,0.85,,,,,,,,,,,,,,,grid_stat_20260728.stat,20260728_060000,0.035,0.45,0.3664,0.15,0.2,0.4664,0.3,0.4,,,,
STAT,V12.0.0,20260820_055425,INANWP,NA,000000,20260728_060000,000000,20260728_060000,20260727_180000,20260727_180000,NA,RAINNC,"(*,*)",hourlyPrecipRateGC,"(*,*)",mm,mm,gt1,gt1,NA,0.05,CTC,10000.0,,,,,,,,,,,,,,,,,,,,,,,grid_stat_20260728.stat,20260728_060000,,,,,,,,,573.0,181.0,270.0,8936.0
STAT,V12.0.0,20260820_055425,INANWP,NA,000000,20260728_060000,000000,20260728_060000,20260727_180000,20260727_180000,NA,RAINNC,"(*,*)",hourlyPrecipRateGC,"(*,*)",mm,mm,gt5,gt5,NA,0.05,CNT,10000.0,0.07,6.357,4.357,3.357,3.857,4.357,3.557,0.6929,18.985,4.357,0.5,3.486,0.35,0.9,0.1,1.0,0.5,0.2,0.1,0.05,0.04,0.03,grid_stat_20260728.stat,20260728_060000,,,,,,,,,,,,
STAT,V12.0.0,20260820_055425,INANWP,NA,000000,20260728_060000,000000,20260728_060000,20260727_180000,20260727_180000,NA,RAINNC,"(*,*)",hourlyPrecipRateGC,"(*,*)",mm,mm,gt5,gt5,NA,0.05,CTS,10000.0,,,,,,,,0.85,,,,,,,,,,,,,,,grid_stat_20260728.stat,20260728_060000,0.035,0.45,0.3464,0.15,0.2,0.4464,0.3,0.4,,,,
STAT,V12.0.0,20260820_055425,INANWP,NA,000000,20260728_060000,000000,20260728_060000,20260727_180000,20260727_180000,NA,RAINNC,"(*,*)",hourlyPrecipRateGC,"(*,*)",mm,mm,gt5,gt5,NA,0.05,CTC,10000.0,,,,,,,,,,,,,,,,,,,,,,,grid_stat_20260728.stat,20260728_060000,,,,,,,,,569.0,182.0,272.0,8934.0
STAT,V12.0.0,20260820_055425,INANWP,NA,000000,20260728_060000,000000,20260728_060000,20260727_180000,20260727_180000,NA,RAINNC,"(*,*)",hourlyPrecipRateGC,"(*,*)",mm,mm,gt10,gt10,NA,0.05,CNT,10000.0,0.07,6.357,4.357,3.357,3.857,4.357,3.557,0.6929,18.985,4.357,0.5,3.486,0.35,0.9,0.1,1.0,0.5,0.2,0.1,0.05,0.04,0.03,grid_stat_20260728.stat,20260728_060000,,,,,,,,,,,,
STAT,V12.0.0,20260820_055425,INANWP,NA,000000,20260728_060000,000000,20260728_060000,20260727_180000,20260727_180000,NA,RAINNC,"(*,*)",hourlyPrecipRateGC,"(*,*)",mm,mm,gt10,gt10,NA,0.05,CTS,10000.0,,,,,,,,0.85,,,,,,,,,,,,,,,grid_stat_20260728.stat,20260728_060000,0.035,0.45,0.3214,0.15,0.2,0.4214,0.3,0.4,,,,
STAT,V12.0.0,20260820_055425,INANWP,NA,000000,20260728_060000,000000,20260728_060000,20260727_180000,20260727_180000,NA,RAINNC,"(*,*)",hourlyPrecipRateGC,"(*,*)",mm,mm,gt10,gt10,NA,0.05,CTC,10000.0,,,,,,,,,,,,,,,,,,,,,,,grid_stat_20260728.stat,20260728_060000,,,,,,,,,564.0,183.0,274.0,8932.0
STAT,V12.0.0,20260820_055425,INANWP,NA,000000,20260728_060000,000000,20260728_060000,20260727_180000,20260727_180000,NA,RAINNC,"(*,*)",hourlyPrecipRateGC,"(*,*)",mm,mm,gt20,gt20,NA,0.05,CNT,10000.0,0.07,6.357,4.357,3.357,3.857,4.357,3.557,0.6929,18.985,4.357,0.5,3.486,0.35,0.9,0.1,1.0,0.5,0.2,0.1,0.05,0.04,0.03,grid_stat_20260728.stat,20260728_060000,,,,,,,,,,,,
STAT,V12.0.0,20260820_055425,INANWP,NA,000000,20260728_060000,000000,20260728_060000,20260727_180000,20260727_180000,NA,RAINNC,"(*,*)",hourlyPrecipRateGC,"(*,*)",mm,mm,gt20,gt20,NA,0.05,CTS,10000.0,,,,,,,,0.85,,,,,,,,,,,,,,,grid_stat_20260728.stat,20260728_060000,0.035,0.45,0.2714,0.15,0.2,0.3714,0.3,0.4,,,,
STAT,V12.0.0,20260820_055425,INANWP,NA,000000,20260728_060000,000000,20260728_060000,20260727_180000,20260727_180000,NA,RAINNC,"(*,*)",hourlyPrecipRateGC,"(*,*)",mm,mm,gt20,gt20,NA,0.05,CTC,10000.0,,,,,,,,,,,,,,,,,,,,,,,grid_stat_20260728.stat,20260728_060000,,,,,,,,,554.0,186.0,278.0,8927.0
STAT,V12.0.0,20260820_055425,INANWP,NA,000000,20260728_060000,000000,20260728_060000,20260727_180000,20260727_180000,NA,RAINNC,"(*,*)",hourlyPrecipRateGC,"(*,*)",mm,mm,gt50,gt50,NA,0.05,CNT,10000.0,0.07,6.357,4.357,3.357,3.857,4.357,3.557,0.6929,18.985,4.357,0.5,3.486,0.35,0.9,0.1,1.0,0.5,0.2,0.1,0.05,0.04,0.03,grid_stat_20260728.stat,20260728_060000,,,,,,,,,,,,
STAT,V12.0.0,20260820_055425,INANWP,NA,000000,20260728_060000,000000,20260728_060000,20260727_180000,20260727_180000,NA,RAINNC,"(*,*)",hourlyPrecipRateGC,"(*,*)",mm,mm,gt50,gt50,NA,0.05,CTS,10000.0,,,,,,,,0.85,,,,,,,,,,,,,,,grid_stat_20260728.stat,20260728_060000,0.035,0.45,0.1214,0.15,0.2,0.2214,0.3,0.4,,,,
STAT,V12.0.0,20260820_055425,INANWP,NA,000000,20260728_060000,000000,20260728_060000,20260727_180000,20260727_180000,NA,RAINNC,"(*,*)",hourlyPrecipRateGC,"(*,*)",mm,mm,gt50,gt50,NA,0.05,CTC,10000.0,,,,,,,,,,,,,,,,,,,,,,,grid_stat_20260728.stat,20260728_060000,,,,,,,,,524.0,193.0,290.0,8912.0
STAT,V12.0.0,20260820_055425,INANWP,NA,000000,20260728_070000,000000,20260728_070000,20260727_190000,20260727_190000,NA,RAINNC,"(*,*)",hourlyPrecipRateGC,"(*,*)",mm,mm,gt0.1,gt0.1,NA,0.05,CNT,10000.0,0.075,6.25,4.25,3.25,3.75,4.25,3.45,0.7,18.062,4.25,0.5,3.4,0.375,0.9,0.1,1.0,0.5,0.2,0.1,0.05,0.04,0.03,grid_stat_20260728.stat,20260728_070000,,,,,,,,,,,,
STAT,V12.0.0,20260820_055425,INANWP,NA,000000,20260728_070000,000000,20260728_070000,20260727_190000,20260727_190000,NA,RAINNC,"(*,*)",hourlyPrecipRateGC,"(*,*)",mm,mm,gt0.1,gt0.1,NA,0.05,CTS,10000.0,,,,,,,,0.85,,,,,,,,,,,,,,,grid_stat_20260728.stat,20260728_070000,0.037,0.45,0.3745,0.15,0.2,0.4745,0.3,0.4,,,,
STAT,V12.0.0,20260820_055425,INANWP,NA,000000,20260728_070000,000000,20260728_070000,20260727_190000,20260727_190000,NA,RAINNC,"(*,*)",hourlyPrecipRateGC,"(*,*)",mm,mm,gt0.1,gt0.1,NA,0.05,CTC,10000.0,,,,,,,,,,,,,,,,,,,,,,,grid_stat_20260728.stat,20260728_070000,,,,,,,,,574.0,181.0,270.0,8937.0
STAT,V12.0.0,20260820_055425,INANWP,NA,000000,20260728_070000,000000,20260728_070000,20260727_190000,20260727_190000,NA,RAINNC,"(*,*)",hourlyPrecipRateGC,"(*,*)",mm,mm,gt1,gt1,NA,0.05,CNT,10000.0,0.075,6.25,4.25,3.25,3.75,4.25,3.45,0.7,18.062,4.25,0.5,3.4,0.375,0.9,0.1,1.0,0.5,0.2,0.1,0.05,0.04,0.03,grid_stat_20260728.stat,20260728_070000,,,,,,,,,,,,
STAT,V12.0.0,20260820_055425,INANWP,NA,000000,20260728_070000,000000,20260728_070000,20260727_190000,20260727_190000,NA,RAINNC,"(*,*)",hourlyPrecipRateGC,"(*,*)",mm,mm,gt1,gt1,NA,0.05,CTS,10000.0,,,,,,,,0.85,,,,,,,,,,,,,,,grid_stat_20260728.stat,20260728_070000,0.037,0.45,0.37,0.15,0.2,0.47,0.3,0.4,,,,
STAT,V12.0.0,20260820_055425,INANWP,NA,000000,20260728_070000,000000,20260728_070000,20260727_190000,20260727_190000,NA,RAINNC,"(*,*)",hourlyPrecipRateGC,"(*,*)",mm,mm,gt1,gt1,NA,0.05,CTC,10000.0,,,,,,,,,,,,,,,,,,,,,,,grid_stat_20260728.stat,20260728_070000,,,,,,,,,574.0,181.0,270.0,8937.0
STAT,V12.0.0,20260820_055425,INANWP,NA,000000,20260728_070000,000000,20260728_070000,20260727_190000,20260727_190000,NA,RAINNC,"(*,*)",hourlyPrecipRateGC,"(*,*)",mm,mm,gt5,gt5,NA,0.05,CNT,10000.0,0.075,6.25,4.25,3.25,3.75,4.25,3.45,0.7,18.062,4.25,0.5,3.4,0.375,0.9,0.1,1.0,0.5,0.2,0.1,0.05,0.04,0.03,grid_stat_20260728.stat,20260728_070000,,,,,,,,,,,,
STAT,V12.0.0,20260820_055425,INANWP,NA,000000,20260728_070000,000000,20260728_070000,20260727_190000,20260727_190000,NA,RAINNC,"(*,*)",hourlyPrecipRateGC,"(*,*)",mm,mm,gt5,gt5,NA,0.05,CTS,10000.0,,,,,,,,0.85,,,,,,,,,,,,,,,grid_stat_20260728.stat,20260728_070000,0.037,0.45,0.35,0.15,0.2,0.45,0.3,0.4,,,,
STAT,V12.0.0,20260820_055425,INANWP,NA,000000,20260728_070000,000000,20260728_070000,20260727_190000,20260727_190000,NA,RAINNC,"(*,*)",hourlyPrecipRateGC,"(*,*)",mm,mm,gt5,gt5,NA,0.05,CTC,10000.0,,,,,,,,,,,,,,,,,,,,,,,grid_stat_20260728.stat,20260728_070000,,,,,,,,,570.0,182.0,272.0,8935.0
STAT,V12.0.0,20260820_055425,INANWP,NA,000000,20260728_070000,000000,20260728_070000,20260727_190000,20260727_190000,NA,RAINNC,"(*,*)",hourlyPrecipRateGC,"(*,*)",mm,mm,gt10,gt10,NA,0.05,CNT,10000.0,0.075,6.25,4.25,3.25,3.75,4.25,3.45,0.7,18.062,4.25,0.5,3.4,0.375,0.9,0.1,1.0,0.5,0.2,0.1,0.05,0.04,0.03,grid_stat_20260728.stat,20260728_070000,,,,,,,,,,,,
STAT,V12.0.0,20260820_055425,INANWP,NA,000000,20260728_070000,000000,20260728_070000,20260727_190000,20260727_190000,NA,RAINNC,"(*,*)",hourlyPrecipRateGC,"(*,*)",mm,mm,gt10,gt10,NA,0.05,CTS,10000.0,,,,,,,,0.85,,,,,,,,,,,,,,,grid_stat_20260728.stat,20260728_070000,0.037,0.45,0.325,0.15,0.2,0.425,0.3,0.4,,,,
STAT,V12.0.0,20260820_055425,INANWP,NA,000000,20260728_070000,000000,20260728_070000,20260727_190000,20260727_190000,NA,RAINNC,"(*,*)",hourlyPrecipRateGC,"(*,*)",mm,mm,gt10,gt10,NA,0.05,CTC,10000.0,,,,,,,,,,,,,,,,,,,,,,,grid_stat_20260728.stat,20260728_070000,,,,,,,,,565.0,183.0,274.0,8932.0
STAT,V12.0.0,20260820_055425,INANWP,NA,000000,20260728_070000,000000,20260728_070000,20260727_190000,20260727_190000,NA,RAINNC,"(*,*)",hourlyPrecipRateGC,"(*,*)",mm,mm,gt20,gt20,NA,0.05,CNT,10000.0,0.075,6.25,4.25,3.25,3.75,4.25,3.45,0.7,18.062,4.25,0.5,3.4,0.375,0.9,0.1,1.0,0.5,0.2,0.1,0.05,0.04,0.03,grid_stat_20260728.stat,20260728_070000,,,,,,,,,,,,
STAT,V12.0.0,20260820_055425,INANWP,NA,000000,20260728_070000,000000,20260728_070000,20260727_190000,20260727_190000,NA,RAINNC,"(*,*)",hourlyPrecipRateGC,"(*,*)",mm,mm,gt20,gt20,NA,0.05,CTS,10000.0,,,,,,,,0.85,,,,,,,,,,,,,,,grid_stat_20260728.stat,20260728_070000,0.037,0.45,0.275,0.15,0.2,0.375,0.3,0.4,,,,
STAT,V12.0.0,20260820_055425,INANWP,NA,000000,20260728_070000,000000,20260728_070000,20260727_190000,20260727_190000,NA,RAINNC,"(*,*)",hourlyPrecipRateGC,"(*,*)",mm,mm,gt20,gt20,NA,0.05,CTC,10000.0,,,,,,,,,,,,,,,,,,,,,,,grid_stat_20260728.stat,20260728_070000,,,,,,,,,555.0,186.0,278.0,8927.0
STAT,V12.0.0,20260820_055425,INANWP,NA,000000,20260728_070000,000000,20260728_070000,20260727_190000,20260727_190000,NA,RAINNC,"(*,*)",hourlyPrecipRateGC,"(*,*)",mm,mm,gt50,gt50,NA,0.05,CNT,10000.0,0.075,6.25,4.25,3.25,3.75,4.25,3.45,0.7,18.062,4.25,0.5,3.4,0.375,0.9,0.1,1.0,0.5,0.2,0.1,0.05,0.04,0.03,grid_stat_20260728.stat,20260728_070000,,,,,,,,,,,,
STAT,V12.0.0,20260820_055425,INANWP,NA,000000,20260728_070000,000000,20260728_070000,20260727_190000,20260727_190000,NA,RAINNC,"(*,*)",hourlyPrecipRateGC,"(*,*)",mm,mm,gt50,gt50,NA,0.05,CTS,10000.0,,,,,,,,0.85,,,,,,,,,,,,,,,grid_stat_20260728.stat,20260728_070000,0.037,0.45,0.125,0.15,0.2,0.225,0.3,0.4,,,,
STAT,V12.0.0,20260820_055425,INANWP,NA,000000,20260728_070000,000000,20260728_070000,20260727_190000,20260727_190000,NA,RAINNC,"(*,*)",hourlyPrecipRateGC,"(*,*)",mm,mm,gt50,gt50,NA,0.05,CTC,10000.0,,,,,,,,,,,,,,,,,,,,,,,grid_stat_20260728.stat,20260728_070000,,,,,,,,,525.0,193.0,290.0,8912.0
STAT,V12.0.0,20260820_055425,INANWP,NA,000000,20260728_080000,000000,20260728_080000,20260727_200000,20260727_200000,NA,RAINNC,"(*,*)",hourlyPrecipRateGC,"(*,*)",mm,mm,gt0.1,gt0.1,NA,0.05,CNT,10000.0,0.08,6.143,4.143,3.143,3.643,4.143,3.343,0.7071,17.163,4.143,0.5,3.314,0.4,0.9,0.1,1.0,0.5,0.2,0.1,0.05,0.04,0.03,grid_stat_20260728.stat,20260728_080000,,,,,,,,,,,,
STAT,V12.0.0,20260820_055425,INANWP,NA,000000,20260728_080000,000000,20260728_080000,20260727_200000,20260727_200000,NA,RAINNC,"(*,*)",hourlyPrecipRateGC,"(*,*)",mm,mm,gt0.1,gt0.1,NA,0.05,CTS,10000.0,,,,,,,,0.85,,,,,,,,,,,,,,,grid_stat_20260728.stat,20260728_080000,0.04,0.45,0.3781,0.15,0.2,0.4781,0.3,0.4,,,,
STAT,V12.0.0,20260820_055425,INANWP,NA,000000,20260728_080000,000000,20260728_080000,20260727_200000,20260727_200000,NA,RAINNC,"(*,*)",hourlyPrecipRateGC,"(*,*)",mm,mm,gt0.1,gt0.1,NA,0.05,CTC,10000.0,,,,,,,,,,,,,,,,,,,,,,,grid_stat_20260728.stat,20260728_080000,,,,,,,,,575.0,181.0,269.0,8937.0
STAT,V12.0.0,20260820_055425,INANWP,NA,000000,20260728_080000,000000,20260728_080000,20260727_200000,20260727_200000,NA,RAINNC,"(*,*)",hourlyPrecipRateGC,"(*,*)",mm,mm,gt1,gt1,NA,0.05,CNT,10000.0,0.08,6.143,4.143,3.143,3.643,4.143,3.343,0.7071,17.163,4.143,0.5,3.314,0.4,0.9,0.1,1.0,0.5,0.2,0.1,0.05,0.04,0.03,grid_stat_20260728.stat,20260728_080000,,,,,,,,,,,,
STAT,V12.0.0,20260820_055425,INANWP,NA,000000,20260728_080000,000000,20260728_080000,20260727_200000,20260727_200000,NA,RAINNC,"(*,*)",hourlyPrecipRateGC,"(*,*)",mm,mm,gt1,gt1,NA,0.05,CTS,10000.0,,,,,,,,0.85,,,,,,,,,,,,,,,grid_stat_20260728.stat,20260728_080000,0.04,0.45,0.3736,0.15,0.2,0.4736,0.3,0.4,,,,
STAT,V12.0.0,20260820_055425,INANWP,NA,000000,20260728_080000,000000,20260728_080000,20260727_200000,20260727_200000,NA,RAINNC,"(*,*)",hourlyPrecipRateGC,"(*,*)",mm,mm,gt1,gt1,NA,0.05,CTC,10000.0,,,,,,,,,,,,,,,,,,,,,,,grid_stat_20260728.stat,20260728_080000,,,,,,,,,574.0,181.0,270.0,8937.0
STAT,V12.0.0,20260820_055425,INANWP,NA,000000,20260728_080000,000000,20260728_080000,20260727_200000,20260727_200000,NA,RAINNC,"(*,*)",hourlyPrecipRateGC,"(*,*)",mm,mm,gt5,gt5,NA,0.05,CNT,10000.0,0.08,6.143,4.143,3.143,3.643,4.143,3.343,0.7071,17.163,4.143,0.5,3.314,0.4,0.9,0.1,1.0,0.5,0.2,0.1,0.05,0.04,0.03,grid_stat_20260728.stat,20260728_080000,,,,,,,,,,,,
STAT,V12.0.0,20260820_055425,INANWP,NA,000000,20260728_080000,000000,20260728_080000,20260727_200000,20260727_200000,NA,RAINNC,"(*,*)",hourlyPrecipRateGC,"(*,*)",mm,mm,gt5,gt5,NA,0.05,CTS,10000.0,,,,,,,,0.85,,,,,,,,,,,,,,,grid_stat_20260728.stat,20260728_080000,0.04,0.45,0.3536,0.15,0.2,0.4536,0.3,0.4,,,,
STAT,V12.0.0,20260820_055425,INANWP,NA,000000,20260728_080000,000000,20260728_080000,20260727_200000,20260727_200000,NA,RAINNC,"(*,*)",hourlyPrecipRateGC,"(*,*)",mm,mm,gt5,gt5,NA,0.05,CTC,10000.0,,,,,,,,,,,,,,,,,,,,,,,grid_stat_20260728.stat,20260728_080000,,,,,,,,,570.0,182.0,271.0,8935.0
STAT,V12.0.0,20260820_055425,INANWP,NA,000000,20260728_080000,000000,20260728_080000,20260727_200000,20260727_200000,NA,RAINNC,"(*,*)",hourlyPrecipRateGC,"(*,*)",mm,mm,gt10,gt10,NA,0.05,CNT,10000.0,0.08,6.143,4.143,3.143,3.643,4.143,3.343,0.7071,17.163,4.143,0.5,3.314,0.4,0.9,0.1,1.0,0.5,0.2,0.1,0.05,0.04,0.03,grid_stat_20260728.stat,20260728_080000,,,,,,,,,,,,
STAT,V12.0.0,20260820_055425,INANWP,NA,000000,20260728_080000,000000,20260728_080000,20260727_200000,20260727_200000,NA,RAINNC,"(*,*)",hourlyPrecipRateGC,"(*,*)",mm,mm,gt10,gt10,NA,0.05,CTS,10000.0,,,,,,,,0.85,,,,,,,,,,,,,,,grid_stat_20260728.stat,20260728_080000,0.04,0.45,0.3286,0.15,0.2,0.4286,0.3,0.4,,,,
STAT,V12.0.0,20260820_055425,INANWP,NA,000000,20260728_080000,000000,20260728_080000,20260727_200000,20260727_200000,NA,RAINNC,"(*,*)",hourlyPrecipRateGC,"(*,*)",mm,mm,gt10,gt10,NA,0.05,CTC,10000.0,,,,,,,,,,,,,,,,,,,,,,,grid_stat_20260728.stat,20260728_080000,,,,,,,,,565.0,183.0,273.0,8932.0
STAT,V12.0.0,20260820_055425,INANWP,NA,000000,20260728_080000,000000,20260728_080000,20260727_200000,20260727_200000,NA,RAINNC,"(*,*)",hourlyPrecipRateGC,"(*,*)",mm,mm,gt20,gt20,NA,0.05,CNT,10000.0,0.08,6.143,4.143,3.143,3.643,4.143,3.343,0.7071,17.163,4.143,0.5,3.314,0.4,0.9,0.1,1.0,0.5,0.2,0.1,0.05,0.04,0.03,grid_stat_20260728.stat,20260728_080000,,,,,,,,,,,,
STAT,V12.0.0,20260820_055425,INANWP,NA,000000,20260728_080000,000000,20260728_080000,20260727_200000,20260727_200000,NA,RAINNC,"(*,*)",hourlyPrecipRateGC,"(*,*)",mm,mm,gt20,gt20,NA,0.05,CTS,10000.0,,,,,,,,0.85,,,,,,,,,,,,,,,grid_stat_20260728.stat,20260728_080000,0.04,0.45,0.2786,0.15,0.2,0.3786,0.3,0.4,,,,
STAT,V12.0.0,20260820_055425,INANWP,NA,000000,20260728_080000,000000,20260728_080000,20260727_200000,20260727_200000,NA,RAINNC,"(*,*)",hourlyPrecipRateGC,"(*,*)",mm,mm,gt20,gt20,NA,0.05,CTC,10000.0,,,,,,,,,,,,,,,,,,,,,,,grid_stat_20260728.stat,20260728_080000,,,,,,,,,555.0,186.0,277.0,8927.0
STAT,V12.0.0,20260820_055425,INANWP,NA,000000,20260728_080000,000000,20260728_080000,20260727_200000,20260727_200000,NA,RAINNC,"(*,*)",hourlyPrecipRateGC,"(*,*)",mm,mm,gt50,gt50,NA,0.05,CNT,10000.0,0.08,6.143,4.143,3.143,3.643,4.143,3.343,0.7071,17.163,4.143,0.5,3.314,0.4,0.9,0.1,1.0,0.5,0.2,0.1,0.05,0.04,0.03,grid_stat_20260728.stat,20260728_080000,,,,,,,,,,,,
STAT,V12.0.0,20260820_055425,INANWP,NA,000000,20260728_080000,000000,20260728_080000,20260727_200000,20260727_200000,NA,RAINNC,"(*,*)",hourlyPrecipRateGC,"(*,*)",mm,mm,gt50,gt50,NA,0.05,CTS,10000.0,,,,,,,,0.85,,,,,,,,,,,,,,,grid_stat_20260728.stat,20260728_080000,0.04,0.45,0.1286,0.15,0.2,0.2286,0.3,0.4,,,,
STAT,V12.0.0,20260820_055425,INANWP,NA,000000,20260728_080000,000000,20260728_080000,20260727_200000,20260727_200000,NA,RAINNC,"(*,*)",hourlyPrecipRateGC,"(*,*)",mm,mm,gt50,gt50,NA,0.05,CTC,10000.0,,,,,,,,,,,,,,,,,,,,,,,grid_stat_20260728.stat,20260728_080000,,,,,,,,,525.0,193.0,289.0,8912.0
STAT,V12.0.0,20260820_055425,INANWP,NA,000000,20260728_090000,000000,20260728_090000,20260727_210000,20260727_210000,NA,RAINNC,"(*,*)",hourlyPrecipRateGC,"(*,*)",mm,mm,gt0.1,gt0.1,NA,0.05,CNT,10000.0,0.085,6.036,4.036,3.036,3.536,4.036,3.236,0.7143,16.287,4.036,0.5,3.229,0.425,0.9,0.1,1.0,0.5,0.2,0.1,0.05,0.04,0.03,grid_stat_20260728.stat,20260728_090000,,,,,,,,,,,,
STAT,V12.0.0,20260820_055425,INANWP,NA,000000,20260728_090000,000000,20260728_090000,20260727_210000,20260727_210000,NA,RAINNC,"(*,*)",hourlyPrecipRateGC,"(*,*)",mm,mm,gt0.1,gt0.1,NA,0.05,CTS,10000.0,,,,,,,,0.85,,,,,,,,,,,,,,,grid_stat_20260728.stat,20260728_090000,0.042,0.45,0.3816,0.15,0.2,0.4816,0.3,0.4,,,,
STAT,V12.0.0,20260820_055425,INANWP,NA,000000,20260728_090000,000000,20260728_090000,20260727_210000,20260727_210000,NA,RAINNC,"(*,*)",hourlyPrecipRateGC,"(*,*)",mm,mm,gt0.1,gt0.1,NA,0.05,CTC,10000.0,,,,,,,,,,,,,,,,,,,,,,,grid_stat_20260728.stat,20260728_090000,,,,,,,,,576.0,180.0,269.0,8938.0
STAT,V12.0.0,20260820_055425,INANWP,NA,000000,20260728_090000,000000,20260728_090000,20260727_210000,20260727_210000,NA,RAINNC,"(*,*)",hourlyPrecipRateGC,"(*,*)",mm,mm,gt1,gt1,NA,0.05,CNT,10000.0,0.085,6.036,4.036,3.036,3.536,4.036,3.236,0.7143,16.287,4.036,0.5,3.229,0.425,0.9,0.1,1.0,0.5,0.2,0.1,0.05,0.04,0.03,grid_stat_20260728.stat,20260728_090000,,,,,,,,,,,,
STAT,V12.0.0,20260820_055425,INANWP,NA,000000,20260728_090000,000000,20260728_090000,20260727_210000,20260727_210000,NA,RAINNC,"(*,*)",hourlyPrecipRateGC,"(*,*)",mm,mm,gt1,gt1,NA,0.05,CTS,10000.0,,,,,,,,0.85,,,,,,,,,,,,,,,grid_stat_20260728.stat,20260728_090000,0.042,0.45,0.3771,0.15,0.2,0.4771,0.3,0.4,,,,
STAT,V12.0.0,20260820_055425,INANWP,NA,000000,20260728_090000,000000,20260728_090000,20260727_210000,20260727_210000,NA,RAINNC,"(*,*)",hourlyPrecipRateGC,"(*,*)",mm,mm,gt1,gt1,NA,0.05,CTC,10000.0,,,,,,,,,,,,,,,,,,,,,,,grid_stat_20260728.stat,20260728_090000,,,,,,,,,575.0,181.0,269.0,8937.0
STAT,V12.0.0,20260820_055425,INANWP,NA,000000,20260728_090000,000000,20260728_090000,20260727_210000,20260727_210000,NA,RAINNC,"(*,*)",hourlyPrecipRateGC,"(*,*)",mm,mm,gt5,gt5,NA,0.05,CNT,10000.0,0.085,6.036,4.036,3.036,3.536,4.036,3.236,0.7143,16.287,4.036,0.5,3.229,0.425,0.9,0.1,1.0,0.5,0.2,0.1,0.05,0.04,0.03,grid_stat_20260728.stat,20260728_090000,,,,,,,,,,,,
STAT,V12.0.0,20260820_055425,INANWP,NA,000000,20260728_090000,000000,20260728_090000,20260727_210000,20260727_210000,NA,RAINNC,"(*,*)",hourlyPrecipRateGC,"(*,*)",mm,mm,gt5,gt5,NA,0.05,CTS,10000.0,,,,,,,,0.85,,,,,,,,,,,,,,,grid_stat_20260728.stat,20260728_090000,0.042,0.45,0.3571,0.15,0.2,0.4571,0.3,0.4,,,,
STAT,V12.0.0,20260820_055425,INANWP,NA,000000,20260728_090000,000000,20260728_090000,20260727_210000,20260727_210000,NA,RAINNC,"(*,*)",hourlyPrecipRateGC,"(*,*)",mm,mm,gt5,gt5,NA,0.05,CTC,10000.0,,,,,,,,,,,,,,,,,,,,,,,grid_stat_20260728.stat,20260728_090000,,,,,,,,,571.0,182.0,271.0,8935.0
STAT,V12.0.0,20260820_055425,INANWP,NA,000000,20260728_090000,000000,20260728_090000,20260727_210000,20260727_210000,NA,RAINNC,"(*,*)",hourlyPrecipRateGC,"(*,*)",mm,mm,gt10,gt10,NA,0.05,CNT,10000.0,0.085,6.036,4.036,3.036,3.536,4.036,3.236,0.7143,16.287,4.036,0.5,3.229,0.425,0.9,0.1,1.0,0.5,0.2,0.1,0.05,0.04,0.03,grid_stat_20260728.stat,20260728_090000,,,,,,,,,,,,
STAT,V12.0.0,20260820_055425,INANWP,NA,000000,20260728_090000,000000,20260728_090000,20260727_210000,20260727_210000,NA,RAINNC,"(*,*)",hourlyPrecipRateGC,"(*,*)",mm,mm,gt10,gt10,NA,0.05,CTS,10000.0,,,,,,,,0.85,,,,,,,,,,,,,,,grid_stat_20260728.stat,20260728_090000,0.042,0.45,0.3321,0.15,0.2,0.4321,0.3,0.4,,,,
STAT,V12.0.0,20260820_055425,INANWP,NA,000000,20260728_090000,000000,20260728_090000,20260727_210000,20260727_210000,NA,RAINNC,"(*,*)",hourlyPrecipRateGC,"(*,*)",mm,mm,gt10,gt10,NA,0.05,CTC,10000.0,,,,,,,,,,,,,,,,,,,,,,,grid_stat_20260728.stat,20260728_090000,,,,,,,,,566.0,183.0,273.0,8933.0
STAT,V12.0.0,20260820_055425,INANWP,NA,000000,20260728_090000,000000,20260728_090000,20260727_210000,20260727_210000,NA,RAINNC,"(*,*)",hourlyPrecipRateGC,"(*,*)",mm,mm,gt20,gt20,NA,0.05,CNT,10000.0,0.085,6.036,4.036,3.036,3.536,4.036,3.236,0.7143,16.287,4.036,0.5,3.229,0.425,0.9,0.1,1.0,0.5,0.2,0.1,0.05,0.04,0.03,grid_stat_20260728.stat,20260728_090000,,,,,,,,,,,,
STAT,V12.0.0,20260820_055425,INANWP,NA,000000,20260728_090000,000000,20260728_090000,20260727_210000,20260727_210000,NA,RAINNC,"(*,*)",hourlyPrecipRateGC,"(*,*)",mm,mm,gt20,gt20,NA,0.05,CTS,10000.0,,,,,,,,0.85,,,,,,,,,,,,,,,grid_stat_20260728.stat,20260728_090000,0.042,0.45,0.2821,0.15,0.2,0.3821,0.3,0.4,,,,
STAT,V12.0.0,20260820_055425,INANWP,NA,000000,20260728_090000,000000,20260728_090000,20260727_210000,20260727_210000,NA,RAINNC,"(*,*)",hourlyPrecipRateGC,"(*,*)",mm,mm,gt20,gt20,NA,0.05,CTC,10000.0,,,,,,,,,,,,,,,,,,,,,,,grid_stat_20260728.stat,20260728_090000,,,,,,,,,556.0,185.0,277.0,8928.0
STAT,V12.0.0,20260820_055425,INANWP,NA,000000,20260728_090000,000000,20260728_090000,20260727_210000,20260727_210000,NA,RAINNC,"(*,*)",hourlyPrecipRateGC,"(*,*)",mm,mm,gt50,gt50,NA,0.05,CNT,10000.0,0.085,6.036,4.036,3.036,3.536,4.036,3.236,0.7143,16.287,4.036,0.5,3.229,0.425,0.9,0.1,1.0,0.5,0.2,0.1,0.05,0.04,0.03,grid_stat_20260728.stat,20260728_090000,,,,,,,,,,,,
STAT,V12.0.0,20260820_055425,INANWP,NA,000000,20260728_090000,000000,20260728_090000,20260727_210000,20260727_210000,NA,RAINNC,"(*,*)",hourlyPrecipRateGC,"(*,*)",mm,mm,gt50,gt50,NA,0.05,CTS,10000.0,,,,,,,,0.85,,,,,,,,,,,,,,,grid_stat_20260728.stat,20260728_090000,0.042,0.45,0.1321,0.15,0.2,0.2321,0.3,0.4,,,,
STAT,V12.0.0,20260820_055425,INANWP,NA,000000,20260728_090000,000000,20260728_090000,20260727_210000,20260727_210000,NA,RAINNC,"(*,*)",hourlyPrecipRateGC,"(*,*)",mm,mm,gt50,gt50,NA,0.05,CTC,10000.0,,,,,,,,,,,,,,,,,,,,,,,grid_stat_20260728.stat,20260728_090000,,,,,,,,,526.0,193.0,289.0,8913.0
STAT,V12.0.0,20260820_055425,INANWP,NA,000000,20260728_100000,000000,20260728_100000,20260727_220000,20260727_220000,NA,RAINNC,"(*,*)",hourlyPrecipRateGC,"(*,*)",mm,mm,gt0.1,gt0.1,NA,0.05,CNT,10000.0,0.09,5.929,3.929,2.929,3.429,3.929,3.129,0.7214,15.434,3.929,0.5,3.143,0.45,0.9,0.1,1.0,0.5,0.2,0.1,0.05,0.04,0.03,grid_stat_20260728.stat,20260728_100000,,,,,,,,,,,,
STAT,V12.0.0,20260820_055425,INANWP,NA,000000,20260728_100000,000000,20260728_100000,20260727_220000,20260727_220000,NA,RAINNC,"(*,*)",hourlyPrecipRateGC,"(*,*)",mm,mm,gt0.1,gt0.1,NA,0.05,CTS,10000.0,,,,,,,,0.85,,,,,,,,,,,,,,,grid_stat_20260728.stat,20260728_100000,0.045,0.45,0.3852,0.15,0.2,0.4852,0.3,0.4,,,,
STAT,V12.0.0,20260820_055425,INANWP,NA,000000,20260728_100000,000000,20260728_100000,20260727_220000,20260727_220000,NA,RAINNC,"(*,*)",hourlyPrecipRateGC,"(*,*)",mm,mm,gt0.1,gt0.1,NA,0.05,CTC,10000.0,,,,,,,,,,,,,,,,,,,,,,,grid_stat_20260728.stat,20260728_100000,,,,,,,,,577.0,180.0,269.0,8938.0
STAT,V12.0.0,20260820_055425,INANWP,NA,000000,20260728_100000,000000,20260728_100000,20260727_220000,20260727_220000,NA,RAINNC,"(*,*)",hourlyPrecipRateGC,"(*,*)",mm,mm,gt1,gt1,NA,0.05,CNT,10000.0,0.09,5.929,3.929,2.929,3.429,3.929,3.129,0.7214,15.434,3.929,0.5,3.143,0.45,0.9,0.1,1.0,0.5,0.2,0.1,0.05,0.04,0.03,grid_stat_20260728.stat,20260728_100000,,,,,,,,,,,,
STAT,V12.0.0,20260820_055425,INANWP,NA,000000,20260728_100000,000000,20260728_100000,20260727_220000,20260727_220000,NA,RAINNC,"(*,*)",hourlyPrecipRateGC,"(*,*)",mm,mm,gt1,gt1,NA,0.05,CTS,10000.0,,,,,,,,0.85,,,,,,,,,,,,,,,grid_stat_20260728.stat,20260728_100000,0.045,0.45,0.3807,0.15,0.2,0.4807,0.3,0.4,,,,
STAT,V12.0.0,20260820_055425,INANWP,NA,000000,20260728_100000,000000,20260728_100000,20260727_220000,20260727_220000,NA,RAINNC,"(*,*)",hourlyPrecipRateGC,"(*,*)",mm,mm,gt1,gt1,NA,0.05,CTC,10000.0,,,,,,,,,,,,,,,,,,,,,,,grid_stat_20260728.stat,20260728_100000,,,,,,,,,576.0,180.0,269.0,8938.0
STAT,V12.0.0,20260820_055425,INANWP,NA,000000,20260728_100000,000000,20260728_100000,20260727_220000,20260727_220000,NA,RAINNC,"(*,*)",hourlyPrecipRateGC,"(*,*)",mm,mm,gt5,gt5,NA,0.05,CNT,10000.0,0.09,5.929,3.929,2.929,3.429,3.929,3.129,0.7214,15.434,3.929,0.5,3.143,0.45,0.9,0.1,1.0,0.5,0.2,0.1,0.05,0.04,0.03,grid_stat_20260728.stat,20260728_100000,,,,,,,,,,,,
STAT,V12.0.0,20260820_055425,INANWP,NA,000000,20260728_100000,000000,20260728_100000,20260727_220000,20260727_220000,NA,RAINNC,"(*,*)",hourlyPrecipRateGC,"(*,*)",mm,mm,gt5,gt5,NA,0.05,CTS,10000.0,,,,,,,,0.85,,,,,,,,,,,,,,,grid_stat_20260728.stat,20260728_100000,0.045,0.45,0.3607,0.15,0.2,0.4607,0.3,0.4,,,,
STAT,V12.0.0,20260820_055425,INANWP,NA,000000,20260728_100000,000000,20260728_100000,20260727_220000,20260727_220000,NA,RAINNC,"(*,*)",hourlyPrecipRateGC,"(*,*)",mm,mm,gt5,gt5,NA,0.05,CTC,10000.0,,,,,,,,,,,,,,,,,,,,,,,grid_stat_20260728.stat,20260728_100000,,,,,,,,,572.0,181.0,271.0,8936.0
STAT,V12.0.0,20260820_055425,INANWP,NA,000000,20260728_100000,000000,20260728_100000,20260727_220000,20260727_220000,NA,RAINNC,"(*,*)",hourlyPrecipRateGC,"(*,*)",mm,mm,gt10,gt10,NA,0.05,CNT,10000.0,0.09,5.929,3.929,2.929,3.429,3.929,3.129,0.7214,15.434,3.929,0.5,3.143,0.45,0.9,0.1,1.0,0.5,0.2,0.1,0.05,0.04,0.03,grid_stat_20260728.stat,20260728_100000,,,,,,,,,,,,
STAT,V12.0.0,20260820_055425,INANWP,NA,000000,20260728_100000,000000,20260728_100000,20260727_220000,20260727_220000,NA,RAINNC,"(*,*)",hourlyPrecipRateGC,"(*,*)",mm,mm,gt10,gt10,NA,0.05,CTS,10000.0,,,,,,,,0.85,,,,,,,,,,,,,,,grid_stat_20260728.stat,20260728_100000,0.045,0.45,0.3357,0.15,0.2,0.4357,0.3,0.4,,,,
STAT,V12.0.0,20260820_055425,INANWP,NA,000000,20260728_100000,000000,20260728_100000,20260727_220000,20260727_220000,NA,RAINNC,"(*,*)",hourlyPrecipRateGC,"(*,*)",mm,mm,gt10,gt10,NA,0.05,CTC,10000.0,,,,,,,,,,,,,,,,,,,,,,,grid_stat_20260728.stat,20260728_100000,,,,,,,,,567.0,183.0,273.0,8933.0
STAT,V12.0.0,20260820_055425,INANWP,NA,000000,20260728_100000,000000,20260728_100000,20260727_220000,20260727_220000,NA,RAINNC,"(*,*)",hourlyPrecipRateGC,"(*,*)",mm,mm,gt20,gt20,NA,0.05,CNT,10000.0,0.09,5.929,3.929,2.929,3.429,3.929,3.129,0.7214,15.434,3.929,0.5,3.143,0.45,0.9,0.1,1.0,0.5,0.2,0.1,0.05,0.04,0.03,grid_stat_20260728.stat,20260728_100000,,,,,,,,,,,,
STAT,V12.0.0,20260820_055425,INANWP,NA,000000,20260728_100000,000000,20260728_100000,20260727_220000,20260727_220000,NA,RAINNC,"(*,*)",hourlyPrecipRateGC,"(*,*)",mm,mm,gt20,gt20,NA,0.05,CTS,10000.0,,,,,,,,0.85,,,,,,,,,,,,,,,grid_stat_20260728.stat,20260728_100000,0.045,0.45,0.2857,0.15,0.2,0.3857,0.3,0.4,,,,
STAT,V12.0.0,20260820_055425,INANWP,NA,000000,20260728_100000,000000,20260728_100000,20260727_220000,20260727_220000,NA,RAINNC,"(*,*)",hourlyPrecipRateGC,"(*,*)",mm,mm,gt20,gt20,NA,0.05,CTC,10000.0,,,,,,,,,,,,,,,,,,,,,,,grid_stat_20260728.stat,20260728_100000,,,,,,,,,557.0,185.0,277.0,8928.0
STAT,V12.0.0,20260820_055425,INANWP,NA,000000,20260728_100000,000000,20260728_100000,20260727_220000,20260727_220000,NA,RAINNC,"(*,*)",hourlyPrecipRateGC,"(*,*)",mm,mm,gt50,gt50,NA,0.05,CNT,10000.0,0.09,5.929,3.929,2.929,3.429,3.929,3.129,0.7214,15.434,3.929,0.5,3.143,0.45,0.9,0.1,1.0,0.5,0.2,0.1,0.05,0.04,0.03,grid_stat_20260728.stat,20260728_100000,,,,,,,,,,,,
STAT,V12.0.0,20260820_055425,INANWP,NA,000000,20260728_100000,000000,20260728_100000,20260727_220000,20260727_220000,NA,RAINNC,"(*,*)",hourlyPrecipRateGC,"(*,*)",mm,mm,gt50,gt50,NA,0.05,CTS,10000.0,,,,,,,,0.85,,,,,,,,,,,,,,,grid_stat_20260728.stat,20260728_100000,0.045,0.45,0.1357,0.15,0.2,0.2357,0.3,0.4,,,,
STAT,V12.0.0,20260820_055425,INANWP,NA,000000,20260728_100000,000000,20260728_100000,20260727_220000,20260727_220000,NA,RAINNC,"(*,*)",hourlyPrecipRateGC,"(*,*)",mm,mm,gt50,gt50,NA,0.05,CTC,10000.0,,,,,,,,,,,,,,,,,,,,,,,grid_stat_20260728.stat,20260728_100000,,,,,,,,,527.0,193.0,289.0,8913.0
STAT,V12.0.0,20260820_055425,INANWP,NA,000000,20260728_110000,000000,20260728_110000,20260727_230000,20260727_230000,NA,RAINNC,"(*,*)",hourlyPrecipRateGC,"(*,*)",mm,mm,gt0.1,gt0.1,NA,0.05,CNT,10000.0,0.095,5.821,3.821,2.821,3.321,3.821,3.021,0.7286,14.603,3.821,0.5,3.057,0.475,0.9,0.1,1.0,0.5,0.2,0.1,0.05,0.04,0.03,grid_stat_20260728.stat,20260728_110000,,,,,,,,,,,,
STAT,V12.0.0,20260820_055425,INANWP,NA,000000,20260728_110000,000000,20260728_110000,20260727_230000,20260727_230000,NA,RAINNC,"(*,*)",hourlyPrecipRateGC,"(*,*)",mm,mm,gt0.1,gt0.1,NA,0.05,CTS,10000.0,,,,,,,,0.85,,,,,,,,,,,,,,,grid_stat_20260728.stat,20260728_110000,0.048,0.45,0.3888,0.15,0.2,0.4888,0.3,0.4,,,,
STAT,V12.0.0,20260820_055425,INANWP,NA,000000,20260728_110000,000000,20260728_110000,20260727_230000,20260727_230000,NA,RAINNC,"(*,*)",hourlyPrecipRateGC,"(*,*)",mm,mm,gt0.1,gt0.1,NA,0.05,CTC,10000.0,,,,,,,,,,,,,,,,,,,,,,,grid_stat_20260728.stat,20260728_110000,,,,,,,,,577.0,180.0,268.0,8938.0
STAT,V12.0.0,20260820_055425,INANWP,NA,000000,20260728_110000,000000,20260728_110000,20260727_230000,20260727_230000,NA,RAINNC,"(*,*)",hourlyPrecipRateGC,"(*,*)",mm,mm,gt1,gt1,NA,0.05,CNT,10000.0,0.095,5.821,3.821,2.821,3.321,3.821,3.021,0.7286,14.603,3.821,0.5,3.057,0.475,0.9,0.1,1.0,0.5,0.2,0.1,0.05,0.04,0.03,grid_stat_20260728.stat,20260728_110000,,,,,,,,,,,,
STAT,V12.0.0,20260820_055425,INANWP,NA,000000,20260728_110000,000000,20260728_110000,20260727_230000,20260727_230000,NA,RAINNC,"(*,*)",hourlyPrecipRateGC,"(*,*)",mm,mm,gt1,gt1,NA,0.05,CTS,10000.0,,,,,,,,0.85,,,,,,,,,,,,,,,grid_stat_20260728.stat,20260728_110000,0.048,0.45,0.3843,0.15,0.2,0.4843,0.3,0.4,,,,
STAT,V12.0.0,20260820_055425,INANWP,NA,000000,20260728_110000,000000,20260728_110000,20260727_230000,20260727_230000,NA,RAINNC,"(*,*)",hourlyPrecipRateGC,"(*,*)",mm,mm,gt1,gt1,NA,0.05,CTC,10000.0,,,,,,,,,,,,,,,,,,,,,,,grid_stat_20260728.stat,20260728_110000,,,,,,,,,576.0,180.0,269.0,8938.0
STAT,V12.0.0,20260820_055425,INANWP,NA,000000,20260728_110000,000000,20260728_110000,20260727_230000,20260727_230000,NA,RAINNC,"(*,*)",hourlyPrecipRateGC,"(*,*)",mm,mm,gt5,gt5,NA,0.05,CNT,10000.0,0.095,5.821,3.821,2.821,3.321,3.821,3.021,0.7286,14.603,3.821,0.5,3.057,0.475,0.9,0.1,1.0,0.5,0.2,0.1,0.05,0.04,0.03,grid_stat_20260728.stat,20260728_110000,,,,,,,,,,,,
STAT,V12.0.0,20260820_055425,INANWP,NA,000000,20260728_110000,000000,20260728_110000,20260727_230000,20260727_230000,NA,RAINNC,"(*,*)",hourlyPrecipRateGC,"(*,*)",mm,mm,gt5,gt5,NA,0.05,CTS,10000.0,,,,,,,,0.85,,,,,,,,,,,,,,,grid_stat_20260728.stat,20260728_110000,0.048,0.45,0.3643,0.15,0.2,0.4643,0.3,0.4,,,,
STAT,V12.0.0,20260820_055425,INANWP,NA,000000,20260728_110000,000000,20260728_110000,20260727_230000,20260727_230000,NA,RAINNC,"(*,*)",hourlyPrecipRateGC,"(*,*)",mm,mm,gt5,gt5,NA,0.05,CTC,10000.0,,,,,,,,,,,,,,,,,,,,,,,grid_stat_20260728.stat,20260728_110000,,,,,,,,,572.0,181.0,270.0,8936.0
STAT,V12.0.0,20260820_055425,INANWP,NA,000000,20260728_110000,000000,20260728_110000,20260727_230000,20260727_230000,NA,RAINNC,"(*,*)",hourlyPrecipRateGC,"(*,*)",mm,mm,gt10,gt10,NA,0.05,CNT,10000.0,0.095,5.821,3.821,2.821,3.321,3.821,3.021,0.7286,14.603,3.821,0.5,3.057,0.475,0.9,0.1,1.0,0.5,0.2,0.1,0.05,0.04,0.03,grid_stat_20260728.stat,20260728_110000,,,,,,,,,,,,
STAT,V12.0.0,20260820_055425,INANWP,NA,000000,20260728_110000,000000,20260728_110000,20260727_230000,20260727_230000,NA,RAINNC,"(*,*)",hourlyPrecipRateGC,"(*,*)",mm,mm,gt10,gt10,NA,0.05,CTS,10000.0,,,,,,,,0.85,,,,,,,,,,,,,,,grid_stat_20260728.stat,20260728_110000,0.048,0.45,0.3393,0.15,0.2,0.4393,0.3,0.4,,,,
STAT,V12.0.0,20260820_055425,INANWP,NA,000000,20260728_110000,000000,20260728_110000,20260727_230000,20260727_230000,NA,RAINNC,"(*,*)",hourlyPrecipRateGC,"(*,*)",mm,mm,gt10,gt10,NA,0.05,CTC,10000.0,,,,,,,,,,,,,,,,,,,,,,,grid_stat_20260728.stat,20260728_110000,,,,,,,,,567.0,183.0,272.0,8933.0
STAT,V12.0.0,20260820_055425,INANWP,NA,000000,20260728_110000,000000,20260728_110000,20260727_230000,20260727_230000,NA,RAINNC,"(*,*)",hourlyPrecipRateGC,"(*,*)",mm,mm,gt20,gt20,NA,0.05,CNT,10000.0,0.095,5.821,3.821,2.821,3.321,3.821,3.021,0.7286,14.603,3.821,0.5,3.057,0.475,0.9,0.1,1.0,0.5,0.2,0.1,0.05,0.04,0.03,grid_stat_20260728.stat,20260728_110000,,,,,,,,,,,,
STAT,V12.0.0,20260820_055425,INANWP,NA,000000,20260728_110000,000000,20260728_110000,20260727_230000,20260727_230000,NA,RAINNC,"(*,*)",hourlyPrecipRateGC,"(*,*)",mm,mm,gt20,gt20,NA,0.05,CTS,10000.0,,,,,,,,0.85,,,,,,,,,,,,,,,grid_stat_20260728.stat,20260728_110000,0.048,0.45,0.2893,0.15,0.2,0.3893,0.3,0.4,,,,
STAT,V12.0.0,20260820_055425,INANWP,NA,000000,20260728_110000,000000,20260728_110000,20260727_230000,20260727_230000,NA,RAINNC,"(*,*)",hourlyPrecipRateGC,"(*,*)",mm,mm,gt20,gt20,NA,0.05,CTC,10000.0,,,,,,,,,,,,,,,,,,,,,,,grid_stat_20260728.stat,20260728_110000,,,,,,,,,557.0,185.0,276.0,8928.0
STAT,V12.0.0,20260820_055425,INANWP,NA,000000,20260728_110000,000000,20260728_110000,20260727_230000,20260727_230000,NA,RAINNC,"(*,*)",hourlyPrecipRateGC,"(*,*)",mm,mm,gt50,gt50,NA,0.05,CNT,10000.0,0.095,5.821,3.821,2.821,3.321,3.821,3.021,0.7286,14.603,3.821,0.5,3.057,0.475,0.9,0.1,1.0,0.5,0.2,0.1,0.05,0.04,0.03,grid_stat_20260728.stat,20260728_110000,,,,,,,,,,,,
STAT,V12.0.0,20260820_055425,INANWP,NA,000000,20260728_110000,000000,20260728_110000,20260727_230000,20260727_230000,NA,RAINNC,"(*,*)",hourlyPrecipRateGC,"(*,*)",mm,mm,gt50,gt50,NA,0.05,CTS,10000.0,,,,,,,,0.85,,,,,,,,,,,,,,,grid_stat_20260728.stat,20260728_110000,0.048,0.45,0.1393,0.15,0.2,0.2393,0.3,0.4,,,,
STAT,V12.0.0,20260820_055425,INANWP,NA,000000,20260728_110000,000000,20260728_110000,20260727_230000,20260727_230000,NA,RAINNC,"(*,*)",hourlyPrecipRateGC,"(*,*)",mm,mm,gt50,gt50,NA,0.05,CTC,10000.0,,,,,,,,,,,,,,,,,,,,,,,grid_stat_20260728.stat,20260728_110000,,,,,,,,,527.0,193.0,288.0,8913.0
STAT,V12.0.0,20260820_055425,INANWP,NA,000000,20260728_120000,000000,20260728_120000,20260728_000000,20260728_000000,NA,RAINNC,"(*,*)",hourlyPrecipRateGC,"(*,*)",mm,mm,gt0.1,gt0.1,NA,0.05,CNT,10000.0,0.1,5.714,3.714,2.714,3.214,3.714,2.914,0.7357,13.796,3.714,0.5,2.971,0.5,0.9,0.1,1.0,0.5,0.2,0.1,0.05,0.04,0.03,grid_stat_20260728.stat,20260728_120000,,,,,,,,,,,,
STAT,V12.0.0,20260820_055425,INANWP,NA,000000,20260728_120000,000000,20260728_120000,20260728_000000,20260728_000000,NA,RAINNC,"(*,*)",hourlyPrecipRateGC,"(*,*)",mm,mm,gt0.1,gt0.1,NA,0.05,CTS,10000.0,,,,,,,,0.85,,,,,,,,,,,,,,,grid_stat_20260728.stat,20260728_120000,0.05,0.45,0.3924,0.15,0.2,0.4924,0.3,0.4,,,,
STAT,V12.0.0,20260820_055425,INANWP,NA,000000,20260728_120000,000000,20260728_120000,20260728_000000,20260728_000000,NA,RAINNC,"(*,*)",hourlyPrecipRateGC,"(*,*)",mm,mm,gt0.1,gt0.1,NA,0.05,CTC,10000.0,,,,,,,,,,,,,,,,,,,,,,,grid_stat_20260728.stat,20260728_120000,,,,,,,,,578.0,180.0,268.0,8939.0
STAT,V12.0.0,20260820_055425,INANWP,NA,000000,20260728_120000,000000,20260728_120000,20260728_000000,20260728_000000,NA,RAINNC,"(*,*)",hourlyPrecipRateGC,"(*,*)",mm,mm,gt1,gt1,NA,0.05,CNT,10000.0,0.1,5.714,3.714,2.714,3.214,3.714,2.914,0.7357,13.796,3.714,0.5,2.971,0.5,0.9,0.1,1.0,0.5,0.2,0.1,0.05,0.04,0.03,grid_stat_20260728.stat,20260728_120000,,,,,,,,,,,,
STAT,V12.0.0,20260820_055425,INANWP,NA,000000,20260728_120000,000000,20260728_120000,20260728_000000,20260728_000000,NA,RAINNC,"(*,*)",hourlyPrecipRateGC,"(*,*)",mm,mm,gt1,gt1,NA,0.05,CTS,10000.0,,,,,,,,0.85,,,,,,,,,,,,,,,grid_stat_20260728.stat,20260728_120000,0.05,0.45,0.3879,0.15,0.2,0.4879,0.3,0.4,,,,
STAT,V12.0.0,20260820_055425,INANWP,NA,000000,20260728_120000,000000,20260728_120000,20260728_000000,20260728_000000,NA,RAINNC,"(*,*)",hourlyPrecipRateGC,"(*,*)",mm,mm,gt1,gt1,NA,0.05,CTC,10000.0,,,,,,,,,,,,,,,,,,,,,,,grid_stat_20260728.stat,20260728_120000,,,,,,,,,577.0,180.0,268.0,8938.0
STAT,V12.0.0,20260820_055425,INANWP,NA,000000,20260728_120000,000000,20260728_120000,20260728_000000,20260728_000000,NA,RAINNC,"(*,*)",hourlyPrecipRateGC,"(*,*)",mm,mm,gt5,gt5,NA,0.05,CNT,10000.0,0.1,5.714,3.714,2.714,3.214,3.714,2.914,0.7357,13.796,3.714,0.5,2.971,0.5,0.9,0.1,1.0,0.5,0.2,0.1,0.05,0.04,0.03,grid_stat_20260728.stat,20260728_120000,,,,,,,,,,,,
STAT,V12.0.0,20260820_055425,INANWP,NA,000000,20260728_120000,000000,20260728_120000,20260728_000000,20260728_000000,NA,RAINNC,"(*,*)",hourlyPrecipRateGC,"(*,*)",mm,mm,gt5,gt5,NA,0.05,CTS,10000.0,,,,,,,,0.85,,,,,,,,,,,,,,,grid_stat_20260728.stat,20260728_120000,0.05,0.45,0.3679,0.15,0.2,0.4679,0.3,0.4,,,,
STAT,V12.0.0,20260820_055425,INANWP,NA,000000,20260728_120000,000000,20260728_120000,20260728_000000,20260728_000000,NA,RAINNC,"(*,*)",hourlyPrecipRateGC,"(*,*)",mm,mm,gt5,gt5,NA,0.05,CTC,10000.0,,,,,,,,,,,,,,,,,,,,,,,grid_stat_20260728.stat,20260728_120000,,,,,,,,,573.0,181.0,270.0,8936.0
STAT,V12.0.0,20260820_055425,INANWP,NA,000000,20260728_120000,000000,20260728_120000,20260728_000000,20260728_000000,NA,RAINNC,"(*,*)",hourlyPrecipRateGC,"(*,*)",mm,mm,gt10,gt10,NA,0.05,CNT,10000.0,0.1,5.714,3.714,2.714,3.214,3.714,2.914,0.7357,13.796,3.714,0.5,2.971,0.5,0.9,0.1,1.0,0.5,0.2,0.1,0.05,0.04,0.03,grid_stat_20260728.stat,20260728_120000,,,,,,,,,,,,
STAT,V12.0.0,20260820_055425,INANWP,NA,000000,20260728_120000,000000,20260728_120000,20260728_000000,20260728_000000,NA,RAINNC,"(*,*)",hourlyPrecipRateGC,"(*,*)",mm,mm,gt10,gt10,NA,0.05,CTS,10000.0,,,,,,,,0.85,,,,,,,,,,,,,,,grid_stat_20260728.stat,20260728_120000,0.05,0.45,0.3429,0.15,0.2,0.4429,0.3,0.4,,,,
STAT,V12.0.0,20260820_055425,INANWP,NA,000000,20260728_120000,000000,20260728_120000,20260728_000000,20260728_000000,NA,RAINNC,"(*,*)",hourlyPrecipRateGC,"(*,*)",mm,mm,gt10,gt10,NA,0.05,CTC,10000.0,,,,,,,,,,,,,,,,,,,,,,,grid_stat_20260728.stat,20260728_120000,,,,,,,,,568.0,182.0,272.0,8934.0
STAT,V12.0.0,20260820_055425,INANWP,NA,000000,20260728_120000,000000,20260728_120000,20260728_000000,20260728_000000,NA,RAINNC,"(*,*)",hourlyPrecipRateGC,"(*,*)",mm,mm,gt20,gt20,NA,0.05,CNT,10000.0,0.1,5.714,3.714,2.714,3.214,3.714,2.914,0.7357,13.796,3.714,0.5,2.971,0.5,0.9,0.1,1.0,0.5,0.2,0.1,0.05,0.04,0.03,grid_stat_20260728.stat,20260728_120000,,,,,,,,,,,,
STAT,V12.0.0,20260820_055425,INANWP,NA,000000,20260728_120000,000000,20260728_120000,20260728_000000,20260728_000000,NA,RAINNC,"(*,*)",hourlyPrecipRateGC,"(*,*)",mm,mm,gt20,gt20,NA,0.05,CTS,10000.0,,,,,,,,0.85,,,,,,,,,,,,,,,grid_stat_20260728.stat,20260728_120000,0.05,0.45,0.2929,0.15,0.2,0.3929,0.3,0.4,,,,
STAT,V12.0.0,20260820_055425,INANWP,NA,000000,20260728_120000,000000,20260728_120000,20260728_000000,20260728_000000,NA,RAINNC,"(*,*)",hourlyPrecipRateGC,"(*,*)",mm,mm,gt20,gt20,NA,0.05,CTC,10000.0,,,,,,,,,,,,,,,,,,,,,,,grid_stat_20260728.stat,20260728_120000,,,,,,,,,558.0,185.0,276.0,8929.0
STAT,V12.0.0,20260820_055425,INANWP,NA,000000,20260728_120000,000000,20260728_120000,20260728_000000,20260728_000000,NA,RAINNC,"(*,*)",hourlyPrecipRateGC,"(*,*)",mm,mm,gt50,gt50,NA,0.05,CNT,10000.0,0.1,5.714,3.714,2.714,3.214,3.714,2.914,0.7357,13.796,3.714,0.5,2.971,0.5,0.9,0.1,1.0,0.5,0.2,0.1,0.05,0.04,0.03,grid_stat_20260728.stat,20260728_120000,,,,,,,,,,,,
STAT,V12.0.0,20260820_055425,INANWP,NA,000000,20260728_120000,000000,20260728_120000,20260728_000000,20260728_000000,NA,RAINNC,"(*,*)",hourlyPrecipRateGC,"(*,*)",mm,mm,gt50,gt50,NA,0.05,CTS,10000.0,,,,,,,,0.85,,,,,,,,,,,,,,,grid_stat_20260728.stat,20260728_120000,0.05,0.45,0.1429,0.15,0.2,0.2429,0.3,0.4,,,,
STAT,V12.0.0,20260820_055425,INANWP,NA,000000,20260728_120000,000000,20260728_120000,20260728_000000,20260728_000000,NA,RAINNC,"(*,*)",hourlyPrecipRateGC,"(*,*)",mm,mm,gt50,gt50,NA,0.05,CTC,10000.0,,,,,,,,,,,,,,,,,,,,,,,grid_stat_20260728.stat,20260728_120000,,,,,,,,,528.0,192.0,288.0,8914.0
STAT,V12.0.0,20260820_055425,INANWP,NA,000000,20260728_130000,000000,20260728_130000,20260728_010000,20260728_010000,NA,RAINNC,"(*,*)",hourlyPrecipRateGC,"(*,*)",mm,mm,gt0.1,gt0.1,NA,0.05,CNT,10000.0,0.105,5.607,3.607,2.607,3.107,3.607,2.807,0.7429,13.011,3.607,0.5,2.886,0.525,0.9,0.1,1.0,0.5,0.2,0.1,0.05,0.04,0.03,grid_stat_20260728.stat,20260728_130000,,,,,,,,,,,,
STAT,V12.0.0,20260820_055425,INANWP,NA,000000,20260728_130000,000000,20260728_130000,20260728_010000,20260728_010000,NA,RAINNC,"(*,*)",hourlyPrecipRateGC,"(*,*)",mm,mm,gt0.1,gt0.1,NA,0.05,CTS,10000.0,,,,,,,,0.85,,,,,,,,,,,,,,,grid_stat_20260728.stat,20260728_130000,0.053,0.45,0.3959,0.15,0.2,0.4959,0.3,0.4,,,,
STAT,V12.0.0,20260820_055425,INANWP,NA,000000,20260728_130000,000000,20260728_130000,20260728_010000,20260728_010000,NA,RAINNC,"(*,*)",hourlyPrecipRateGC,"(*,*)",mm,mm,gt0.1,gt0.1,NA,0.05,CTC,10000.0,,,,,,,,,,,,,,,,,,,,,,,grid_stat_20260728.stat,20260728_130000,,,,,,,,,579.0,180.0,268.0,8939.0
STAT,V12.0.0,20260820_055425,INANWP,NA,000000,20260728_130000,000000,20260728_130000,20260728_010000,20260728_010000,NA,RAINNC,"(*,*)",hourlyPrecipRateGC,"(*,*)",mm,mm,gt1,gt1,NA,0.05,CNT,10000.0,0.105,5.607,3.607,2.607,3.107,3.607,2.807,0.7429,13.011,3.607,0.5,2.886,0.525,0.9,0.1,1.0,0.5,0.2,0.1,0.05,0.04,0.03,grid_stat_20260728.stat,20260728_130000,,,,,,,,,,,,
STAT,V12.0.0,20260820_055425,INANWP,NA,000000,20260728_130000,000000,20260728_130000,20260728_010000,20260728_010000,NA,RAINNC,"(*,*)",hourlyPrecipRateGC,"(*,*)",mm,mm,gt1,gt1,NA,0.05,CTS,10000.0,,,,,,,,0.85,,,,,,,,,,,,,,,grid_stat_20260728.stat,20260728_130000,0.053,0.45,0.3914,0.15,0.2,0.4914,0.3,0.4,,,,
STAT,V12.0.0,20260820_055425,INANWP,NA,000000,20260728_130000,000000,20260728_130000,20260728_010000,20260728_010000,NA,RAINNC,"(*,*)",hourlyPrecipRateGC,"(*,*)",mm,mm,gt1,gt1,NA,0.05,CTC,10000.0,,,,,,,,,,,,,,,,,,,,,,,grid_stat_20260728.stat,20260728_130000,,,,,,,,,578.0,180.0,268.0,8939.0
STAT,V12.0.0,20260820_055425,INANWP,NA,000000,20260728_130000,000000,20260728_130000,20260728_010000,20260728_010000,NA,RAINNC,"(*,*)",hourlyPrecipRateGC,"(*,*)",mm,mm,gt5,gt5,NA,0.05,CNT,10000.0,0.105,5.607,3.607,2.607,3.107,3.607,2.807,0.7429,13.011,3.607,0.5,2.886,0.525,0.9,0.1,1.0,0.5,0.2,0.1,0.05,0.04,0.03,grid_stat_20260728.stat,20260728_130000,,,,,,,,,,,,
STAT,V12.0.0,20260820_055425,INANWP,NA,000000,20260728_130000,000000,20260728_130000,20260728_010000,20260728_010000,NA,RAINNC,"(*,*)",hourlyPrecipRateGC,"(*,*)",mm,mm,gt5,gt5,NA,0.05,CTS,10000.0,,,,,,,,0.85,,,,,,,,,,,,,,,grid_stat_20260728.stat,20260728_130000,0.053,0.45,0.3714,0.15,0.2,0.4714,0.3,0.4,,,,
STAT,V12.0.0,20260820_055425,INANWP,NA,000000,20260728_130000,000000,20260728_130000,20260728_010000,20260728_010000,NA,RAINNC,"(*,*)",hourlyPrecipRateGC,"(*,*)",mm,mm,gt5,gt5,NA,0.05,CTC,10000.0,,,,,,,,,,,,,,,,,,,,,,,grid_stat_20260728.stat,20260728_130000,,,,,,,,,574.0,181.0,270.0,8937.0
STAT,V12.0.0,20260820_055425,INANWP,NA,000000,20260728_130000,000000,20260728_130000,20260728_010000,20260728_010000,NA,RAINNC,"(*,*)",hourlyPrecipRateGC,"(*,*)",mm,mm,gt10,gt10,NA,0.05,CNT,10000.0,0.105,5.607,3.607,2.607,3.107,3.607,2.807,0.7429,13.011,3.607,0.5,2.886,0.525,0.9,0.1,1.0,0.5,0.2,0.1,0.05,0.04,0.03,grid_stat_20260728.stat,20260728_130000,,,,,,,,,,,,
STAT,V12.0.0,20260820_055425,INANWP,NA,000000,20260728_130000,000000,20260728_130000,20260728_010000,20260728_010000,NA,RAINNC,"(*,*)",hourlyPrecipRateGC,"(*,*)",mm,mm,gt10,gt10,NA,0.05,CTS,10000.0,,,,,,,,0.85,,,,,,,,,,,,,,,grid_stat_20260728.stat,20260728_130000,0.053,0.45,0.3464,0.15,0.2,0.4464,0.3,0.4,,,,
STAT,V12.0.0,20260820_055425,INANWP,NA,000000,20260728_130000,000000,20260728_130000,20260728_010000,20260728_010000,NA,RAINNC,"(*,*)",hourlyPrecipRateGC,"(*,*)",mm,mm,gt10,gt10,NA,0.05,CTC,10000.0,,,,,,,,,,,,,,,,,,,,,,,grid_stat_20260728.stat,20260728_130000,,,,,,,,,569.0,182.0,272.0,8934.0
STAT,V12.0.0,20260820_055425,INANWP,NA,000000,20260728_130000,000000,20260728_130000,20260728_010000,20260728_010000,NA,RAINNC,"(*,*)",hourlyPrecipRateGC,"(*,*)",mm,mm,gt20,gt20,NA,0.05,CNT,10000.0,0.105,5.607,3.607,2.607,3.107,3.607,2.807,0.7429,13.011,3.607,0.5,2.886,0.525,0.9,0.1,1.0,0.5,0.2,0.1,0.05,0.04,0.03,grid_stat_20260728.stat,20260728_130000,,,,,,,,,,,,
STAT,V12.0.0,20260820_055425,INANWP,NA,000000,20260728_130000,000000,20260728_130000,20260728_010000,20260728_010000,NA,RAINNC,"(*,*)",hourlyPrecipRateGC,"(*,*)",mm,mm,gt20,gt20,NA,0.05,CTS,10000.0,,,,,,,,0.85,,,,,,,,,,,,,,,grid_stat_20260728.stat,20260728_130000,0.053,0.45,0.2964,0.15,0.2,0.3964,0.3,0.4,,,,
STAT,V12.0.0,20260820_055425,INANWP,NA,000000,20260728_130000,000000,20260728_130000,20260728_010000,20260728_010000,NA,RAINNC,"(*,*)",hourlyPrecipRateGC,"(*,*)",mm,mm,gt20,gt20,NA,0.05,CTC,10000.0,,,,,,,,,,,,,,,,,,,,,,,grid_stat_20260728.stat,20260728_130000,,,,,,,,,559.0,185.0,276.0,8929.0
STAT,V12.0.0,20260820_055425,INANWP,NA,000000,20260728_130000,000000,20260728_130000,20260728_010000,20260728_010000,NA,RAINNC,"(*,*)",hourlyPrecipRateGC,"(*,*)",mm,mm,gt50,gt50,NA,0.05,CNT,10000.0,0.105,5.607,3.607,2.607,3.107,3.607,2.807,0.7429,13.011,3.607,0.5,2.886,0.525,0.9,0.1,1.0,0.5,0.2,0.1,0.05,0.04,0.03,grid_stat_20260728.stat,20260728_130000,,,,,,,,,,,,
STAT,V12.0.0,20260820_055425,INANWP,NA,000000,20260728_130000,000000,20260728_130000,20260728_010000,20260728_010000,NA,RAINNC,"(*,*)",hourlyPrecipRateGC,"(*,*)",mm,mm,gt50,gt50,NA,0.05,CTS,10000.0,,,,,,,,0.85,,,,,,,,,,,,,,,grid_stat_20260728.stat,20260728_130000,0.053,0.45,0.1464,0.15,0.2,0.2464,0.3,0.4,,,,
STAT,V12.0.0,20260820_055425,INANWP,NA,000000,20260728_130000,000000,20260728_130000,20260728_010000,20260728_010000,NA,RAINNC,"(*,*)",hourlyPrecipRateGC,"(*,*)",mm,mm,gt50,gt50,NA,0.05,CTC,10000.0,,,,,,,,,,,,,,,,,,,,,,,grid_stat_20260728.stat,20260728_130000,,,,,,,,,529.0,192.0,288.0,8914.0
STAT,V12.0.0,20260820_055425,INANWP,NA,000000,20260728_140000,000000,20260728_140000,20260728_020000,20260728_020000,NA,RAINNC,"(*,*)",hourlyPrecipRateGC,"(*,*)",mm,mm,gt0.1,gt0.1,NA,0.05,CNT,10000.0,0.11,5.5,3.5,2.5,3.0,3.5,2.7,0.75,12.25,3.5,0.5,2.8,0.55,0.9,0.1,1.0,0.5,0.2,0.1,0.05,0.04,0.03,grid_stat_20260728.stat,20260728_140000,,,,,,,,,,,,
STAT,V12.0.0,20260820_055425,INANWP,NA,000000,20260728_140000,000000,20260728_140000,20260728_020000,20260728_020000,NA,RAINNC,"(*,*)",hourlyPrecipRateGC,"(*,*)",mm,mm,gt0.1,gt0.1,NA,0.05,CTS,10000.0,,,,,,,,0.85,,,,,,,,,,,,,,,grid_stat_20260728.stat,20260728_140000,0.055,0.45,0.3995,0.15,0.2,0.4995,0.3,0.4,,,,
STAT,V12.0.0,20260820_055425,INANWP,NA,000000,20260728_140000,000000,20260728_140000,20260728_020000,20260728_020000,NA,RAINNC,"(*,*)",hourlyPrecipRateGC,"(*,*)",mm,mm,gt0.1,gt0.1,NA,0.05,CTC,10000.0,,,,,,,,,,,,,,,,,,,,,,,grid_stat_20260728.stat,20260728_140000,,,,,,,,,579.0,180.0,268.0,8939.0
STAT,V12.0.0,20260820_055425,INANWP,NA,000000,20260728_140000,000000,20260728_140000,20260728_020000,20260728_020000,NA,RAINNC,"(*,*)",hourlyPrecipRateGC,"(*,*)",mm,mm,gt1,gt1,NA,0.05,CNT,10000.0,0.11,5.5,3.5,2.5,3.0,3.5,2.7,0.75,12.25,3.5,0.5,2.8,0.55,0.9,0.1,1.0,0.5,0.2,0.1,0.05,0.04,0.03,grid_stat_20260728.stat,20260728_140000,,,,,,,,,,,,
STAT,V12.0.0,20260820_055425,INANWP,NA,000000,20260728_140000,000000,20260728_140000,20260728_020000,20260728_020000,NA,RAINNC,"(*,*)",hourlyPrecipRateGC,"(*,*)",mm,mm,gt1,gt1,NA,0.05,CTS,10000.0,,,,,,,,0.85,,,,,,,,,,,,,,,grid_stat_20260728.stat,20260728_140000,0.055,0.45,0.395,0.15,0.2,0.495,0.3,0.4,,,,
STAT,V12.0.0,20260820_055425,INANWP,NA,000000,20260728_140000,000000,20260728_140000,20260728_020000,20260728_020000,NA,RAINNC,"(*,*)",hourlyPrecipRateGC,"(*,*)",mm,mm,gt1,gt1,NA,0.05,CTC,10000.0,,,,,,,,,,,,,,,,,,,,,,,grid_stat_20260728.stat,20260728_140000,,,,,,,,,579.0,180.0,268.0,8939.0
STAT,V12.0.0,20260820_055425,INANWP,NA,000000,20260728_140000,000000,20260728_140000,20260728_020000,20260728_020000,NA,RAINNC,"(*,*)",hourlyPrecipRateGC,"(*,*)",mm,mm,gt5,gt5,NA,0.05,CNT,10000.0,0.11,5.5,3.5,2.5,3.0,3.5,2.7,0.75,12.25,3.5,0.5,2.8,0.55,0.9,0.1,1.0,0.5,0.2,0.1,0.05,0.04,0.03,grid_stat_20260728.stat,20260728_140000,,,,,,,,,,,,
STAT,V12.0.0,20260820_055425,INANWP,NA,000000,20260728_140000,000000,20260728_140000,20260728_020000,20260728_020000,NA,RAINNC,"(*,*)",hourlyPrecipRateGC,"(*,*)",mm,mm,gt5,gt5,NA,0.05,CTS,10000.0,,,,,,,,0.85,,,,,,,,,,,,,,,grid_stat_20260728.stat,20260728_140000,0.055,0.45,0.375,0.15,0.2,0.475,0.3,0.4,,,,
STAT,V12.0.0,20260820_055425,INANWP,NA,000000,20260728_140000,000000,20260728_140000,20260728_020000,20260728_020000,NA,RAINNC,"(*,*)",hourlyPrecipRateGC,"(*,*)",mm,mm,gt5,gt5,NA,0.05,CTC,10000.0,,,,,,,,,,,,,,,,,,,,,,,grid_stat_20260728.stat,20260728_140000,,,,,,,,,575.0,181.0,270.0,8937.0
STAT,V12.0.0,20260820_055425,INANWP,NA,000000,20260728_140000,000000,20260728_140000,20260728_020000,20260728_020000,NA,RAINNC,"(*,*)",hourlyPrecipRateGC,"(*,*)",mm,mm,gt10,gt10,NA,0.05,CNT,10000.0,0.11,5.5,3.5,2.5,3.0,3.5,2.7,0.75,12.25,3.5,0.5,2.8,0.55,0.9,0.1,1.0,0.5,0.2,0.1,0.05,0.04,0.03,grid_stat_20260728.stat,20260728_140000,,,,,,,,,,,,
STAT,V12.0.0,20260820_055425,INANWP,NA,000000,20260728_140000,000000,20260728_140000,20260728_020000,20260728_020000,NA,RAINNC,"(*,*)",hourlyPrecipRateGC,"(*,*)",mm,mm,gt10,gt10,NA,0.05,CTS,10000.0,,,,,,,,0.85,,,,,,,,,,,,,,,grid_stat_20260728.stat,20260728_140000,0.055,0.45,0.35,0.15,0.2,0.45,0.3,0.4,,,,
STAT,V12.0.0,20260820_055425,INANWP,NA,000000,20260728_140000,000000,20260728_140000,20260728_020000,20260728_020000,NA,RAINNC,"(*,*)",hourlyPrecipRateGC,"(*,*)",mm,mm,gt10,gt10,NA,0.05,CTC,10000.0,,,,,,,,,,,,,,,,,,,,,,,grid_stat_20260728.stat,20260728_140000,,,,,,,,,570.0,182.0,272.0,8935.0
STAT,V12.0.0,20260820_055425,INANWP,NA,000000,20260728_140000,000000,20260728_140000,20260728_020000,20260728_020000,NA,RAINNC,"(*,*)",hourlyPrecipRateGC,"(*,*)",mm,mm,gt20,gt20,NA,0.05,CNT,10000.0,0.11,5.5,3.5,2.5,3.0,3.5,2.7,0.75,12.25,3.5,0.5,2.8,0.55,0.9,0.1,1.0,0.5,0.2,0.1,0.05,0.04,0.03,grid_stat_20260728.stat,20260728_140000,,,,,,,,,,,,
STAT,V12.0.0,20260820_055425,INANWP,NA,000000,20260728_140000,000000,20260728_140000,20260728_020000,20260728_020000,NA,RAINNC,"(*,*)",hourlyPrecipRateGC,"(*,*)",mm,mm,gt20,gt20,NA,0.05,CTS,10000.0,,,,,,,,0.85,,,,,,,,,,,,,,,grid_stat_20260728.stat,20260728_140000,0.055,0.45,0.3,0.15,0.2,0.4,0.3,0.4,,,,
STAT,V12.0.0,20260820_055425,INANWP,NA,000000,20260728_140000,000000,20260728_140000,20260728_020000,20260728_020000,NA,RAINNC,"(*,*)",hourlyPrecipRateGC,"(*,*)",mm,mm,gt20,gt20,NA,0.05,CTC,10000.0,,,,,,,,,,,,,,,,,,,,,,,grid_stat_20260728.stat,20260728_140000,,,,,,,,,560.0,185.0,276.0,8930.0
STAT,V12.0.0,20260820_055425,INANWP,NA,000000,20260728_140000,000000,20260728_140000,20260728_020000,20260728_020000,NA,RAINNC,"(*,*)",hourlyPrecipRateGC,"(*,*)",mm,mm,gt50,gt50,NA,0.05,CNT,10000.0,0.11,5.5,3.5,2.5,3.0,3.5,2.7,0.75,12.25,3.5,0.5,2.8,0.55,0.9,0.1,1.0,0.5,0.2,0.1,0.05,0.04,0.03,grid_stat_20260728.stat,20260728_140000,,,,,,,,,,,,
STAT,V12.0.0,20260820_055425,INANWP,NA,000000,20260728_140000,000000,20260728_140000,20260728_020000,20260728_020000,NA,RAINNC,"(*,*)",hourlyPrecipRateGC,"(*,*)",mm,mm,gt50,gt50,NA,0.05,CTS,10000.0,,,,,,,,0.85,,,,,,,,,,,,,,,grid_stat_20260728.stat,20260728_140000,0.055,0.45,0.15,0.15,0.2,0.25,0.3,0.4,,,,
STAT,V12.0.0,20260820_055425,INANWP,NA,000000,20260728_140000,000000,20260728_140000,20260728_020000,20260728_020000,NA,RAINNC,"(*,*)",hourlyPrecipRateGC,"(*,*)",mm,mm,gt50,gt50,NA,0.05,CTC,10000.0,,,,,,,,,,,,,,,,,,,,,,,grid_stat_20260728.stat,20260728_140000,,,,,,,,,530.0,192.0,288.0,8915.0
STAT,V12.0.0,20260820_055425,INANWP,NA,000000,20260728_150000,000000,20260728_150000,20260728_030000,20260728_030000,NA,RAINNC,"(*,*)",hourlyPrecipRateGC,"(*,*)",mm,mm,gt0.1,gt0.1,NA,0.05,CNT,10000.0,0.115,5.607,3.607,2.607,3.107,3.607,2.807,0.7429,13.011,3.607,0.5,2.886,0.575,0.9,0.1,1.0,0.5,0.2,0.1,0.05,0.04,0.03,grid_stat_20260728.stat,20260728_150000,,,,,,,,,,,,
STAT,V12.0.0,20260820_055425,INANWP,NA,000000,20260728_150000,000000,20260728_150000,20260728_030000,20260728_030000,NA,RAINNC,"(*,*)",hourlyPrecipRateGC,"(*,*)",mm,mm,gt0.1,gt0.1,NA,0.05,CTS,10000.0,,,,,,,,0.85,,,,,,,,,,,,,,,grid_stat_20260728.stat,20260728_150000,0.057,0.45,0.3959,0.15,0.2,0.4959,0.3,0.4,,,,
STAT,V12.0.0,20260820_055425,INANWP,NA,000000,20260728_150000,000000,20260728_150000,20260728_030000,20260728_030000,NA,RAINNC,"(*,*)",hourlyPrecipRateGC,"(*,*)",mm,mm,gt0.1,gt0.1,NA,0.05,CTC,10000.0,,,,,,,,,,,,,,,,,,,,,,,grid_stat_20260728.stat,20260728_150000,,,,,,,,,579.0,180.0,268.0,8939.0
STAT,V12.0.0,20260820_055425,INANWP,NA,000000,20260728_150000,000000,20260728_150000,20260728_030000,20260728_030000,NA,RAINNC,"(*,*)",hourlyPrecipRateGC,"(*,*)",mm,mm,gt1,gt1,NA,0.05,CNT,10000.0,0.115,5.607,3.607,2.607,3.107,3.607,2.807,0.7429,13.011,3.607,0.5,2.886,0.575,0.9,0.1,1.0,0.5,0.2,0.1,0.05,0.04,0.03,grid_stat_20260728.stat,20260728_150000,,,,,,,,,,,,
STAT,V12.0.0,20260820_055425,INANWP,NA,000000,20260728_150000,000000,20260728_150000,20260728_030000,20260728_030000,NA,RAINNC,"(*,*)",hourlyPrecipRateGC,"(*,*)",mm,mm,gt1,gt1,NA,0.05,CTS,10000.0,,,,,,,,0.85,,,,,,,,,,,,,,,grid_stat_20260728.stat,20260728_150000,0.057,0.45,0.3914,0.15,0.2,0.4914,0.3,0.4,,,,
STAT,V12.0.0,20260820_055425,INANWP,NA,000000,20260728_150000,000000,20260728_150000,20260728_030000,20260728_030000,NA,RAINNC,"(*,*)",hourlyPrecipRateGC,"(*,*)",mm,mm,gt1,gt1,NA,0.05,CTC,10000.0,,,,,,,,,,,,,,,,,,,,,,,grid_stat_20260728.stat,20260728_150000,,,,,,,,,578.0,180.0,268.0,8939.0
STAT,V12.0.0,20260820_055425,INANWP,NA,000000,20260728_150000,000000,20260728_150000,20260728_030000,20260728_030000,NA,RAINNC,"(*,*)",hourlyPrecipRateGC,"(*,*)",mm,mm,gt5,gt5,NA,0.05,CNT,10000.0,0.115,5.607,3.607,2.607,3.107,3.607,2.807,0.7429,13.011,3.607,0.5,2.886,0.575,0.9,0.1,1.0,0.5,0.2,0.1,0.05,0.04,0.03,grid_stat_20260728.stat,20260728_150000,,,,,,,,,,,,
STAT,V12.0.0,20260820_055425,INANWP,NA,000000,20260728_150000,000000,20260728_150000,20260728_030000,20260728_030000,NA,RAINNC,"(*,*)",hourlyPrecipRateGC,"(*,*)",mm,mm,gt5,gt5,NA,0.05,CTS,10000.0,,,,,,,,0.85,,,,,,,,,,,,,,,grid_stat_20260728.stat,20260728_150000,0.057,0.45,0.3714,0.15,0.2,0.4714,0.3,0.4,,,,
STAT,V12.0.0,20260820_055425,INANWP,NA,000000,20260728_150000,000000,20260728_150000,20260728_030000,20260728_030000,NA,RAINNC,"(*,*)",hourlyPrecipRateGC,"(*,*)",mm,mm,gt5,gt5,NA,0.05,CTC,10000.0,,,,,,,,,,,,,,,,,,,,,,,grid_stat_20260728.stat,20260728_150000,,,,,,,,,574.0,181.0,270.0,8937.0
STAT,V12.0.0,20260820_055425,INANWP,NA,000000,20260728_150000,000000,20260728_150000,20260728_030000,20260728_030000,NA,RAINNC,"(*,*)",hourlyPrecipRateGC,"(*,*)",mm,mm,gt10,gt10,NA,0.05,CNT,10000.0,0.115,5.607,3.607,2.607,3.107,3.607,2.807,0.7429,13.011,3.607,0.5,2.886,0.575,0.9,0.1,1.0,0.5,0.2,0.1,0.05,0.04,0.03,grid_stat_20260728.stat,20260728_150000,,,,,,,,,,,,
STAT,V12.0.0,20260820_055425,INANWP,NA,000000,20260728_150000,000000,20260728_150000,20260728_030000,20260728_030000,NA,RAINNC,"(*,*)",hourlyPrecipRateGC,"(*,*)",mm,mm,gt10,gt10,NA,0.05,CTS,10000.0,,,,,,,,0.85,,,,,,,,,,,,,,,grid_stat_20260728.stat,20260728_150000,0.057,0.45,0.3464,0.15,0.2,0.4464,0.3,0.4,,,,
STAT,V12.0.0,20260820_055425,INANWP,NA,000000,20260728_150000,000000,20260728_150000,20260728_030000,20260728_030000,NA,RAINNC,"(*,*)",hourlyPrecipRateGC,"(*,*)",mm,mm,gt10,gt10,NA,0.05,CTC,10000.0,,,,,,,,,,,,,,,,,,,,,,,grid_stat_20260728.stat,20260728_150000,,,,,,,,,569.0,182.0,272.0,8934.0
STAT,V12.0.0,20260820_055425,INANWP,NA,000000,20260728_150000,000000,20260728_150000,20260728_030000,20260728_030000,NA,RAINNC,"(*,*)",hourlyPrecipRateGC,"(*,*)",mm,mm,gt20,gt20,NA,0.05,CNT,10000.0,0.115,5.607,3.607,2.607,3.107,3.607,2.807,0.7429,13.011,3.607,0.5,2.886,0.575,0.9,0.1,1.0,0.5,0.2,0.1,0.05,0.04,0.03,grid_stat_20260728.stat,20260728_150000,,,,,,,,,,,,
STAT,V12.0.0,20260820_055425,INANWP,NA,000000,20260728_150000,000000,20260728_150000,20260728_030000,20260728_030000,NA,RAINNC,"(*,*)",hourlyPrecipRateGC,"(*,*)",mm,mm,gt20,gt20,NA,0.05,CTS,10000.0,,,,,,,,0.85,,,,,,,,,,,,,,,grid_stat_20260728.stat,20260728_150000,0.057,0.45,0.2964,0.15,0.2,0.3964,0.3,0.4,,,,
STAT,V12.0.0,20260820_055425,INANWP,NA,000000,20260728_150000,000000,20260728_150000,20260728_030000,20260728_030000,NA,RAINNC,"(*,*)",hourlyPrecipRateGC,"(*,*)",mm,mm,gt20,gt20,NA,0.05,CTC,10000.0,,,,,,,,,,,,,,,,,,,,,,,grid_stat_20260728.stat,20260728_150000,,,,,,,,,559.0,185.0,276.0,8929.0
STAT,V12.0.0,20260820_055425,INANWP,NA,000000,20260728_150000,000000,20260728_150000,20260728_030000,20260728_030000,NA,RAINNC,"(*,*)",hourlyPrecipRateGC,"(*,*)",mm,mm,gt50,gt50,NA,0.05,CNT,10000.0,0.115,5.607,3.607,2.607,3.107,3.607,2.807,0.7429,13.011,3.607,0.5,2.886,0.575,0.9,0.1,1.0,0.5,0.2,0.1,0.05,0.04,0.03,grid_stat_20260728.stat,20260728_150000,,,,,,,,,,,,
STAT,V12.0.0,20260820_055425,INANWP,NA,000000,20260728_150000,000000,20260728_150000,20260728_030000,20260728_030000,NA,RAINNC,"(*,*)",hourlyPrecipRateGC,"(*,*)",mm,mm,gt50,gt50,NA,0.05,CTS,10000.0,,,,,,,,0.85,,,,,,,,,,,,,,,grid_stat_20260728.stat,20260728_150000,0.057,0.45,0.1464,0.15,0.2,0.2464,0.3,0.4,,,,
STAT,V12.0.0,20260820_055425,INANWP,NA,000000,20260728_150000,000000,20260728_150000,20260728_030000,20260728_030000,NA,RAINNC,"(*,*)",hourlyPrecipRateGC,"(*,*)",mm,mm,gt50,gt50,NA,0.05,CTC,10000.0,,,,,,,,,,,,,,,,,,,,,,,grid_stat_20260728.stat,20260728_150000,,,,,,,,,529.0,192.0,288.0,8914.0
STAT,V12.0.0,20260820_055425,INANWP,NA,000000,20260728_160000,000000,20260728_160000,20260728_040000,20260728_040000,NA,RAINNC,"(*,*)",hourlyPrecipRateGC,"(*,*)",mm,mm,gt0.1,gt0.1,NA,0.05,CNT,10000.0,0.12,5.714,3.714,2.714,3.214,3.714,2.914,0.7357,13.796,3.714,0.5,2.971,0.6,0.9,0.1,1.0,0.5,0.2,0.1,0.05,0.04,0.03,grid_stat_20260728.stat,20260728_160000,,,,,,,,,,,,
STAT,V12.0.0,20260820_055425,INANWP,NA,000000,20260728_160000,000000,20260728_160000,20260728_040000,20260728_040000,NA,RAINNC,"(*,*)",hourlyPrecipRateGC,"(*,*)",mm,mm,gt0.1,gt0.1,NA,0.05,CTS,10000.0,,,,,,,,0.85,,,,,,,,,,,,,,,grid_stat_20260728.stat,20260728_160000,0.06,0.45,0.3924,0.15,0.2,0.4924,0.3,0.4,,,,
STAT,V12.0.0,20260820_055425,INANWP,NA,000000,20260728_160000,000000,20260728_160000,20260728_040000,20260728_040000,NA,RAINNC,"(*,*)",hourlyPrecipRateGC,"(*,*)",mm,mm,gt0.1,gt0.1,NA,0.05,CTC,10000.0,,,,,,,,,,,,,,,,,,,,,,,grid_stat_20260728.stat,20260728_160000,,,,,,,,,578.0,180.0,268.0,8939.0
STAT,V12.0.0,20260820_055425,INANWP,NA,000000,20260728_160000,000000,20260728_160000,20260728_040000,20260728_040000,NA,RAINNC,"(*,*)",hourlyPrecipRateGC,"(*,*)",mm,mm,gt1,gt1,NA,0.05,CNT,10000.0,0.12,5.714,3.714,2.714,3.214,3.714,2.914,0.7357,13.796,3.714,0.5,2.971,0.6,0.9,0.1,1.0,0.5,0.2,0.1,0.05,0.04,0.03,grid_stat_20260728.stat,20260728_160000,,,,,,,,,,,,
STAT,V12.0.0,20260820_055425,INANWP,NA,000000,20260728_160000,000000,20260728_160000,20260728_040000,20260728_040000,NA,RAINNC,"(*,*)",hourlyPrecipRateGC,"(*,*)",mm,mm,gt1,gt1,NA,0.05,CTS,10000.0,,,,,,,,0.85,,,,,,,,,,,,,,,grid_stat_20260728.stat,20260728_160000,0.06,0.45,0.3879,0.15,0.2,0.4879,0.3,0.4,,,,
STAT,V12.0.0,20260820_055425,INANWP,NA,000000,20260728_160000,000000,20260728_160000,20260728_040000,20260728_040000,NA,RAINNC,"(*,*)",hourlyPrecipRateGC,"(*,*)",mm,mm,gt1,gt1,NA,0.05,CTC,10000.0,,,,,,,,,,,,,,,,,,,,,,,grid_stat_20260728.stat,20260728_160000,,,,,,,,,577.0,180.0,268.0,8938.0
STAT,V12.0.0,20260820_055425,INANWP,NA,000000,20260728_160000,000000,20260728_160000,20260728_040000,20260728_040000,NA,RAINNC,"(*,*)",hourlyPrecipRateGC,"(*,*)",mm,mm,gt5,gt5,NA,0.05,CNT,10000.0,0.12,5.714,3.714,2.714,3.214,3.714,2.914,0.7357,13.796,3.714,0.5,2.971,0.6,0.9,0.1,1.0,0.5,0.2,0.1,0.05,0.04,0.03,grid_stat_20260728.stat,20260728_160000,,,,,,,,,,,,
STAT,V12.0.0,20260820_055425,INANWP,NA,000000,20260728_160000,000000,20260728_160000,20260728_040000,20260728_040000,NA,RAINNC,"(*,*)",hourlyPrecipRateGC,"(*,*)",mm,mm,gt5,gt5,NA,0.05,CTS,10000.0,,,,,,,,0.85,,,,,,,,,,,,,,,grid_stat_20260728.stat,20260728_160000,0.06,0.45,0.3679,0.15,0.2,0.4679,0.3,0.4,,,,
STAT,V12.0.0,20260820_055425,INANWP,NA,000000,20260728_160000,000000,20260728_160000,20260728_040000,20260728_040000,NA,RAINNC,"(*,*)",hourlyPrecipRateGC,"(*,*)",mm,mm,gt5,gt5,NA,0.05,CTC,10000.0,,,,,,,,,,,,,,,,,,,,,,,grid_stat_20260728.stat,20260728_160000,,,,,,,,,573.0,181.0,270.0,8936.0
STAT,V12.0.0,20260820_055425,INANWP,NA,000000,20260728_160000,000000,20260728_160000,20260728_040000,20260728_040000,NA,RAINNC,"(*,*)",hourlyPrecipRateGC,"(*,*)",mm,mm,gt10,gt10,NA,0.05,CNT,10000.0,0.12,5.714,3.714,2.714,3.214,3.714,2.914,0.7357,13.796,3.714,0.5,2.971,0.6,0.9,0.1,1.0,0.5,0.2,0.1,0.05,0.04,0.03,grid_stat_20260728.stat,20260728_160000,,,,,,,,,,,,
STAT,V12.0.0,20260820_055425,INANWP,NA,000000,20260728_160000,000000,20260728_160000,20260728_040000,20260728_040000,NA,RAINNC,"(*,*)",hourlyPrecipRateGC,"(*,*)",mm,mm,gt10,gt10,NA,0.05,CTS,10000.0,,,,,,,,0.85,,,,,,,,,,,,,,,grid_stat_20260728.stat,20260728_160000,0.06,0.45,0.3429,0.15,0.2,0.4429,0.3,0.4,,,,
STAT,V12.0.0,20260820_055425,INANWP,NA,000000,20260728_160000,000000,20260728_160000,20260728_040000,20260728_040000,NA,RAINNC,"(*,*)",hourlyPrecipRateGC,"(*,*)",mm,mm,gt10,gt10,NA,0.05,CTC,10000.0,,,,,,,,,,,,,,,,,,,,,,,grid_stat_20260728.stat,20260728_160000,,,,,,,,,568.0,182.0,272.0,8934.0
STAT,V12.0.0,20260820_055425,INANWP,NA,000000,20260728_160000,000000,20260728_160000,20260728_040000,20260728_040000,NA,RAINNC,"(*,*)",hourlyPrecipRateGC,"(*,*)",mm,mm,gt20,gt20,NA,0.05,CNT,10000.0,0.12,5.714,3.714,2.714,3.214,3.714,2.914,0.7357,13.796,3.714,0.5,2.971,0.6,0.9,0.1,1.0,0.5,0.2,0.1,0.05,0.04,0.03,grid_stat_20260728.stat,20260728_160000,,,,,,,,,,,,
STAT,V12.0.0,20260820_055425,INANWP,NA,000000,20260728_160000,000000,20260728_160000,20260728_040000,20260728_040000,NA,RAINNC,"(*,*)",hourlyPrecipRateGC,"(*,*)",mm,mm,gt20,gt20,NA,0.05,CTS,10000.0,,,,,,,,0.85,,,,,,,,,,,,,,,grid_stat_20260728.stat,20260728_160000,0.06,0.45,0.2929,0.15,0.2,0.3929,0.3,0.4,,,,
STAT,V12.0.0,20260820_055425,INANWP,NA,000000,20260728_160000,000000,20260728_160000,20260728_040000,20260728_040000,NA,RAINNC,"(*,*)",hourlyPrecipRateGC,"(*,*)",mm,mm,gt20,gt20,NA,0.05,CTC,10000.0,,,,,,,,,,,,,,,,,,,,,,,grid_stat_20260728.stat,20260728_160000,,,,,,,,,558.0,185.0,276.0,8929.0
STAT,V12.0.0,20260820_055425,INANWP,NA,000000,20260728_160000,000000,20260728_160000,20260728_040000,20260728_040000,NA,RAINNC,"(*,*)",hourlyPrecipRateGC,"(*,*)",mm,mm,gt50,gt50,NA,0.05,CNT,10000.0,0.12,5.714,3.714,2.714,3.214,3.714,2.914,0.7357,13.796,3.714,0.5,2.971,0.6,0.9,0.1,1.0,0.5,0.2,0.1,0.05,0.04,0.03,grid_stat_20260728.stat,20260728_160000,,,,,,,,,,,,
STAT,V12.0.0,20260820_055425,INANWP,NA,000000,20260728_160000,000000,20260728_160000,20260728_040000,20260728_040000,NA,RAINNC,"(*,*)",hourlyPrecipRateGC,"(*,*)",mm,mm,gt50,gt50,NA,0.05,CTS,10000.0,,,,,,,,0.85,,,,,,,,,,,,,,,grid_stat_20260728.stat,20260728_160000,0.06,0.45,0.1429,0.15,0.2,0.2429,0.3,0.4,,,,
STAT,V12.0.0,20260820_055425,INANWP,NA,000000,20260728_160000,000000,20260728_160000,20260728_040000,20260728_040000,NA,RAINNC,"(*,*)",hourlyPrecipRateGC,"(*,*)",mm,mm,gt50,gt50,NA,0.05,CTC,10000.0,,,,,,,,,,,,,,,,,,,,,,,grid_stat_20260728.stat,20260728_160000,,,,,,,,,528.0,192.0,288.0,8914.0
STAT,V12.0.0,20260820_055425,INANWP,NA,000000,20260728_170000,000000,20260728_170000,20260728_050000,20260728_050000,NA,RAINNC,"(*,*)",hourlyPrecipRateGC,"(*,*)",mm,mm,gt0.1,gt0.1,NA,0.05,CNT,10000.0,0.125,5.821,3.821,2.821,3.321,3.821,3.021,0.7286,14.603,3.821,0.5,3.057,0.625,0.9,0.1,1.0,0.5,0.2,0.1,0.05,0.04,0.03,grid_stat_20260728.stat,20260728_170000,,,,,,,,,,,,
STAT,V12.0.0,20260820_055425,INANWP,NA,000000,20260728_170000,000000,20260728_170000,20260728_050000,20260728_050000,NA,RAINNC,"(*,*)",hourlyPrecipRateGC,"(*,*)",mm,mm,gt0.1,gt0.1,NA,0.05,CTS,10000.0,,,,,,,,0.85,,,,,,,,,,,,,,,grid_stat_20260728.stat,20260728_170000,0.062,0.45,0.3888,0.15,0.2,0.4888,0.3,0.4,,,,
STAT,V12.0.0,20260820_055425,INANWP,NA,000000,20260728_170000,000000,20260728_170000,20260728_050000,20260728_050000,NA,RAINNC,"(*,*)",hourlyPrecipRateGC,"(*,*)",mm,mm,gt0.1,gt0.1,NA,0.05,CTC,10000.0,,,,,,,,,,,,,,,,,,,,,,,grid_stat_20260728.stat,20260728_170000,,,,,,,,,577.0,180.0,268.0,8938.0
STAT,V12.0.0,20260820_055425,INANWP,NA,000000,20260728_170000,000000,20260728_170000,20260728_050000,20260728_050000,NA,RAINNC,"(*,*)",hourlyPrecipRateGC,"(*,*)",mm,mm,gt1,gt1,NA,0.05,CNT,10000.0,0.125,5.821,3.821,2.821,3.321,3.821,3.021,0.7286,14.603,3.821,0.5,3.057,0.625,0.9,0.1,1.0,0.5,0.2,0.1,0.05,0.04,0.03,grid_stat_20260728.stat,20260728_170000,,,,,,,,,,,,
STAT,V12.0.0,20260820_055425,INANWP,NA,000000,20260728_170000,000000,20260728_170000,20260728_050000,20260728_050000,NA,RAINNC,"(*,*)",hourlyPrecipRateGC,"(*,*)",mm,mm,gt1,gt1,NA,0.05,CTS,10000.0,,,,,,,,0.85,,,,,,,,,,,,,,,grid_stat_20260728.stat,20260728_170000,0.062,0.45,0.3843,0.15,0.2,0.4843,0.3,0.4,,,,
STAT,V12.0.0,20260820_055425,INANWP,NA,000000,20260728_170000,000000,20260728_170000,20260728_050000,20260728_050000,NA,RAINNC,"(*,*)",hourlyPrecipRateGC,"(*,*)",mm,mm,gt1,gt1,NA,0.05,CTC,10000.0,,,,,,,,,,,,,,,,,,,,,,,grid_stat_20260728.stat,20260728_170000,,,,,,,,,576.0,180.0,269.0,8938.0
STAT,V12.0.0,20260820_055425,INANWP,NA,000000,20260728_170000,000000,20260728_170000,20260728_050000,20260728_050000,NA,RAINNC,"(*,*)",hourlyPrecipRateGC,"(*,*)",mm,mm,gt5,gt5,NA,0.05,CNT,10000.0,0.125,5.821,3.821,2.821,3.321,3.821,3.021,0.7286,14.603,3.821,0.5,3.057,0.625,0.9,0.1,1.0,0.5,0.2,0.1,0.05,0.04,0.03,grid_stat_20260728.stat,20260728_170000,,,,,,,,,,,,
STAT,V12.0.0,20260820_055425,INANWP,NA,000000,20260728_170000,000000,20260728_170000,20260728_050000,20260728_050000,NA,RAINNC,"(*,*)",hourlyPrecipRateGC,"(*,*)",mm,mm,gt5,gt5,NA,0.05,CTS,10000.0,,,,,,,,0.85,,,,,,,,,,,,,,,grid_stat_20260728.stat,20260728_170000,0.062,0.45,0.3643,0.15,0.2,0.4643,0.3,0.4,,,,
STAT,V12.0.0,20260820_055425,INANWP,NA,000000,20260728_170000,000000,20260728_170000,20260728_050000,20260728_050000,NA,RAINNC,"(*,*)",hourlyPrecipRateGC,"(*,*)",mm,mm,gt5,gt5,NA,0.05,CTC,10000.0,,,,,,,,,,,,,,,,,,,,,,,grid_stat_20260728.stat,20260728_170000,,,,,,,,,572.0,181.0,270.0,8936.0
STAT,V12.0.0,20260820_055425,INANWP,NA,000000,20260728_170000,000000,20260728_170000,20260728_050000,20260728_050000,NA,RAINNC,"(*,*)",hourlyPrecipRateGC,"(*,*)",mm,mm,gt10,gt10,NA,0.05,CNT,10000.0,0.125,5.821,3.821,2.821,3.321,3.821,3.021,0.7286,14.603,3.821,0.5,3.057,0.625,0.9,0.1,1.0,0.5,0.2,0.1,0.05,0.04,0.03,grid_stat_20260728.stat,20260728_170000,,,,,,,,,,,,
STAT,V12.0.0,20260820_055425,INANWP,NA,000000,20260728_170000,000000,20260728_170000,20260728_050000,20260728_050000,NA,RAINNC,"(*,*)",hourlyPrecipRateGC,"(*,*)",mm,mm,gt10,gt10,NA,0.05,CTS,10000.0,,,,,,,,0.85,,,,,,,,,,,,,,,grid_stat_20260728.stat,20260728_170000,0.062,0.45,0.3393,0.15,0.2,0.4393,0.3,0.4,,,,
STAT,V12.0.0,20260820_055425,INANWP,NA,000000,20260728_170000,000000,20260728_170000,20260728_050000,20260728_050000,NA,RAINNC,"(*,*)",hourlyPrecipRateGC,"(*,*)",mm,mm,gt10,gt10,NA,0.05,CTC,10000.0,,,,,,,,,,,,,,,,,,,,,,,grid_stat_20260728.stat,20260728_170000,,,,,,,,,567.0,183.0,272.0,8933.0
STAT,V12.0.0,20260820_055425,INANWP,NA,000000,20260728_170000,000000,20260728_170000,20260728_050000,20260728_050000,NA,RAINNC,"(*,*)",hourlyPrecipRateGC,"(*,*)",mm,mm,gt20,gt20,NA,0.05,CNT,10000.0,0.125,5.821,3.821,2.821,3.321,3.821,3.021,0.7286,14.603,3.821,0.5,3.057,0.625,0.9,0.1,1.0,0.5,0.2,0.1,0.05,0.04,0.03,grid_stat_20260728.stat,20260728_170000,,,,,,,,,,,,
STAT,V12.0.0,20260820_055425,INANWP,NA,000000,20260728_170000,000000,20260728_170000,20260728_050000,20260728_050000,NA,RAINNC,"(*,*)",hourlyPrecipRateGC,"(*,*)",mm,mm,gt20,gt20,NA,0.05,CTS,10000.0,,,,,,,,0.85,,,,,,,,,,,,,,,grid_stat_20260728.stat,20260728_170000,0.062,0.45,0.2893,0.15,0.2,0.3893,0.3,0.4,,,,
STAT,V12.0.0,20260820_055425,INANWP,NA,000000,20260728_170000,000000,20260728_170000,20260728_050000,20260728_050000,NA,RAINNC,"(*,*)",hourlyPrecipRateGC,"(*,*)",mm,mm,gt20,gt20,NA,0.05,CTC,10000.0,,,,,,,,,,,,,,,,,,,,,,,grid_stat_20260728.stat,20260728_170000,,,,,,,,,557.0,185.0,276.0,8928.0
STAT,V12.0.0,20260820_055425,INANWP,NA,000000,20260728_170000,000000,20260728_170000,20260728_050000,20260728_050000,NA,RAINNC,"(*,*)",hourlyPrecipRateGC,"(*,*)",mm,mm,gt50,gt50,NA,0.05,CNT,10000.0,0.125,5.821,3.821,2.821,3.321,3.821,3.021,0.7286,14.603,3.821,0.5,3.057,0.625,0.9,0.1,1.0,0.5,0.2,0.1,0.05,0.04,0.03,grid_stat_20260728.stat,20260728_170000,,,,,,,,,,,,
STAT,V12.0.0,20260820_055425,INANWP,NA,000000,20260728_170000,000000,20260728_170000,20260728_050000,20260728_050000,NA,RAINNC,"(*,*)",hourlyPrecipRateGC,"(*,*)",mm,mm,gt50,gt50,NA,0.05,CTS,10000.0,,,,,,,,0.85,,,,,,,,,,,,,,,grid_stat_20260728.stat,20260728_170000,0.062,0.45,0.1393,0.15,0.2,0.2393,0.3,0.4,,,,
STAT,V12.0.0,20260820_055425,INANWP,NA,000000,20260728_170000,000000,20260728_170000,20260728_050000,20260728_050000,NA,RAINNC,"(*,*)",hourlyPrecipRateGC,"(*,*)",mm,mm,gt50,gt50,NA,0.05,CTC,10000.0,,,,,,,,,,,,,,,,,,,,,,,grid_stat_20260728.stat,20260728_170000,,,,,,,,,527.0,193.0,288.0,8913.0
STAT,V12.0.0,20260820_055425,INANWP,NA,000000,20260728_180000,000000,20260728_180000,20260728_060000,20260728_060000,NA,RAINNC,"(*,*)",hourlyPrecipRateGC,"(*,*)",mm,mm,gt0.1,gt0.1,NA,0.05,CNT,10000.0,0.13,5.929,3.929,2.929,3.429,3.929,3.129,0.7214,15.434,3.929,0.5,3.143,0.65,0.9,0.1,1.0,0.5,0.2,0.1,0.05,0.04,0.03,grid_stat_20260728.stat,20260728_180000,,,,,,,,,,,,
STAT,V12.0.0,20260820_055425,INANWP,NA,000000,20260728_180000,000000,20260728_180000,20260728_060000,20260728_060000,NA,RAINNC,"(*,*)",hourlyPrecipRateGC,"(*,*)",mm,mm,gt0.1,gt0.1,NA,0.05,CTS,10000.0,,,,,,,,0.85,,,,,,,,,,,,,,,grid_stat_20260728.stat,20260728_180000,0.065,0.45,0.3852,0.15,0.2,0.4852,0.3,0.4,,,,
STAT,V12.0.0,20260820_055425,INANWP,NA,000000,20260728_180000,000000,20260728_180000,20260728_060000,20260728_060000,NA,RAINNC,"(*,*)",hourlyPrecipRateGC,"(*,*)",mm,mm,gt0.1,gt0.1,NA,0.05,CTC,10000.0,,,,,,,,,,,,,,,,,,,,,,,grid_stat_20260728.stat,20260728_180000,,,,,,,,,577.0,180.0,269.0,8938.0
STAT,V12.0.0,20260820_055425,INANWP,NA,000000,20260728_180000,000000,20260728_180000,20260728_060000,20260728_060000,NA,RAINNC,"(*,*)",hourlyPrecipRateGC,"(*,*)",mm,mm,gt1,gt1,NA,0.05,CNT,10000.0,0.13,5.929,3.929,2.929,3.429,3.929,3.129,0.7214,15.434,3.929,0.5,3.143,0.65,0.9,0.1,1.0,0.5,0.2,0.1,0.05,0.04,0.03,grid_stat_20260728.stat,20260728_180000,,,,,,,,,,,,
STAT,V12.0.0,20260820_055425,INANWP,NA,000000,20260728_180000,000000,20260728_180000,20260728_060000,20260728_060000,NA,RAINNC,"(*,*)",hourlyPrecipRateGC,"(*,*)",mm,mm,gt1,gt1,NA,0.05,CTS,10000.0,,,,,,,,0.85,,,,,,,,,,,,,,,grid_stat_20260728.stat,20260728_180000,0.065,0.45,0.3807,0.15,0.2,0.4807,0.3,0.4,,,,
STAT,V12.0.0,20260820_055425,INANWP,NA,000000,20260728_180000,000000,20260728_180000,20260728_060000,20260728_060000,NA,RAINNC,"(*,*)",hourlyPrecipRateGC,"(*,*)",mm,mm,gt1,gt1,NA,0.05,CTC,10000.0,,,,,,,,,,,,,,,,,,,,,,,grid_stat_20260728.stat,20260728_180000,,,,,,,,,576.0,180.0,269.0,8938.0
STAT,V12.0.0,20260820_055425,INANWP,NA,000000,20260728_180000,000000,20260728_180000,20260728_060000,20260728_060000,NA,RAINNC,"(*,*)",hourlyPrecipRateGC,"(*,*)",mm,mm,gt5,gt5,NA,0.05,CNT,10000.0,0.13,5.929,3.929,2.929,3.429,3.929,3.129,0.7214,15.434,3.929,0.5,3.143,0.65,0.9,0.1,1.0,0.5,0.2,0.1,0.05,0.04,0.03,grid_stat_20260728.stat,20260728_180000,,,,,,,,,,,,
STAT,V12.0.0,20260820_055425,INANWP,NA,000000,20260728_180000,000000,20260728_180000,20260728_060000,20260728_060000,NA,RAINNC,"(*,*)",hourlyPrecipRateGC,"(*,*)",mm,mm,gt5,gt5,NA,0.05,CTS,10000.0,,,,,,,,0.85,,,,,,,,,,,,,,,grid_stat_20260728.stat,20260728_180000,0.065,0.45,0.3607,0.15,0.2,0.4607,0.3,0.4,,,,
STAT,V12.0.0,20260820_055425,INANWP,NA,000000,20260728_180000,000000,20260728_180000,20260728_060000,20260728_060000,NA,RAINNC,"(*,*)",hourlyPrecipRateGC,"(*,*)",mm,mm,gt5,gt5,NA,0.05,CTC,10000.0,,,,,,,,,,,,,,,,,,,,,,,grid_stat_20260728.stat,20260728_180000,,,,,,,,,572.0,181.0,271.0,8936.0
STAT,V12.0.0,20260820_055425,INANWP,NA,000000,20260728_180000,000000,20260728_180000,20260728_060000,20260728_060000,NA,RAINNC,"(*,*)",hourlyPrecipRateGC,"(*,*)",mm,mm,gt10,gt10,NA,0.05,CNT,10000.0,0.13,5.929,3.929,2.929,3.429,3.929,3.129,0.7214,15.434,3.929,0.5,3.143,0.65,0.9,0.1,1.0,0.5,0.2,0.1,0.05,0.04,0.03,grid_stat_20260728.stat,20260728_180000,,,,,,,,,,,,
STAT,V12.0.0,20260820_055425,INANWP,NA,000000,20260728_180000,000000,20260728_180000,20260728_060000,20260728_060000,NA,RAINNC,"(*,*)",hourlyPrecipRateGC,"(*,*)",mm,mm,gt10,gt10,NA,0.05,CTS,10000.0,,,,,,,,0.85,,,,,,,,,,,,,,,grid_stat_20260728.stat,20260728_180000,0.065,0.45,0.3357,0.15,0.2,0.4357,0.3,0.4,,,,
STAT,V12.0.0,20260820_055425,INANWP,NA,000000,20260728_180000,000000,20260728_180000,20260728_060000,20260728_060000,NA,RAINNC,"(*,*)",hourlyPrecipRateGC,"(*,*)",mm,mm,gt10,gt10,NA,0.05,CTC,10000.0,,,,,,,,,,,,,,,,,,,,,,,grid_stat_20260728.stat,20260728_180000,,,,,,,,,567.0,183.0,273.0,8933.0
STAT,V12.0.0,20260820_055425,INANWP,NA,000000,20260728_180000,000000,20260728_180000,20260728_060000,20260728_060000,NA,RAINNC,"(*,*)",hourlyPrecipRateGC,"(*,*)",mm,mm,gt20,gt20,NA,0.05,CNT,10000.0,0.13,5.929,3.929,2.929,3.429,3.929,3.129,0.7214,15.434,3.929,0.5,3.143,0.65,0.9,0.1,1.0,0.5,0.2,0.1,0.05,0.04,0.03,grid_stat_20260728.stat,20260728_180000,,,,,,,,,,,,
STAT,V12.0.0,20260820_055425,INANWP,NA,000000,20260728_180000,000000,20260728_180000,20260728_060000,20260728_060000,NA,RAINNC,"(*,*)",hourlyPrecipRateGC,"(*,*)",mm,mm,gt20,gt20,NA,0.05,CTS,10000.0,,,,,,,,0.85,,,,,,,,,,,,,,,grid_stat_20260728.stat,20260728_180000,0.065,0.45,0.2857,0.15,0.2,0.3857,0.3,0.4,,,,
STAT,V12.0.0,20260820_055425,INANWP,NA,000000,20260728_180000,000000,20260728_180000,20260728_060000,20260728_060000,NA,RAINNC,"(*,*)",hourlyPrecipRateGC,"(*,*)",mm,mm,gt20,gt20,NA,0.05,CTC,10000.0,,,,,,,,,,,,,,,,,,,,,,,grid_stat_20260728.stat,20260728_180000,,,,,,,,,557.0,185.0,277.0,8928.0
STAT,V12.0.0,20260820_055425,INANWP,NA,000000,20260728_180000,000000,20260728_180000,20260728_060000,20260728_060000,NA,RAINNC,"(*,*)",hourlyPrecipRateGC,"(*,*)",mm,mm,gt50,gt50,NA,0.05,CNT,10000.0,0.13,5.929,3.929,2.929,3.429,3.929,3.129,0.7214,15.434,3.929,0.5,3.143,0.65,0.9,0.1,1.0,0.5,0.2,0.1,0.05,0.04,0.03,grid_stat_20260728.stat,20260728_180000,,,,,,,,,,,,
STAT,V12.0.0,20260820_055425,INANWP,NA,000000,20260728_180000,000000,20260728_180000,20260728_060000,20260728_060000,NA,RAINNC,"(*,*)",hourlyPrecipRateGC,"(*,*)",mm,mm,gt50,gt50,NA,0.05,CTS,10000.0,,,,,,,,0.85,,,,,,,,,,,,,,,grid_stat_20260728.stat,20260728_180000,0.065,0.45,0.1357,0.15,0.2,0.2357,0.3,0.4,,,,
STAT,V12.0.0,20260820_055425,INANWP,NA,000000,20260728_180000,000000,20260728_180000,20260728_060000,20260728_060000,NA,RAINNC,"(*,*)",hourlyPrecipRateGC,"(*,*)",mm,mm,gt50,gt50,NA,0.05,CTC,10000.0,,,,,,,,,,,,,,,,,,,,,,,grid_stat_20260728.stat,20260728_180000,,,,,,,,,527.0,193.0,289.0,8913.0
STAT,V12.0.0,20260820_055425,INANWP,NA,000000,20260728_190000,000000,20260728_190000,20260728_070000,20260728_070000,NA,RAINNC,"(*,*)",hourlyPrecipRateGC,"(*,*)",mm,mm,gt0.1,gt0.1,NA,0.05,CNT,10000.0,0.135,6.036,4.036,3.036,3.536,4.036,3.236,0.7143,16.287,4.036,0.5,3.229,0.675,0.9,0.1,1.0,0.5,0.2,0.1,0.05,0.04,0.03,grid_stat_20260728.stat,20260728_190000,,,,,,,,,,,,
STAT,V12.0.0,20260820_055425,INANWP,NA,000000,20260728_190000,000000,20260728_190000,20260728_070000,20260728_070000,NA,RAINNC,"(*,*)",hourlyPrecipRateGC,"(*,*)",mm,mm,gt0.1,gt0.1,NA,0.05,CTS,10000.0,,,,,,,,0.85,,,,,,,,,,,,,,,grid_stat_20260728.stat,20260728_190000,0.068,0.45,0.3816,0.15,0.2,0.4816,0.3,0.4,,,,
STAT,V12.0.0,20260820_055425,INANWP,NA,000000,20260728_190000,000000,20260728_190000,20260728_070000,20260728_070000,NA,RAINNC,"(*,*)",hourlyPrecipRateGC,"(*,*)",mm,mm,gt0.1,gt0.1,NA,0.05,CTC,10000.0,,,,,,,,,,,,,,,,,,,,,,,grid_stat_20260728.stat,20260728_190000,,,,,,,,,576.0,180.0,269.0,8938.0
STAT,V12.0.0,20260820_055425,INANWP,NA,000000,20260728_190000,000000,20260728_190000,20260728_070000,20260728_070000,NA,RAINNC,"(*,*)",hourlyPrecipRateGC,"(*,*)",mm,mm,gt1,gt1,NA,0.05,CNT,10000.0,0.135,6.036,4.036,3.036,3.536,4.036,3.236,0.7143,16.287,4.036,0.5,3.229,0.675,0.9,0.1,1.0,0.5,0.2,0.1,0.05,0.04,0.03,grid_stat_20260728.stat,20260728_190000,,,,,,,,,,,,
STAT,V12.0.0,20260820_055425,INANWP,NA,000000,20260728_190000,000000,20260728_190000,20260728_070000,20260728_070000,NA,RAINNC,"(*,*)",hourlyPrecipRateGC,"(*,*)",mm,mm,gt1,gt1,NA,0.05,CTS,10000.0,,,,,,,,0.85,,,,,,,,,,,,,,,grid_stat_20260728.stat,20260728_190000,0.068,0.45,0.3771,0.15,0.2,0.4771,0.3,0.4,,,,
STAT,V12.0.0,20260820_055425,INANWP,NA,000000,20260728_190000,000000,20260728_190000,20260728_070000,20260728_070000,NA,RAINNC,"(*,*)",hourlyPrecipRateGC,"(*,*)",mm,mm,gt1,gt1,NA,0.05,CTC,10000.0,,,,,,,,,,,,,,,,,,,,,,,grid_stat_20260728.stat,20260728_190000,,,,,,,,,575.0,181.0,269.0,8937.0
STAT,V12.0.0,20260820_055425,INANWP,NA,000000,20260728_190000,000000,20260728_190000,20260728_070000,20260728_070000,NA,RAINNC,"(*,*)",hourlyPrecipRateGC,"(*,*)",mm,mm,gt5,gt5,NA,0.05,CNT,10000.0,0.135,6.036,4.036,3.036,3.536,4.036,3.236,0.7143,16.287,4.036,0.5,3.229,0.675,0.9,0.1,1.0,0.5,0.2,0.1,0.05,0.04,0.03,grid_stat_20260728.stat,20260728_190000,,,,,,,,,,,,
STAT,V12.0.0,20260820_055425,INANWP,NA,000000,20260728_190000,000000,20260728_190000,20260728_070000,20260728_070000,NA,RAINNC,"(*,*)",hourlyPrecipRateGC,"(*,*)",mm,mm,gt5,gt5,NA,0.05,CTS,10000.0,,,,,,,,0.85,,,,,,,,,,,,,,,grid_stat_20260728.stat,20260728_190000,0.068,0.45,0.3571,0.15,0.2,0.4571,0.3,0.4,,,,
STAT,V12.0.0,20260820_055425,INANWP,NA,000000,20260728_190000,000000,20260728_190000,20260728_070000,20260728_070000,NA,RAINNC,"(*,*)",hourlyPrecipRateGC,"(*,*)",mm,mm,gt5,gt5,NA,0.05,CTC,10000.0,,,,,,,,,,,,,,,,,,,,,,,grid_stat_20260728.stat,20260728_190000,,,,,,,,,571.0,182.0,271.0,8935.0
STAT,V12.0.0,20260820_055425,INANWP,NA,000000,20260728_190000,000000,20260728_190000,20260728_070000,20260728_070000,NA,RAINNC,"(*,*)",hourlyPrecipRateGC,"(*,*)",mm,mm,gt10,gt10,NA,0.05,CNT,10000.0,0.135,6.036,4.036,3.036,3.536,4.036,3.236,0.7143,16.287,4.036,0.5,3.229,0.675,0.9,0.1,1.0,0.5,0.2,0.1,0.05,0.04,0.03,grid_stat_20260728.stat,20260728_190000,,,,,,,,,,,,
STAT,V12.0.0,20260820_055425,INANWP,NA,000000,20260728_190000,000000,20260728_190000,20260728_070000,20260728_070000,NA,RAINNC,"(*,*)",hourlyPrecipRateGC,"(*,*)",mm,mm,gt10,gt10,NA,0.05,CTS,10000.0,,,,,,,,0.85,,,,,,,,,,,,,,,grid_stat_20260728.stat,20260728_190000,0.068,0.45,0.3321,0.15,0.2,0.4321,0.3,0.4,,,,
STAT,V12.0.0,20260820_055425,INANWP,NA,000000,20260728_190000,000000,20260728_190000,20260728_070000,20260728_070000,NA,RAINNC,"(*,*)",hourlyPrecipRateGC,"(*,*)",mm,mm,gt10,gt10,NA,0.05,CTC,10000.0,,,,,,,,,,,,,,,,,,,,,,,grid_stat_20260728.stat,20260728_190000,,,,,,,,,566.0,183.0,273.0,8933.0
STAT,V12.0.0,20260820_055425,INANWP,NA,000000,20260728_190000,000000,20260728_190000,20260728_070000,20260728_070000,NA,RAINNC,"(*,*)",hourlyPrecipRateGC,"(*,*)",mm,mm,gt20,gt20,NA,0.05,CNT,10000.0,0.135,6.036,4.036,3.036,3.536,4.036,3.236,0.7143,16.287,4.036,0.5,3.229,0.675,0.9,0.1,1.0,0.5,0.2,0.1,0.05,0.04,0.03,grid_stat_20260728.stat,20260728_190000,,,,,,,,,,,,
STAT,V12.0.0,20260820_055425,INANWP,NA,000000,20260728_190000,000000,20260728_190000,20260728_070000,20260728_070000,NA,RAINNC,"(*,*)",hourlyPrecipRateGC,"(*,*)",mm,mm,gt20,gt20,NA,0.05,CTS,10000.0,,,,,,,,0.85,,,,,,,,,,,,,,,grid_stat_20260728.stat,20260728_190000,0.068,0.45,0.2821,0.15,0.2,0.3821,0.3,0.4,,,,
STAT,V12.0.0,20260820_055425,INANWP,NA,000000,20260728_190000,000000,20260728_190000,20260728_070000,20260728_070000,NA,RAINNC,"(*,*)",hourlyPrecipRateGC,"(*,*)",mm,mm,gt20,gt20,NA,0.05,CTC,10000.0,,,,,,,,,,,,,,,,,,,,,,,grid_stat_20260728.stat,20260728_190000,,,,,,,,,556.0,185.0,277.0,8928.0
STAT,V12.0.0,20260820_055425,INANWP,NA,000000,20260728_190000,000000,20260728_190000,20260728_070000,20260728_070000,NA,RAINNC,"(*,*)",hourlyPrecipRateGC,"(*,*)",mm,mm,gt50,gt50,NA,0.05,CNT,10000.0,0.135,6.036,4.036,3.036,3.536,4.036,3.236,0.7143,16.287,4.036,0.5,3.229,0.675,0.9,0.1,1.0,0.5,0.2,0.1,0.05,0.04,0.03,grid_stat_20260728.stat,20260728_190000,,,,,,,,,,,,
STAT,V12.0.0,20260820_055425,INANWP,NA,000000,20260728_190000,000000,20260728_190000,20260728_070000,20260728_070000,NA,RAINNC,"(*,*)",hourlyPrecipRateGC,"(*,*)",mm,mm,gt50,gt50,NA,0.05,CTS,10000.0,,,,,,,,0.85,,,,,,,,,,,,,,,grid_stat_20260728.stat,20260728_190000,0.068,0.45,0.1321,0.15,0.2,0.2321,0.3,0.4,,,,
STAT,V12.0.0,20260820_055425,INANWP,NA,000000,20260728_190000,000000,20260728_190000,20260728_070000,20260728_070000,NA,RAINNC,"(*,*)",hourlyPrecipRateGC,"(*,*)",mm,mm,gt50,gt50,NA,0.05,CTC,10000.0,,,,,,,,,,,,,,,,,,,,,,,grid_stat_20260728.stat,20260728_190000,,,,,,,,,526.0,193.0,289.0,8913.0
STAT,V12.0.0,20260820_055425,INANWP,NA,000000,20260728_200000,000000,20260728_200000,20260728_080000,20260728_080000,NA,RAINNC,"(*,*)",hourlyPrecipRateGC,"(*,*)",mm,mm,gt0.1,gt0.1,NA,0.05,CNT,10000.0,0.14,6.143,4.143,3.143,3.643,4.143,3.343,0.7071,17.163,4.143,0.5,3.314,0.7,0.9,0.1,1.0,0.5,0.2,0.1,0.05,0.04,0.03,grid_stat_20260728.stat,20260728_200000,,,,,,,,,,,,
STAT,V12.0.0,20260820_055425,INANWP,NA,000000,20260728_200000,000000,20260728_200000,20260728_080000,20260728_080000,NA,RAINNC,"(*,*)",hourlyPrecipRateGC,"(*,*)",mm,mm,gt0.1,gt0.1,NA,0.05,CTS,10000.0,,,,,,,,0.85,,,,,,,,,,,,,,,grid_stat_20260728.stat,20260728_200000,0.07,0.45,0.3781,0.15,0.2,0.4781,0.3,0.4,,,,
STAT,V12.0.0,20260820_055425,INANWP,NA,000000,20260728_200000,000000,20260728_200000,20260728_080000,20260728_080000,NA,RAINNC,"(*,*)",hourlyPrecipRateGC,"(*,*)",mm,mm,gt0.1,gt0.1,NA,0.05,CTC,10000.0,,,,,,,,,,,,,,,,,,,,,,,grid_stat_20260728.stat,20260728_200000,,,,,,,,,575.0,181.0,269.0,8937.0
STAT,V12.0.0,20260820_055425,INANWP,NA,000000,20260728_200000,000000,20260728_200000,20260728_080000,20260728_080000,NA,RAINNC,"(*,*)",hourlyPrecipRateGC,"(*,*)",mm,mm,gt1,gt1,NA,0.05,CNT,10000.0,0.14,6.143,4.143,3.143,3.643,4.143,3.343,0.7071,17.163,4.143,0.5,3.314,0.7,0.9,0.1,1.0,0.5,0.2,0.1,0.05,0.04,0.03,grid_stat_20260728.stat,20260728_200000,,,,,,,,,,,,
STAT,V12.0.0,20260820_055425,INANWP,NA,000000,20260728_200000,000000,20260728_200000,20260728_080000,20260728_080000,NA,RAINNC,"(*,*)",hourlyPrecipRateGC,"(*,*)",mm,mm,gt1,gt1,NA,0.05,CTS,10000.0,,,,,,,,0.85,,,,,,,,,,,,,,,grid_stat_20260728.stat,20260728_200000,0.07,0.45,0.3736,0.15,0.2,0.4736,0.3,0.4,,,,
STAT,V12.0.0,20260820_055425,INANWP,NA,000000,20260728_200000,000000,20260728_200000,20260728_080000,20260728_080000,NA,RAINNC,"(*,*)",hourlyPrecipRateGC,"(*,*)",mm,mm,gt1,gt1,NA,0.05,CTC,10000.0,,,,,,,,,,,,,,,,,,,,,,,grid_stat_20260728.stat,20260728_200000,,,,,,,,,574.0,181.0,270.0,8937.0
STAT,V12.0.0,20260820_055425,INANWP,NA,000000,20260728_200000,000000,20260728_200000,20260728_080000,20260728_080000,NA,RAINNC,"(*,*)",hourlyPrecipRateGC,"(*,*)",mm,mm,gt5,gt5,NA,0.05,CNT,10000.0,0.14,6.143,4.143,3.143,3.643,4.143,3.343,0.7071,17.163,4.143,0.5,3.314,0.7,0.9,0.1,1.0,0.5,0.2,0.1,0.05,0.04,0.03,grid_stat_20260728.stat,20260728_200000,,,,,,,,,,,,
STAT,V12.0.0,20260820_055425,INANWP,NA,000000,20260728_200000,000000,20260728_200000,20260728_080000,20260728_080000,NA,RAINNC,"(*,*)",hourlyPrecipRateGC,"(*,*)",mm,mm,gt5,gt5,NA,0.05,CTS,10000.0,,,,,,,,0.85,,,,,,,,,,,,,,,grid_stat_20260728.stat,20260728_200000,0.07,0.45,0.3536,0.15,0.2,0.4536,0.3,0.4,,,,
STAT,V12.0.0,20260820_055425,INANWP,NA,000000,20260728_200000,000000,20260728_200000,20260728_080000,20260728_080000,NA,RAINNC,"(*,*)",hourlyPrecipRateGC,"(*,*)",mm,mm,gt5,gt5,NA,0.05,CTC,10000.0,,,,,,,,,,,,,,,,,,,,,,,grid_stat_20260728.stat,20260728_200000,,,,,,,,,570.0,182.0,271.0,8935.0
STAT,V12.0.0,20260820_055425,INANWP,NA,000000,20260728_200000,000000,20260728_200000,20260728_080000,20260728_080000,NA,RAINNC,"(*,*)",hourlyPrecipRateGC,"(*,*)",mm,mm,gt10,gt10,NA,0.05,CNT,10000.0,0.14,6.143,4.143,3.143,3.643,4.143,3.343,0.7071,17.163,4.143,0.5,3.314,0.7,0.9,0.1,1.0,0.5,0.2,0.1,0.05,0.04,0.03,grid_stat_20260728.stat,20260728_200000,,,,,,,,,,,,
STAT,V12.0.0,20260820_055425,INANWP,NA,000000,20260728_200000,000000,20260728_200000,20260728_080000,20260728_080000,NA,RAINNC,"(*,*)",hourlyPrecipRateGC,"(*,*)",mm,mm,gt10,gt10,NA,0.05,CTS,10000.0,,,,,,,,0.85,,,,,,,,,,,,,,,grid_stat_20260728.stat,20260728_200000,0.07,0.45,0.3286,0.15,0.2,0.4286,0.3,0.4,,,,
STAT,V12.0.0,20260820_055425,INANWP,NA,000000,20260728_200000,000000,20260728_200000,20260728_080000,20260728_080000,NA,RAINNC,"(*,*)",hourlyPrecipRateGC,"(*,*)",mm,mm,gt10,gt10,NA,0.05,CTC,10000.0,,,,,,,,,,,,,,,,,,,,,,,grid_stat_20260728.stat,20260728_200000,,,,,,,,,565.0,183.0,273.0,8932.0
STAT,V12.0.0,20260820_055425,INANWP,NA,000000,20260728_200000,000000,20260728_200000,20260728_080000,20260728_080000,NA,RAINNC,"(*,*)",hourlyPrecipRateGC,"(*,*)",mm,mm,gt20,gt20,NA,0.05,CNT,10000.0,0.14,6.143,4.143,3.143,3.643,4.143,3.343,0.7071,17.163,4.143,0.5,3.314,0.7,0.9,0.1,1.0,0.5,0.2,0.1,0.05,0.04,0.03,grid_stat_20260728.stat,20260728_200000,,,,,,,,,,,,
STAT,V12.0.0,20260820_055425,INANWP,NA,000000,20260728_200000,000000,20260728_200000,20260728_080000,20260728_080000,NA,RAINNC,"(*,*)",hourlyPrecipRateGC,"(*,*)",mm,mm,gt20,gt20,NA,0.05,CTS,10000.0,,,,,,,,0.85,,,,,,,,,,,,,,,grid_stat_20260728.stat,20260728_200000,0.07,0.45,0.2786,0.15,0.2,0.3786,0.3,0.4,,,,
STAT,V12.0.0,20260820_055425,INANWP,NA,000000,20260728_200000,000000,20260728_200000,20260728_080000,20260728_080000,NA,RAINNC,"(*,*)",hourlyPrecipRateGC,"(*,*)",mm,mm,gt20,gt20,NA,0.05,CTC,10000.0,,,,,,,,,,,,,,,,,,,,,,,grid_stat_20260728.stat,20260728_200000,,,,,,,,,555.0,186.0,277.0,8927.0
STAT,V12.0.0,20260820_055425,INANWP,NA,000000,20260728_200000,000000,20260728_200000,20260728_080000,20260728_080000,NA,RAINNC,"(*,*)",hourlyPrecipRateGC,"(*,*)",mm,mm,gt50,gt50,NA,0.05,CNT,10000.0,0.14,6.143,4.143,3.143,3.643,4.143,3.343,0.7071,17.163,4.143,0.5,3.314,0.7,0.9,0.1,1.0,0.5,0.2,0.1,0.05,0.04,0.03,grid_stat_20260728.stat,20260728_200000,,,,,,,,,,,,
STAT,V12.0.0,20260820_055425,INANWP,NA,000000,20260728_200000,000000,20260728_200000,20260728_080000,20260728_080000,NA,RAINNC,"(*,*)",hourlyPrecipRateGC,"(*,*)",mm,mm,gt50,gt50,NA,0.05,CTS,10000.0,,,,,,,,0.85,,,,,,,,,,,,,,,grid_stat_20260728.stat,20260728_200000,0.07,0.45,0.1286,0.15,0.2,0.2286,0.3,0.4,,,,
STAT,V12.0.0,20260820_055425,INANWP,NA,000000,20260728_200000,000000,20260728_200000,20260728_080000,20260728_080000,NA,RAINNC,"(*,*)",hourlyPrecipRateGC,"(*,*)",mm,mm,gt50,gt50,NA,0.05,CTC,10000.0,,,,,,,,,,,,,,,,,,,,,,,grid_stat_20260728.stat,20260728_200000,,,,,,,,,525.0,193.0,289.0,8912.0
STAT,V12.0.0,20260820_055425,INANWP,NA,000000,20260728_210000,000000,20260728_210000,20260728_090000,20260728_090000,NA,RAINNC,"(*,*)",hourlyPrecipRateGC,"(*,*)",mm,mm,gt0.1,gt0.1,NA,0.05,CNT,10000.0,0.145,6.25,4.25,3.25,3.75,4.25,3.45,0.7,18.062,4.25,0.5,3.4,0.725,0.9,0.1,1.0,0.5,0.2,0.1,0.05,0.04,0.03,grid_stat_20260728.stat,20260728_210000,,,,,,,,,,,,
STAT,V12.0.0,20260820_055425,INANWP,NA,000000,20260728_210000,000000,20260728_210000,20260728_090000,20260728_090000,NA,RAINNC,"(*,*)",hourlyPrecipRateGC,"(*,*)",mm,mm,gt0.1,gt0.1,NA,0.05,CTS,10000.0,,,,,,,,0.85,,,,,,,,,,,,,,,grid_stat_20260728.stat,20260728_210000,0.072,0.45,0.3745,0.15,0.2,0.4745,0.3,0.4,,,,
STAT,V12.0.0,20260820_055425,INANWP,NA,000000,20260728_210000,000000,20260728_210000,20260728_090000,20260728_090000,NA,RAINNC,"(*,*)",hourlyPrecipRateGC,"(*,*)",mm,mm,gt0.1,gt0.1,NA,0.05,CTC,10000.0,,,,,,,,,,,,,,,,,,,,,,,grid_stat_20260728.stat,20260728_210000,,,,,,,,,574.0,181.0,270.0,8937.0
STAT,V12.0.0,20260820_055425,INANWP,NA,000000,20260728_210000,000000,20260728_210000,20260728_090000,20260728_090000,NA,RAINNC,"(*,*)",hourlyPrecipRateGC,"(*,*)",mm,mm,gt1,gt1,NA,0.05,CNT,10000.0,0.145,6.25,4.25,3.25,3.75,4.25,3.45,0.7,18.062,4.25,0.5,3.4,0.725,0.9,0.1,1.0,0.5,0.2,0.1,0.05,0.04,0.03,grid_stat_20260728.stat,20260728_210000,,,,,,,,,,,,
STAT,V12.0.0,20260820_055425,INANWP,NA,000000,20260728_210000,000000,20260728_210000,20260728_090000,20260728_090000,NA,RAINNC,"(*,*)",hourlyPrecipRateGC,"(*,*)",mm,mm,gt1,gt1,NA,0.05,CTS,10000.0,,,,,,,,0.85,,,,,,,,,,,,,,,grid_stat_20260728.stat,20260728_210000,0.072,0.45,0.37,0.15,0.2,0.47,0.3,0.4,,,,
STAT,V12.0.0,20260820_055425,INANWP,NA,000000,20260728_210000,000000,20260728_210000,20260728_090000,20260728_090000,NA,RAINNC,"(*,*)",hourlyPrecipRateGC,"(*,*)",mm,mm,gt1,gt1,NA,0.05,CTC,10000.0,,,,,,,,,,,,,,,,,,,,,,,grid_stat_20260728.stat,20260728_210000,,,,,,,,,574.0,181.0,270.0,8937.0
STAT,V12.0.0,20260820_055425,INANWP,NA,000000,20260728_210000,000000,20260728_210000,20260728_090000,20260728_090000,NA,RAINNC,"(*,*)",hourlyPrecipRateGC,"(*,*)",mm,mm,gt5,gt5,NA,0.05,CNT,10000.0,0.145,6.25,4.25,3.25,3.75,4.25,3.45,0.7,18.062,4.25,0.5,3.4,0.725,0.9,0.1,1.0,0.5,0.2,0.1,0.05,0.04,0.03,grid_stat_20260728.stat,20260728_210000,,,,,,,,,,,,
STAT,V12.0.0,20260820_055425,INANWP,NA,000000,20260728_210000,000000,20260728_210000,20260728_090000,20260728_090000,NA,RAINNC,"(*,*)",hourlyPrecipRateGC,"(*,*)",mm,mm,gt5,gt5,NA,0.05,CTS,10000.0,,,,,,,,0.85,,,,,,,,,,,,,,,grid_stat_20260728.stat,20260728_210000,0.072,0.45,0.35,0.15,0.2,0.45,0.3,0.4,,,,
STAT,V12.0.0,20260820_055425,INANWP,NA,000000,20260728_210000,000000,20260728_210000,20260728_090000,20260728_090000,NA,RAINNC,"(*,*)",hourlyPrecipRateGC,"(*,*)",mm,mm,gt5,gt5,NA,0.05,CTC,10000.0,,,,,,,,,,,,,,,,,,,,,,,grid_stat_20260728.stat,20260728_210000,,,,,,,,,570.0,182.0,272.0,8935.0
STAT,V12.0.0,20260820_055425,INANWP,NA,000000,20260728_210000,000000,20260728_210000,20260728_090000,20260728_090000,NA,RAINNC,"(*,*)",hourlyPrecipRateGC,"(*,*)",mm,mm,gt10,gt10,NA,0.05,CNT,10000.0,0.145,6.25,4.25,3.25,3.75,4.25,3.45,0.7,18.062,4.25,0.5,3.4,0.725,0.9,0.1,1.0,0.5,0.2,0.1,0.05,0.04,0.03,grid_stat_20260728.stat,20260728_210000,,,,,,,,,,,,
STAT,V12.0.0,20260820_055425,INANWP,NA,000000,20260728_210000,000000,20260728_210000,20260728_090000,20260728_090000,NA,RAINNC,"(*,*)",hourlyPrecipRateGC,"(*,*)",mm,mm,gt10,gt10,NA,0.05,CTS,10000.0,,,,,,,,0.85,,,,,,,,,,,,,,,grid_stat_20260728.stat,20260728_210000,0.072,0.45,0.325,0.15,0.2,0.425,0.3,0.4,,,,
STAT,V12.0.0,20260820_055425,INANWP,NA,000000,20260728_210000,000000,20260728_210000,20260728_090000,20260728_090000,NA,RAINNC,"(*,*)",hourlyPrecipRateGC,"(*,*)",mm,mm,gt10,gt10,NA,0.05,CTC,10000.0,,,,,,,,,,,,,,,,,,,,,,,grid_stat_20260728.stat,20260728_210000,,,,,,,,,565.0,183.0,274.0,8932.0
STAT,V12.0.0,20260820_055425,INANWP,NA,000000,20260728_210000,000000,20260728_210000,20260728_090000,20260728_090000,NA,RAINNC,"(*,*)",hourlyPrecipRateGC,"(*,*)",mm,mm,gt20,gt20,NA,0.05,CNT,10000.0,0.145,6.25,4.25,3.25,3.75,4.25,3.45,0.7,18.062,4.25,0.5,3.4,0.725,0.9,0.1,1.0,0.5,0.2,0.1,0.05,0.04,0.03,grid_stat_20260728.stat,20260728_210000,,,,,,,,,,,,
STAT,V12.0.0,20260820_055425,INANWP,NA,000000,20260728_210000,000000,20260728_210000,20260728_090000,20260728_090000,NA,RAINNC,"(*,*)",hourlyPrecipRateGC,"(*,*)",mm,mm,gt20,gt20,NA,0.05,CTS,10000.0,,,,,,,,0.85,,,,,,,,,,,,,,,grid_stat_20260728.stat,20260728_210000,0.072,0.45,0.275,0.15,0.2,0.375,0.3,0.4,,,,
STAT,V12.0.0,20260820_055425,INANWP,NA,000000,20260728_210000,000000,20260728_210000,20260728_090000,20260728_090000,NA,RAINNC,"(*,*)",hourlyPrecipRateGC,"(*,*)",mm,mm,gt20,gt20,NA,0.05,CTC,10000.0,,,,,,,,,,,,,,,,,,,,,,,grid_stat_20260728.stat,20260728_210000,,,,,,,,,555.0,186.0,278.0,8927.0
STAT,V12.0.0,20260820_055425,INANWP,NA,000000,20260728_210000,000000,20260728_210000,20260728_090000,20260728_090000,NA,RAINNC,"(*,*)",hourlyPrecipRateGC,"(*,*)",mm,mm,gt50,gt50,NA,0.05,CNT,10000.0,0.145,6.25,4.25,3.25,3.75,4.25,3.45,0.7,18.062,4.25,0.5,3.4,0.725,0.9,0.1,1.0,0.5,0.2,0.1,0.05,0.04,0.03,grid_stat_20260728.stat,20260728_210000,,,,,,,,,,,,
STAT,V12.0.0,20260820_055425,INANWP,NA,000000,20260728_210000,000000,20260728_210000,20260728_090000,20260728_090000,NA,RAINNC,"(*,*)",hourlyPrecipRateGC,"(*,*)",mm,mm,gt50,gt50,NA,0.05,CTS,10000.0,,,,,,,,0.85,,,,,,,,,,,,,,,grid_stat_20260728.stat,20260728_210000,0.072,0.45,0.125,0.15,0.2,0.225,0.3,0.4,,,,
STAT,V12.0.0,20260820_055425,INANWP,NA,000000,20260728_210000,000000,20260728_210000,20260728_090000,20260728_090000,NA,RAINNC,"(*,*)",hourlyPrecipRateGC,"(*,*)",mm,mm,gt50,gt50,NA,0.05,CTC,10000.0,,,,,,,,,,,,,,,,,,,,,,,grid_stat_20260728.stat,20260728_210000,,,,,,,,,525.0,193.0,290.0,8912.0
STAT,V12.0.0,20260820_055425,INANWP,NA,000000,20260728_220000,000000,20260728_220000,20260728_100000,20260728_100000,NA,RAINNC,"(*,*)",hourlyPrecipRateGC,"(*,*)",mm,mm,gt0.1,gt0.1,NA,0.05,CNT,10000.0,0.15,6.357,4.357,3.357,3.857,4.357,3.557,0.6929,18.985,4.357,0.5,3.486,0.75,0.9,0.1,1.0,0.5,0.2,0.1,0.05,0.04,0.03,grid_stat_20260728.stat,20260728_220000,,,,,,,,,,,,
STAT,V12.0.0,20260820_055425,INANWP,NA,000000,20260728_220000,000000,20260728_220000,20260728_100000,20260728_100000,NA,RAINNC,"(*,*)",hourlyPrecipRateGC,"(*,*)",mm,mm,gt0.1,gt0.1,NA,0.05,CTS,10000.0,,,,,,,,0.85,,,,,,,,,,,,,,,grid_stat_20260728.stat,20260728_220000,0.075,0.45,0.3709,0.15,0.2,0.4709,0.3,0.4,,,,
STAT,V12.0.0,20260820_055425,INANWP,NA,000000,20260728_220000,000000,20260728_220000,20260728_100000,20260728_100000,NA,RAINNC,"(*,*)",hourlyPrecipRateGC,"(*,*)",mm,mm,gt0.1,gt0.1,NA,0.05,CTC,10000.0,,,,,,,,,,,,,,,,,,,,,,,grid_stat_20260728.stat,20260728_220000,,,,,,,,,574.0,181.0,270.0,8937.0
STAT,V12.0.0,20260820_055425,INANWP,NA,000000,20260728_220000,000000,20260728_220000,20260728_100000,20260728_100000,NA,RAINNC,"(*,*)",hourlyPrecipRateGC,"(*,*)",mm,mm,gt1,gt1,NA,0.05,CNT,10000.0,0.15,6.357,4.357,3.357,3.857,4.357,3.557,0.6929,18.985,4.357,0.5,3.486,0.75,0.9,0.1,1.0,0.5,0.2,0.1,0.05,0.04,0.03,grid_stat_20260728.stat,20260728_220000,,,,,,,,,,,,
STAT,V12.0.0,20260820_055425,INANWP,NA,000000,20260728_220000,000000,20260728_220000,20260728_100000,20260728_100000,NA,RAINNC,"(*,*)",hourlyPrecipRateGC,"(*,*)",mm,mm,gt1,gt1,NA,0.05,CTS,10000.0,,,,,,,,0.85,,,,,,,,,,,,,,,grid_stat_20260728.stat,20260728_220000,0.075,0.45,0.3664,0.15,0.2,0.4664,0.3,0.4,,,,
STAT,V12.0.0,20260820_055425,INANWP,NA,000000,20260728_220000,000000,20260728_220000,20260728_100000,20260728_100000,NA,RAINNC,"(*,*)",hourlyPrecipRateGC,"(*,*)",mm,mm,gt1,gt1,NA,0.05,CTC,10000.0,,,,,,,,,,,,,,,,,,,,,,,grid_stat_20260728.stat,20260728_220000,,,,,,,,,573.0,181.0,270.0,8936.0
STAT,V12.0.0,20260820_055425,INANWP,NA,000000,20260728_220000,000000,20260728_220000,20260728_100000,20260728_100000,NA,RAINNC,"(*,*)",hourlyPrecipRateGC,"(*,*)",mm,mm,gt5,gt5,NA,0.05,CNT,10000.0,0.15,6.357,4.357,3.357,3.857,4.357,3.557,0.6929,18.985,4.357,0.5,3.486,0.75,0.9,0.1,1.0,0.5,0.2,0.1,0.05,0.04,0.03,grid_stat_20260728.stat,20260728_220000,,,,,,,,,,,,
STAT,V12.0.0,20260820_055425,INANWP,NA,000000,20260728_220000,000000,20260728_220000,20260728_100000,20260728_100000,NA,RAINNC,"(*,*)",hourlyPrecipRateGC,"(*,*)",mm,mm,gt5,gt5,NA,0.05,CTS,10000.0,,,,,,,,0.85,,,,,,,,,,,,,,,grid_stat_20260728.stat,20260728_220000,0.075,0.45,0.3464,0.15,0.2,0.4464,0.3,0.4,,,,
STAT,V12.0.0,20260820_055425,INANWP,NA,000000,20260728_220000,000000,20260728_220000,20260728_100000,20260728_100000,NA,RAINNC,"(*,*)",hourlyPrecipRateGC,"(*,*)",mm,mm,gt5,gt5,NA,0.05,CTC,10000.0,,,,,,,,,,,,,,,,,,,,,,,grid_stat_20260728.stat,20260728_220000,,,,,,,,,569.0,182.0,272.0,8934.0
STAT,V12.0.0,20260820_055425,INANWP,NA,000000,20260728_220000,000000,20260728_220000,20260728_100000,20260728_100000,NA,RAINNC,"(*,*)",hourlyPrecipRateGC,"(*,*)",mm,mm,gt10,gt10,NA,0.05,CNT,10000.0,0.15,6.357,4.357,3.357,3.857,4.357,3.557,0.6929,18.985,4.357,0.5,3.486,0.75,0.9,0.1,1.0,0.5,0.2,0.1,0.05,0.04,0.03,grid_stat_20260728.stat,20260728_220000,,,,,,,,,,,,
STAT,V12.0.0,20260820_055425,INANWP,NA,000000,20260728_220000,000000,20260728_220000,20260728_100000,20260728_100000,NA,RAINNC,"(*,*)",hourlyPrecipRateGC,"(*,*)",mm,mm,gt10,gt10,NA,0.05,CTS,10000.0,,,,,,,,0.85,,,,,,,,,,,,,,,grid_stat_20260728.stat,20260728_220000,0.075,0.45,0.3214,0.15,0.2,0.4214,0.3,0.4,,,,
STAT,V12.0.0,20260820_055425,INANWP,NA,000000,20260728_220000,000000,20260728_220000,20260728_100000,20260728_100000,NA,RAINNC,"(*,*)",hourlyPrecipRateGC,"(*,*)",mm,mm,gt10,gt10,NA,0.05,CTC,10000.0,,,,,,,,,,,,,,,,,,,,,,,grid_stat_20260728.stat,20260728_220000,,,,,,,,,564.0,183.0,274.0,8932.0
STAT,V12.0.0,20260820_055425,INANWP,NA,000000,20260728_220000,000000,20260728_220000,20260728_100000,20260728_100000,NA,RAINNC,"(*,*)",hourlyPrecipRateGC,"(*,*)",mm,mm,gt20,gt20,NA,0.05,CNT,10000.0,0.15,6.357,4.357,3.357,3.857,4.357,3.557,0.6929,18.985,4.357,0.5,3.486,0.75,0.9,0.1,1.0,0.5,0.2,0.1,0.05,0.04,0.03,grid_stat_20260728.stat,20260728_220000,,,,,,,,,,,,
STAT,V12.0.0,20260820_055425,INANWP,NA,000000,20260728_220000,000000,20260728_220000,20260728_100000,20260728_100000,NA,RAINNC,"(*,*)",hourlyPrecipRateGC,"(*,*)",mm,mm,gt20,gt20,NA,0.05,CTS,10000.0,,,,,,,,0.85,,,,,,,,,,,,,,,grid_stat_20260728.stat,20260728_220000,0.075,0.45,0.2714,0.15,0.2,0.3714,0.3,0.4,,,,
STAT,V12.0.0,20260820_055425,INANWP,NA,000000,20260728_220000,000000,20260728_220000,20260728_100000,20260728_100000,NA,RAINNC,"(*,*)",hourlyPrecipRateGC,"(*,*)",mm,mm,gt20,gt20,NA,0.05,CTC,10000.0,,,,,,,,,,,,,,,,,,,,,,,grid_stat_20260728.stat,20260728_220000,,,,,,,,,554.0,186.0,278.0,8927.0
STAT,V12.0.0,20260820_055425,INANWP,NA,000000,20260728_220000,000000,20260728_220000,20260728_100000,20260728_100000,NA,RAINNC,"(*,*)",hourlyPrecipRateGC,"(*,*)",mm,mm,gt50,gt50,NA,0.05,CNT,10000.0,0.15,6.357,4.357,3.357,3.857,4.357,3.557,0.6929,18.985,4.357,0.5,3.486,0.75,0.9,0.1,1.0,0.5,0.2,0.1,0.05,0.04,0.03,grid_stat_20260728.stat,20260728_220000,,,,,,,,,,,,
STAT,V12.0.0,20260820_055425,INANWP,NA,000000,20260728_220000,000000,20260728_220000,20260728_100000,20260728_100000,NA,RAINNC,"(*,*)",hourlyPrecipRateGC,"(*,*)",mm,mm,gt50,gt50,NA,0.05,CTS,10000.0,,,,,,,,0.85,,,,,,,,,,,,,,,grid_stat_20260728.stat,20260728_220000,0.075,0.45,0.1214,0.15,0.2,0.2214,0.3,0.4,,,,
STAT,V12.0.0,20260820_055425,INANWP,NA,000000,20260728_220000,000000,20260728_220000,20260728_100000,20260728_100000,NA,RAINNC,"(*,*)",hourlyPrecipRateGC,"(*,*)",mm,mm,gt50,gt50,NA,0.05,CTC,10000.0,,,,,,,,,,,,,,,,,,,,,,,grid_stat_20260728.stat,20260728_220000,,,,,,,,,524.0,193.0,290.0,8912.0
STAT,V12.0.0,20260820_055425,INANWP,NA,000000,20260728_230000,000000,20260728_230000,20260728_110000,20260728_110000,NA,RAINNC,"(*,*)",hourlyPrecipRateGC,"(*,*)",mm,mm,gt0.1,gt0.1,NA,0.05,CNT,10000.0,0.155,6.464,4.464,3.464,3.964,4.464,3.664,0.6857,19.93,4.464,0.5,3.571,0.775,0.9,0.1,1.0,0.5,0.2,0.1,0.05,0.04,0.03,grid_stat_20260728.stat,20260728_230000,,,,,,,,,,,,
STAT,V12.0.0,20260820_055425,INANWP,NA,000000,20260728_230000,000000,20260728_230000,20260728_110000,20260728_110000,NA,RAINNC,"(*,*)",hourlyPrecipRateGC,"(*,*)",mm,mm,gt0.1,gt0.1,NA,0.05,CTS,10000.0,,,,,,,,0.85,,,,,,,,,,,,,,,grid_stat_20260728.stat,20260728_230000,0.077,0.45,0.3674,0.15,0.2,0.4674,0.3,0.4,,,,
STAT,V12.0.0,20260820_055425,INANWP,NA,000000,20260728_230000,000000,20260728_230000,20260728_110000,20260728_110000,NA,RAINNC,"(*,*)",hourlyPrecipRateGC,"(*,*)",mm,mm,gt0.1,gt0.1,NA,0.05,CTC,10000.0,,,,,,,,,,,,,,,,,,,,,,,grid_stat_20260728.stat,20260728_230000,,,,,,,,,573.0,181.0,270.0,8936.0
STAT,V12.0.0,20260820_055425,INANWP,NA,000000,20260728_230000,000000,20260728_230000,20260728_110000,20260728_110000,NA,RAINNC,"(*,*)",hourlyPrecipRateGC,"(*,*)",mm,mm,gt1,gt1,NA,0.05,CNT,10000.0,0.155,6.464,4.464,3.464,3.964,4.464,3.664,0.6857,19.93,4.464,0.5,3.571,0.775,0.9,0.1,1.0,0.5,0.2,0.1,0.05,0.04,0.03,grid_stat_20260728.stat,20260728_230000,,,,,,,,,,,,
STAT,V12.0.0,20260820_055425,INANWP,NA,000000,20260728_230000,000000,20260728_230000,20260728_110000,20260728_110000,NA,RAINNC,"(*,*)",hourlyPrecipRateGC,"(*,*)",mm,mm,gt1,gt1,NA,0.05,CTS,10000.0,,,,,,,,0.85,,,,,,,,,,,,,,,grid_stat_20260728.stat,20260728_230000,0.077,0.45,0.3629,0.15,0.2,0.4629,0.3,0.4,,,,
STAT,V12.0.0,20260820_055425,INANWP,NA,000000,20260728_230000,000000,20260728_230000,20260728_110000,20260728_110000,NA,RAINNC,"(*,*)",hourlyPrecipRateGC,"(*,*)",mm,mm,gt1,gt1,NA,0.05,CTC,10000.0,,,,,,,,,,,,,,,,,,,,,,,grid_stat_20260728.stat,20260728_230000,,,,,,,,,572.0,181.0,270.0,8936.0
STAT,V12.0.0,20260820_055425,INANWP,NA,000000,20260728_230000,000000,20260728_230000,20260728_110000,20260728_110000,NA,RAINNC,"(*,*)",hourlyPrecipRateGC,"(*,*)",mm,mm,gt5,gt5,NA,0.05,CNT,10000.0,0.155,6.464,4.464,3.464,3.964,4.464,3.664,0.6857,19.93,4.464,0.5,3.571,0.775,0.9,0.1,1.0,0.5,0.2,0.1,0.05,0.04,0.03,grid_stat_20260728.stat,20260728_230000,,,,,,,,,,,,
STAT,V12.0.0,20260820_055425,INANWP,NA,000000,20260728_230000,000000,20260728_230000,20260728_110000,20260728_110000,NA,RAINNC,"(*,*)",hourlyPrecipRateGC,"(*,*)",mm,mm,gt5,gt5,NA,0.05,CTS,10000.0,,,,,,,,0.85,,,,,,,,,,,,,,,grid_stat_20260728.stat,20260728_230000,0.077,0.45,0.3429,0.15,0.2,0.4429,0.3,0.4,,,,
STAT,V12.0.0,20260820_055425,INANWP,NA,000000,20260728_230000,000000,20260728_230000,20260728_110000,20260728_110000,NA,RAINNC,"(*,*)",hourlyPrecipRateGC,"(*,*)",mm,mm,gt5,gt5,NA,0.05,CTC,10000.0,,,,,,,,,,,,,,,,,,,,,,,grid_stat_20260728.stat,20260728_230000,,,,,,,,,568.0,182.0,272.0,8934.0
STAT,V12.0.0,20260820_055425,INANWP,NA,000000,20260728_230000,000000,20260728_230000,20260728_110000,20260728_110000,NA,RAINNC,"(*,*)",hourlyPrecipRateGC,"(*,*)",mm,mm,gt10,gt10,NA,0.05,CNT,10000.0,0.155,6.464,4.464,3.464,3.964,4.464,3.664,0.6857,19.93,4.464,0.5,3.571,0.775,0.9,0.1,1.0,0.5,0.2,0.1,0.05,0.04,0.03,grid_stat_20260728.stat,20260728_230000,,,,,,,,,,,,
STAT,V12.0.0,20260820_055425,INANWP,NA,000000,20260728_230000,000000,20260728_230000,20260728_110000,20260728_110000,NA,RAINNC,"(*,*)",hourlyPrecipRateGC,"(*,*)",mm,mm,gt10,gt10,NA,0.05,CTS,10000.0,,,,,,,,0.85,,,,,,,,,,,,,,,grid_stat_20260728.stat,20260728_230000,0.077,0.45,0.3179,0.15,0.2,0.4179,0.3,0.4,,,,
STAT,V12.0.0,20260820_055425,INANWP,NA,000000,20260728_230000,000000,20260728_230000,20260728_110000,20260728_110000,NA,RAINNC,"(*,*)",hourlyPrecipRateGC,"(*,*)",mm,mm,gt10,gt10,NA,0.05,CTC,10000.0,,,,,,,,,,,,,,,,,,,,,,,grid_stat_20260728.stat,20260728_230000,,,,,,,,,563.0,184.0,274.0,8931.0
STAT,V12.0.0,20260820_055425,INANWP,NA,000000,20260728_230000,000000,20260728_230000,20260728_110000,20260728_110000,NA,RAINNC,"(*,*)",hourlyPrecipRateGC,"(*,*)",mm,mm,gt20,gt20,NA,0.05,CNT,10000.0,0.155,6.464,4.464,3.464,3.964,4.464,3.664,0.6857,19.93,4.464,0.5,3.571,0.775,0.9,0.1,1.0,0.5,0.2,0.1,0.05,0.04,0.03,grid_stat_20260728.stat,20260728_230000,,,,,,,,,,,,
STAT,V12.0.0,20260820_055425,INANWP,NA,000000,20260728_230000,000000,20260728_230000,20260728_110000,20260728_110000,NA,RAINNC,"(*,*)",hourlyPrecipRateGC,"(*,*)",mm,mm,gt20,gt20,NA,0.05,CTS,10000.0,,,,,,,,0.85,,,,,,,,,,,,,,,grid_stat_20260728.stat,20260728_230000,0.077,0.45,0.2679,0.15,0.2,0.3679,0.3,0.4,,,,
STAT,V12.0.0,20260820_055425,INANWP,NA,000000,20260728_230000,000000,20260728_230000,20260728_110000,20260728_110000,NA,RAINNC,"(*,*)",hourlyPrecipRateGC,"(*,*)",mm,mm,gt20,gt20,NA,0.05,CTC,10000.0,,,,,,,,,,,,,,,,,,,,,,,grid_stat_20260728.stat,20260728_230000,,,,,,,,,553.0,186.0,278.0,8926.0
STAT,V12.0.0,20260820_055425,INANWP,NA,000000,20260728_230000,000000,20260728_230000,20260728_110000,20260728_110000,NA,RAINNC,"(*,*)",hourlyPrecipRateGC,"(*,*)",mm,mm,gt50,gt50,NA,0.05,CNT,10000.0,0.155,6.464,4.464,3.464,3.964,4.464,3.664,0.6857,19.93,4.464,0.5,3.571,0.775,0.9,0.1,1.0,0.5,0.2,0.1,0.05,0.04,0.03,grid_stat_20260728.stat,20260728_230000,,,,,,,,,,,,
STAT,V12.0.0,20260820_055425,INANWP,NA,000000,20260728_230000,000000,20260728_230000,20260728_110000,20260728_110000,NA,RAINNC,"(*,*)",hourlyPrecipRateGC,"(*,*)",mm,mm,gt50,gt50,NA,0.05,CTS,10000.0,,,,,,,,0.85,,,,,,,,,,,,,,,grid_stat_20260728.stat,20260728_230000,0.077,0.45,0.1179,0.15,0.2,0.2179,0.3,0.4,,,,
STAT,V12.0.0,20260820_055425,INANWP,NA,000000,20260728_230000,000000,20260728_230000,20260728_110000,20260728_110000,NA,RAINNC,"(*,*)",hourlyPrecipRateGC,"(*,*)",mm,mm,gt50,gt50,NA,0.05,CTC,10000.0,,,,,,,,,,,,,,,,,,,,,,,grid_stat_20260728.stat,20260728_230000,,,,,,,,,523.0,194.0,290.0,8911.0
STAT,V12.0.0,20260820_055425,INANWP,NA,000000,20260729_000000,000000,20260729_000000,20260728_120000,20260728_120000,NA,RAINNC,"(*,*)",hourlyPrecipRateGC,"(*,*)",mm,mm,gt0.1,gt0.1,NA,0.05,CNT,10000.0,0.04,7.0,5.0,4.0,4.5,5.0,4.2,0.65,25.0,5.0,0.5,4.0,0.2,0.9,0.1,1.0,0.5,0.2,0.1,0.05,0.04,0.03,grid_stat_20260728.stat,20260729_000000,,,,,,,,,,,,
STAT,V12.0.0,20260820_055425,INANWP,NA,000000,20260729_000000,000000,20260729_000000,20260728_120000,20260728_120000,NA,RAINNC,"(*,*)",hourlyPrecipRateGC,"(*,*)",mm,mm,gt0.1,gt0.1,NA,0.05,CTS,10000.0,,,,,,,,0.85,,,,,,,,,,,,,,,grid_stat_20260728.stat,20260729_000000,0.02,0.45,0.3495,0.15,0.2,0.4495,0.3,0.4,,,,
STAT,V12.0.0,20260820_055425,INANWP,NA,000000,20260729_000000,000000,20260729_000000,20260728_120000,20260728_120000,NA,RAINNC,"(*,*)",hourlyPrecipRateGC,"(*,*)",mm,mm,gt0.1,gt0.1,NA,0.05,CTC,10000.0,,,,,,,,,,,,,,,,,,,,,,,grid_stat_20260728.stat,20260729_000000,,,,,,,,,569.0,182.0,272.0,8934.0
STAT,V12.0.0,20260820_055425,INANWP,NA,000000,20260729_000000,000000,20260729_000000,20260728_120000,20260728_120000,NA,RAINNC,"(*,*)",hourlyPrecipRateGC,"(*,*)",mm,mm,gt1,gt1,NA,0.05,CNT,10000.0,0.04,7.0,5.0,4.0,4.5,5.0,4.2,0.65,25.0,5.0,0.5,4.0,0.2,0.9,0.1,1.0,0.5,0.2,0.1,0.05,0.04,0.03,grid_stat_20260728.stat,20260729_000000,,,,,,,,,,,,
STAT,V12.0.0,20260820_055425,INANWP,NA,000000,20260729_000000,000000,20260729_000000,20260728_120000,20260728_120000,NA,RAINNC,"(*,*)",hourlyPrecipRateGC,"(*,*)",mm,mm,gt1,gt1,NA,0.05,CTS,10000.0,,,,,,,,0.85,,,,,,,,,,,,,,,grid_stat_20260728.stat,20260729_000000,0.02,0.45,0.345,0.15,0.2,0.445,0.3,0.4,,,,
STAT,V12.0.0,20260820_055425,INANWP,NA,000000,20260729_000000,000000,20260729_000000,20260728_120000,20260728_120000,NA,RAINNC,"(*,*)",hourlyPrecipRateGC,"(*,*)",mm,mm,gt1,gt1,NA,0.05,CTC,10000.0,,,,,,,,,,,,,,,,,,,,,,,grid_stat_20260728.stat,20260729_000000,,,,,,,,,569.0,182.0,272.0,8934.0
STAT,V12.0.0,20260820_055425,INANWP,NA,000000,20260729_000000,000000,20260729_000000,20260728_120000,20260728_120000,NA,RAINNC,"(*,*)",hourlyPrecipRateGC,"(*,*)",mm,mm,gt5,gt5,NA,0.05,CNT,10000.0,0.04,7.0,5.0,4.0,4.5,5.0,4.2,0.65,25.0,5.0,0.5,4.0,0.2,0.9,0.1,1.0,0.5,0.2,0.1,0.05,0.04,0.03,grid_stat_20260728.stat,20260729_000000,,,,,,,,,,,,
STAT,V12.0.0,20260820_055425,INANWP,NA,000000,20260729_000000,000000,20260729_000000,20260728_120000,20260728_120000,NA,RAINNC,"(*,*)",hourlyPrecipRateGC,"(*,*)",mm,mm,gt5,gt5,NA,0.05,CTS,10000.0,,,,,,,,0.85,,,,,,,,,,,,,,,grid_stat_20260728.stat,20260729_000000,0.02,0.45,0.325,0.15,0.2,0.425,0.3,0.4,,,,
STAT,V12.0.0,20260820_055425,INANWP,NA,000000,20260729_000000,000000,20260729_000000,20260728_120000,20260728_120000,NA,RAINNC,"(*,*)",hourlyPrecipRateGC,"(*,*)",mm,mm,gt5,gt5,NA,0.05,CTC,10000.0,,,,,,,,,,,,,,,,,,,,,,,grid_stat_20260728.stat,20260729_000000,,,,,,,,,565.0,183.0,274.0,8932.0
STAT,V12.0.0,20260820_055425,INANWP,NA,000000,20260729_000000,000000,20260729_000000,20260728_120000,20260728_120000,NA,RAINNC,"(*,*)",hourlyPrecipRateGC,"(*,*)",mm,mm,gt10,gt10,NA,0.05,CNT,10000.0,0.04,7.0,5.0,4.0,4.5,5.0,4.2,0.65,25.0,5.0,0.5,4.0,0.2,0.9,0.1,1.0,0.5,0.2,0.1,0.05,0.04,0.03,grid_stat_20260728.stat,20260729_000000,,,,,,,,,,,,
STAT,V12.0.0,20260820_055425,INANWP,NA,000000,20260729_000000,000000,20260729_000000,20260728_120000,20260728_120000,NA,RAINNC,"(*,*)",hourlyPrecipRateGC,"(*,*)",mm,mm,gt10,gt10,NA,0.05,CTS,10000.0,,,,,,,,0.85,,,,,,,,,,,,,,,grid_stat_20260728.stat,20260729_000000,0.02,0.45,0.3,0.15,0.2,0.4,0.3,0.4,,,,
STAT,V12.0.0,20260820_055425,INANWP,NA,000000,20260729_000000,000000,20260729_000000,20260728_120000,20260728_120000,NA,RAINNC,"(*,*)",hourlyPrecipRateGC,"(*,*)",mm,mm,gt10,gt10,NA,0.05,CTC,10000.0,,,,,,,,,,,,,,,,,,,,,,,grid_stat_20260728.stat,20260729_000000,,,,,,,,,560.0,185.0,276.0,8930.0
STAT,V12.0.0,20260820_055425,INANWP,NA,000000,20260729_000000,000000,20260729_000000,20260728_120000,20260728_120000,NA,RAINNC,"(*,*)",hourlyPrecipRateGC,"(*,*)",mm,mm,gt20,gt20,NA,0.05,CNT,10000.0,0.04,7.0,5.0,4.0,4.5,5.0,4.2,0.65,25.0,5.0,0.5,4.0,0.2,0.9,0.1,1.0,0.5,0.2,0.1,0.05,0.04,0.03,grid_stat_20260728.stat,20260729_000000,,,,,,,,,,,,
STAT,V12.0.0,20260820_055425,INANWP,NA,000000,20260729_000000,000000,20260729_000000,20260728_120000,20260728_120000,NA,RAINNC,"(*,*)",hourlyPrecipRateGC,"(*,*)",mm,mm,gt20,gt20,NA,0.05,CTS,10000.0,,,,,,,,0.85,,,,,,,,,,,,,,,grid_stat_20260728.stat,20260729_000000,0.02,0.45,0.25,0.15,0.2,0.35,0.3,0.4,,,,
STAT,V12.0.0,20260820_055425,INANWP,NA,000000,20260729_000000,000000,20260729_000000,20260728_120000,20260728_120000,NA,RAINNC,"(*,*)",hourlyPrecipRateGC,"(*,*)",mm,mm,gt20,gt20,NA,0.05,CTC,10000.0,,,,,,,,,,,,,,,,,,,,,,,grid_stat_20260728.stat,20260729_000000,,,,,,,,,550.0,187.0,280.0,8925.0
STAT,V12.0.0,20260820_055425,INANWP,NA,000000,20260729_000000,000000,20260729_000000,20260728_120000,20260728_120000,NA,RAINNC,"(*,*)",hourlyPrecipRateGC,"(*,*)",mm,mm,gt50,gt50,NA,0.05,CNT,10000.0,0.04,7.0,5.0,4.0,4.5,5.0,4.2,0.65,25.0,5.0,0.5,4.0,0.2,0.9,0.1,1.0,0.5,0.2,0.1,0.05,0.04,0.03,grid_stat_20260728.stat,20260729_000000,,,,,,,,,,,,
STAT,V12.0.0,20260820_055425,INANWP,NA,000000,20260729_000000,000000,20260729_000000,20260728_120000,20260728_120000,NA,RAINNC,"(*,*)",hourlyPrecipRateGC,"(*,*)",mm,mm,gt50,gt50,NA,0.05,CTS,10000.0,,,,,,,,0.85,,,,,,,,,,,,,,,grid_stat_20260728.stat,20260729_000000,0.02,0.45,0.1,0.15,0.2,0.2,0.3,0.4,,,,
STAT,V12.0.0,20260820_055425,INANWP,NA,000000,20260729_000000,000000,20260729_000000,20260728_120000,20260728_120000,NA,RAINNC,"(*,*)",hourlyPrecipRateGC,"(*,*)",mm,mm,gt50,gt50,NA,0.05,CTC,10000.0,,,,,,,,,,,,,,,,,,,,,,,grid_stat_20260728.stat,20260729_000000,,,,,,,,,520.0,195.0,292.0,8910.0
STAT,V12.0.0,20260820_055425,INANWP,NA,000000,20260729_010000,000000,20260729_010000,20260728_130000,20260728_130000,NA,RAINNC,"(*,*)",hourlyPrecipRateGC,"(*,*)",mm,mm,gt0.1,gt0.1,NA,0.05,CNT,10000.0,0.045,6.893,4.893,3.893,4.393,4.893,4.093,0.6571,23.94,4.893,0.5,3.914,0.225,0.9,0.1,1.0,0.5,0.2,0.1,0.05,0.04,0.03,grid_stat_20260728.stat,20260729_010000,,,,,,,,,,,,
STAT,V12.0.0,20260820_055425,INANWP,NA,000000,20260729_010000,000000,20260729_010000,20260728_130000,20260728_130000,NA,RAINNC,"(*,*)",hourlyPrecipRateGC,"(*,*)",mm,mm,gt0.1,gt0.1,NA,0.05,CTS,10000.0,,,,,,,,0.85,,,,,,,,,,,,,,,grid_stat_20260728.stat,20260729_010000,0.023,0.45,0.3531,0.15,0.2,0.4531,0.3,0.4,,,,
STAT,V12.0.0,20260820_055425,INANWP,NA,000000,20260729_010000,000000,20260729_010000,20260728_130000,20260728_130000,NA,RAINNC,"(*,*)",hourlyPrecipRateGC,"(*,*)",mm,mm,gt0.1,gt0.1,NA,0.05,CTC,10000.0,,,,,,,,,,,,,,,,,,,,,,,grid_stat_20260728.stat,20260729_010000,,,,,,,,,570.0,182.0,271.0,8935.0
STAT,V12.0.0,20260820_055425,INANWP,NA,000000,20260729_010000,000000,20260729_010000,20260728_130000,20260728_130000,NA,RAINNC,"(*,*)",hourlyPrecipRateGC,"(*,*)",mm,mm,gt1,gt1,NA,0.05,CNT,10000.0,0.045,6.893,4.893,3.893,4.393,4.893,4.093,0.6571,23.94,4.893,0.5,3.914,0.225,0.9,0.1,1.0,0.5,0.2,0.1,0.05,0.04,0.03,grid_stat_20260728.stat,20260729_010000,,,,,,,,,,,,
STAT,V12.0.0,20260820_055425,INANWP,NA,000000,20260729_010000,000000,20260729_010000,20260728_130000,20260728_130000,NA,RAINNC,"(*,*)",hourlyPrecipRateGC,"(*,*)",mm,mm,gt1,gt1,NA,0.05,CTS,10000.0,,,,,,,,0.85,,,,,,,,,,,,,,,grid_stat_20260728.stat,20260729_010000,0.023,0.45,0.3486,0.15,0.2,0.4486,0.3,0.4,,,,
STAT,V12.0.0,20260820_055425,INANWP,NA,000000,20260729_010000,000000,20260729_010000,20260728_130000,20260728_130000,NA,RAINNC,"(*,*)",hourlyPrecipRateGC,"(*,*)",mm,mm,gt1,gt1,NA,0.05,CTC,10000.0,,,,,,,,,,,,,,,,,,,,,,,grid_stat_20260728.stat,20260729_010000,,,,,,,,,569.0,182.0,272.0,8934.0
STAT,V12.0.0,20260820_055425,INANWP,NA,000000,20260729_010000,000000,20260729_010000,20260728_130000,20260728_130000,NA,RAINNC,"(*,*)",hourlyPrecipRateGC,"(*,*)",mm,mm,gt5,gt5,NA,0.05,CNT,10000.0,0.045,6.893,4.893,3.893,4.393,4.893,4.093,0.6571,23.94,4.893,0.5,3.914,0.225,0.9,0.1,1.0,0.5,0.2,0.1,0.05,0.04,0.03,grid_stat_20260728.stat,20260729_010000,,,,,,,,,,,,
STAT,V12.0.0,20260820_055425,INANWP,NA,000000,20260729_010000,000000,20260729_010000,20260728_130000,20260728_130000,NA,RAINNC,"(*,*)",hourlyPrecipRateGC,"(*,*)",mm,mm,gt5,gt5,NA,0.05,CTS,10000.0,,,,,,,,0.85,,,,,,,,,,,,,,,grid_stat_20260728.stat,20260729_010000,0.023,0.45,0.3286,0.15,0.2,0.4286,0.3,0.4,,,,
STAT,V12.0.0,20260820_055425,INANWP,NA,000000,20260729_010000,000000,20260729_010000,20260728_130000,20260728_130000,NA,RAINNC,"(*,*)",hourlyPrecipRateGC,"(*,*)",mm,mm,gt5,gt5,NA,0.05,CTC,10000.0,,,,,,,,,,,,,,,,,,,,,,,grid_stat_20260728.stat,20260729_010000,,,,,,,,,565.0,183.0,273.0,8932.0
STAT,V12.0.0,20260820_055425,INANWP,NA,000000,20260729_010000,000000,20260729_010000,20260728_130000,20260728_130000,NA,RAINNC,"(*,*)",hourlyPrecipRateGC,"(*,*)",mm,mm,gt10,gt10,NA,0.05,CNT,10000.0,0.045,6.893,4.893,3.893,4.393,4.893,4.093,0.6571,23.94,4.893,0.5,3.914,0.225,0.9,0.1,1.0,0.5,0.2,0.1,0.05,0.04,0.03,grid_stat_20260728.stat,20260729_010000,,,,,,,,,,,,
STAT,V12.0.0,20260820_055425,INANWP,NA,000000,20260729_010000,000000,20260729_010000,20260728_130000,20260728_130000,NA,RAINNC,"(*,*)",hourlyPrecipRateGC,"(*,*)",mm,mm,gt10,gt10,NA,0.05,CTS,10000.0,,,,,,,,0.85,,,,,,,,,,,,,,,grid_stat_20260728.stat,20260729_010000,0.023,0.45,0.3036,0.15,0.2,0.4036,0.3,0.4,,,,
STAT,V12.0.0,20260820_055425,INANWP,NA,000000,20260729_010000,000000,20260729_010000,20260728_130000,20260728_130000,NA,RAINNC,"(*,*)",hourlyPrecipRateGC,"(*,*)",mm,mm,gt10,gt10,NA,0.05,CTC,10000.0,,,,,,,,,,,,,,,,,,,,,,,grid_stat_20260728.stat,20260729_010000,,,,,,,,,560.0,184.0,275.0,8930.0
STAT,V12.0.0,20260820_055425,INANWP,NA,000000,20260729_010000,000000,20260729_010000,20260728_130000,20260728_130000,NA,RAINNC,"(*,*)",hourlyPrecipRateGC,"(*,*)",mm,mm,gt20,gt20,NA,0.05,CNT,10000.0,0.045,6.893,4.893,3.893,4.393,4.893,4.093,0.6571,23.94,4.893,0.5,3.914,0.225,0.9,0.1,1.0,0.5,0.2,0.1,0.05,0.04,0.03,grid_stat_20260728.stat,20260729_010000,,,,,,,,,,,,
STAT,V12.0.0,20260820_055425,INANWP,NA,000000,20260729_010000,000000,20260729_010000,20260728_130000,20260728_130000,NA,RAINNC,"(*,*)",hourlyPrecipRateGC,"(*,*)",mm,mm,gt20,gt20,NA,0.05,CTS,10000.0,,,,,,,,0.85,,,,,,,,,,,,,,,grid_stat_20260728.stat,20260729_010000,0.023,0.45,0.2536,0.15,0.2,0.3536,0.3,0.4,,,,
STAT,V12.0.0,20260820_055425,INANWP,NA,000000,20260729_010000,000000,20260729_010000,20260728_130000,20260728_130000,NA,RAINNC,"(*,*)",hourlyPrecipRateGC,"(*,*)",mm,mm,gt20,gt20,NA,0.05,CTC,10000.0,,,,,,,,,,,,,,,,,,,,,,,grid_stat_20260728.stat,20260729_010000,,,,,,,,,550.0,187.0,279.0,8925.0
STAT,V12.0.0,20260820_055425,INANWP,NA,000000,20260729_010000,000000,20260729_010000,20260728_130000,20260728_130000,NA,RAINNC,"(*,*)",hourlyPrecipRateGC,"(*,*)",mm,mm,gt50,gt50,NA,0.05,CNT,10000.0,0.045,6.893,4.893,3.893,4.393,4.893,4.093,0.6571,23.94,4.893,0.5,3.914,0.225,0.9,0.1,1.0,0.5,0.2,0.1,0.05,0.04,0.03,grid_stat_20260728.stat,20260729_010000,,,,,,,,,,,,
STAT,V12.0.0,20260820_055425,INANWP,NA,000000,20260729_010000,000000,20260729_010000,20260728_130000,20260728_130000,NA,RAINNC,"(*,*)",hourlyPrecipRateGC,"(*,*)",mm,mm,gt50,gt50,NA,0.05,CTS,10000.0,,,,,,,,0.85,,,,,,,,,,,,,,,grid_stat_20260728.stat,20260729_010000,0.023,0.45,0.1036,0.15,0.2,0.2036,0.3,0.4,,,,
STAT,V12.0.0,20260820_055425,INANWP,NA,000000,20260729_010000,000000,20260729_010000,20260728_130000,20260728_130000,NA,RAINNC,"(*,*)",hourlyPrecipRateGC,"(*,*)",mm,mm,gt50,gt50,NA,0.05,CTC,10000.0,,,,,,,,,,,,,,,,,,,,,,,grid_stat_20260728.stat,20260729_010000,,,,,,,,,520.0,194.0,291.0,8910.0
STAT,V12.0.0,20260820_055425,INANWP,NA,000000,20260729_020000,000000,20260729_020000,20260728_140000,20260728_140000,NA,RAINNC,"(*,*)",hourlyPrecipRateGC,"(*,*)",mm,mm,gt0.1,gt0.1,NA,0.05,CNT,10000.0,0.05,6.786,4.786,3.786,4.286,4.786,3.986,0.6643,22.903,4.786,0.5,3.829,0.25,0.9,0.1,1.0,0.5,0.2,0.1,0.05,0.04,0.03,grid_stat_20260728.stat,20260729_020000,,,,,,,,,,,,
STAT,V12.0.0,20260820_055425,INANWP,NA,000000,20260729_020000,000000,20260729_020000,20260728_140000,20260728_140000,NA,RAINNC,"(*,*)",hourlyPrecipRateGC,"(*,*)",mm,mm,gt0.1,gt0.1,NA,0.05,CTS,10000.0,,,,,,,,0.85,,,,,,,,,,,,,,,grid_stat_20260728.stat,20260729_020000,0.025,0.45,0.3566,0.15,0.2,0.4566,0.3,0.4,,,,
STAT,V12.0.0,20260820_055425,INANWP,NA,000000,20260729_020000,000000,20260729_020000,20260728_140000,20260728_140000,NA,RAINNC,"(*,*)",hourlyPrecipRateGC,"(*,*)",mm,mm,gt0.1,gt0.1,NA,0.05,CTC,10000.0,,,,,,,,,,,,,,,,,,,,,,,grid_stat_20260728.stat,20260729_020000,,,,,,,,,571.0,182.0,271.0,8935.0
STAT,V12.0.0,20260820_055425,INANWP,NA,000000,20260729_020000,000000,20260729_020000,20260728_140000,20260728_140000,NA,RAINNC,"(*,*)",hourlyPrecipRateGC,"(*,*)",mm,mm,gt1,gt1,NA,0.05,CNT,10000.0,0.05,6.786,4.786,3.786,4.286,4.786,3.986,0.6643,22.903,4.786,0.5,3.829,0.25,0.9,0.1,1.0,0.5,0.2,0.1,0.05,0.04,0.03,grid_stat_20260728.stat,20260729_020000,,,,,,,,,,,,
STAT,V12.0.0,20260820_055425,INANWP,NA,000000,20260729_020000,000000,20260729_020000,20260728_140000,20260728_140000,NA,RAINNC,"(*,*)",hourlyPrecipRateGC,"(*,*)",mm,mm,gt1,gt1,NA,0.05,CTS,10000.0,,,,,,,,0.85,,,,,,,,,,,,,,,grid_stat_20260728.stat,20260729_020000,0.025,0.45,0.3521,0.15,0.2,0.4521,0.3,0.4,,,,
STAT,V12.0.0,20260820_055425,INANWP,NA,000000,20260729_020000,000000,20260729_020000,20260728_140000,20260728_140000,NA,RAINNC,"(*,*)",hourlyPrecipRateGC,"(*,*)",mm,mm,gt1,gt1,NA,0.05,CTC,10000.0,,,,,,,,,,,,,,,,,,,,,,,grid_stat_20260728.stat,20260729_020000,,,,,,,,,570.0,182.0,271.0,8935.0
STAT,V12.0.0,20260820_055425,INANWP,NA,000000,20260729_020000,000000,20260729_020000,20260728_140000,20260728_140000,NA,RAINNC,"(*,*)",hourlyPrecipRateGC,"(*,*)",mm,mm,gt5,gt5,NA,0.05,CNT,10000.0,0.05,6.786,4.786,3.786,4.286,4.786,3.986,0.6643,22.903,4.786,0.5,3.829,0.25,0.9,0.1,1.0,0.5,0.2,0.1,0.05,0.04,0.03,grid_stat_20260728.stat,20260729_020000,,,,,,,,,,,,
STAT,V12.0.0,20260820_055425,INANWP,NA,000000,20260729_020000,000000,20260729_020000,20260728_140000,20260728_140000,NA,RAINNC,"(*,*)",hourlyPrecipRateGC,"(*,*)",mm,mm,gt5,gt5,NA,0.05,CTS,10000.0,,,,,,,,0.85,,,,,,,,,,,,,,,grid_stat_20260728.stat,20260729_020000,0.025,0.45,0.3321,0.15,0.2,0.4321,0.3,0.4,,,,
STAT,V12.0.0,20260820_055425,INANWP,NA,000000,20260729_020000,000000,20260729_020000,20260728_140000,20260728_140000,NA,RAINNC,"(*,*)",hourlyPrecipRateGC,"(*,*)",mm,mm,gt5,gt5,NA,0.05,CTC,10000.0,,,,,,,,,,,,,,,,,,,,,,,grid_stat_20260728.stat,20260729_020000,,,,,,,,,566.0,183.0,273.0,8933.0
STAT,V12.0.0,20260820_055425,INANWP,NA,000000,20260729_020000,000000,20260729_020000,20260728_140000,20260728_140000,NA,RAINNC,"(*,*)",hourlyPrecipRateGC,"(*,*)",mm,mm,gt10,gt10,NA,0.05,CNT,10000.0,0.05,6.786,4.786,3.786,4.286,4.786,3.986,0.6643,22.903,4.786,0.5,3.829,0.25,0.9,0.1,1.0,0.5,0.2,0.1,0.05,0.04,0.03,grid_stat_20260728.stat,20260729_020000,,,,,,,,,,,,
STAT,V12.0.0,20260820_055425,INANWP,NA,000000,20260729_020000,000000,20260729_020000,20260728_140000,20260728_140000,NA,RAINNC,"(*,*)",hourlyPrecipRateGC,"(*,*)",mm,mm,gt10,gt10,NA,0.05,CTS,10000.0,,,,,,,,0.85,,,,,,,,,,,,,,,grid_stat_20260728.stat,20260729_020000,0.025,0.45,0.3071,0.15,0.2,0.4071,0.3,0.4,,,,
STAT,V12.0.0,20260820_055425,INANWP,NA,000000,20260729_020000,000000,20260729_020000,20260728_140000,20260728_140000,NA,RAINNC,"(*,*)",hourlyPrecipRateGC,"(*,*)",mm,mm,gt10,gt10,NA,0.05,CTC,10000.0,,,,,,,,,,,,,,,,,,,,,,,grid_stat_20260728.stat,20260729_020000,,,,,,,,,561.0,184.0,275.0,8930.0
STAT,V12.0.0,20260820_055425,INANWP,NA,000000,20260729_020000,000000,20260729_020000,20260728_140000,20260728_140000,NA,RAINNC,"(*,*)",hourlyPrecipRateGC,"(*,*)",mm,mm,gt20,gt20,NA,0.05,CNT,10000.0,0.05,6.786,4.786,3.786,4.286,4.786,3.986,0.6643,22.903,4.786,0.5,3.829,0.25,0.9,0.1,1.0,0.5,0.2,0.1,0.05,0.04,0.03,grid_stat_20260728.stat,20260729_020000,,,,,,,,,,,,
STAT,V12.0.0,20260820_055425,INANWP,NA,000000,20260729_020000,000000,20260729_020000,20260728_140000,20260728_140000,NA,RAINNC,"(*,*)",hourlyPrecipRateGC,"(*,*)",mm,mm,gt20,gt20,NA,0.05,CTS,10000.0,,,,,,,,0.85,,,,,,,,,,,,,,,grid_stat_20260728.stat,20260729_020000,0.025,0.45,0.2571,0.15,0.2,0.3571,0.3,0.4,,,,
STAT,V12.0.0,20260820_055425,INANWP,NA,000000,20260729_020000,000000,20260729_020000,20260728_140000,20260728_140000,NA,RAINNC,"(*,*)",hourlyPrecipRateGC,"(*,*)",mm,mm,gt20,gt20,NA,0.05,CTC,10000.0,,,,,,,,,,,,,,,,,,,,,,,grid_stat_20260728.stat,20260729_020000,,,,,,,,,551.0,187.0,279.0,8925.0
STAT,V12.0.0,20260820_055425,INANWP,NA,000000,20260729_020000,000000,20260729_020000,20260728_140000,20260728_140000,NA,RAINNC,"(*,*)",hourlyPrecipRateGC,"(*,*)",mm,mm,gt50,gt50,NA,0.05,CNT,10000.0,0.05,6.786,4.786,3.786,4.286,4.786,3.986,0.6643,22.903,4.786,0.5,3.829,0.25,0.9,0.1,1.0,0.5,0.2,0.1,0.05,0.04,0.03,grid_stat_20260728.stat,20260729_020000,,,,,,,,,,,,
STAT,V12.0.0,20260820_055425,INANWP,NA,000000,20260729_020000,000000,20260729_020000,20260728_140000,20260728_140000,NA,RAINNC,"(*,*)",hourlyPrecipRateGC,"(*,*)",mm,mm,gt50,gt50,NA,0.05,CTS,10000.0,,,,,,,,0.85,,,,,,,,,,,,,,,grid_stat_20260728.stat,20260729_020000,0.025,0.45,0.1071,0.15,0.2,0.2071,0.3,0.4,,,,
STAT,V12.0.0,20260820_055425,INANWP,NA,000000,20260729_020000,000000,20260729_020000,20260728_140000,20260728_140000,NA,RAINNC,"(*,*)",hourlyPrecipRateGC,"(*,*)",mm,mm,gt50,gt50,NA,0.05,CTC,10000.0,,,,,,,,,,,,,,,,,,,,,,,grid_stat_20260728.stat,20260729_020000,,,,,,,,,521.0,194.0,291.0,8910.0
STAT,V12.0.0,20260820_055425,INANWP,NA,000000,20260729_030000,000000,20260729_030000,20260728_150000,20260728_150000,NA,RAINNC,"(*,*)",hourlyPrecipRateGC,"(*,*)",mm,mm,gt0.1,gt0.1,NA,0.05,CNT,10000.0,0.055,6.679,4.679,3.679,4.179,4.679,3.879,0.6714,21.889,4.679,0.5,3.743,0.275,0.9,0.1,1.0,0.5,0.2,0.1,0.05,0.04,0.03,grid_stat_20260728.stat,20260729_030000,,,,,,,,,,,,
STAT,V12.0.0,20260820_055425,INANWP,NA,000000,20260729_030000,000000,20260729_030000,20260728_150000,20260728_150000,NA,RAINNC,"(*,*)",hourlyPrecipRateGC,"(*,*)",mm,mm,gt0.1,gt0.1,NA,0.05,CTS,10000.0,,,,,,,,0.85,,,,,,,,,,,,,,,grid_stat_20260728.stat,20260729_030000,0.028,0.45,0.3602,0.15,0.2,0.4602,0.3,0.4,,,,
STAT,V12.0.0,20260820_055425,INANWP,NA,000000,20260729_030000,000000,20260729_030000,20260728_150000,20260728_150000,NA,RAINNC,"(*,*)",hourlyPrecipRateGC,"(*,*)",mm,mm,gt0.1,gt0.1,NA,0.05,CTC,10000.0,,,,,,,,,,,,,,,,,,,,,,,grid_stat_20260728.stat,20260729_030000,,,,,,,,,572.0,181.0,271.0,8936.0
STAT,V12.0.0,20260820_055425,INANWP,NA,000000,20260729_030000,000000,20260729_030000,20260728_150000,20260728_150000,NA,RAINNC,"(*,*)",hourlyPrecipRateGC,"(*,*)",mm,mm,gt1,gt1,NA,0.05,CNT,10000.0,0.055,6.679,4.679,3.679,4.179,4.679,3.879,0.6714,21.889,4.679,0.5,3.743,0.275,0.9,0.1,1.0,0.5,0.2,0.1,0.05,0.04,0.03,grid_stat_20260728.stat,20260729_030000,,,,,,,,,,,,
STAT,V12.0.0,20260820_055425,INANWP,NA,000000,20260729_030000,000000,20260729_030000,20260728_150000,20260728_150000,NA,RAINNC,"(*,*)",hourlyPrecipRateGC,"(*,*)",mm,mm,gt1,gt1,NA,0.05,CTS,10000.0,,,,,,,,0.85,,,,,,,,,,,,,,,grid_stat_20260728.stat,20260729_030000,0.028,0.45,0.3557,0.15,0.2,0.4557,0.3,0.4,,,,
STAT,V12.0.0,20260820_055425,INANWP,NA,000000,20260729_030000,000000,20260729_030000,20260728_150000,20260728_150000,NA,RAINNC,"(*,*)",hourlyPrecipRateGC,"(*,*)",mm,mm,gt1,gt1,NA,0.05,CTC,10000.0,,,,,,,,,,,,,,,,,,,,,,,grid_stat_20260728.stat,20260729_030000,,,,,,,,,571.0,182.0,271.0,8935.0
STAT,V12.0.0,20260820_055425,INANWP,NA,000000,20260729_030000,000000,20260729_030000,20260728_150000,20260728_150000,NA,RAINNC,"(*,*)",hourlyPrecipRateGC,"(*,*)",mm,mm,gt5,gt5,NA,0.05,CNT,10000.0,0.055,6.679,4.679,3.679,4.179,4.679,3.879,0.6714,21.889,4.679,0.5,3.743,0.275,0.9,0.1,1.0,0.5,0.2,0.1,0.05,0.04,0.03,grid_stat_20260728.stat,20260729_030000,,,,,,,,,,,,
STAT,V12.0.0,20260820_055425,INANWP,NA,000000,20260729_030000,000000,20260729_030000,20260728_150000,20260728_150000,NA,RAINNC,"(*,*)",hourlyPrecipRateGC,"(*,*)",mm,mm,gt5,gt5,NA,0.05,CTS,10000.0,,,,,,,,0.85,,,,,,,,,,,,,,,grid_stat_20260728.stat,20260729_030000,0.028,0.45,0.3357,0.15,0.2,0.4357,0.3,0.4,,,,
STAT,V12.0.0,20260820_055425,INANWP,NA,000000,20260729_030000,000000,20260729_030000,20260728_150000,20260728_150000,NA,RAINNC,"(*,*)",hourlyPrecipRateGC,"(*,*)",mm,mm,gt5,gt5,NA,0.05,CTC,10000.0,,,,,,,,,,,,,,,,,,,,,,,grid_stat_20260728.stat,20260729_030000,,,,,,,,,567.0,183.0,273.0,8933.0
STAT,V12.0.0,20260820_055425,INANWP,NA,000000,20260729_030000,000000,20260729_030000,20260728_150000,20260728_150000,NA,RAINNC,"(*,*)",hourlyPrecipRateGC,"(*,*)",mm,mm,gt10,gt10,NA,0.05,CNT,10000.0,0.055,6.679,4.679,3.679,4.179,4.679,3.879,0.6714,21.889,4.679,0.5,3.743,0.275,0.9,0.1,1.0,0.5,0.2,0.1,0.05,0.04,0.03,grid_stat_20260728.stat,20260729_030000,,,,,,,,,,,,
STAT,V12.0.0,20260820_055425,INANWP,NA,000000,20260729_030000,000000,20260729_030000,20260728_150000,20260728_150000,NA,RAINNC,"(*,*)",hourlyPrecipRateGC,"(*,*)",mm,mm,gt10,gt10,NA,0.05,CTS,10000.0,,,,,,,,0.85,,,,,,,,,,,,,,,grid_stat_20260728.stat,20260729_030000,0.028,0.45,0.3107,0.15,0.2,0.4107,0.3,0.4,,,,
STAT,V12.0.0,20260820_055425,INANWP,NA,000000,20260729_030000,000000,20260729_030000,20260728_150000,20260728_150000,NA,RAINNC,"(*,*)",hourlyPrecipRateGC,"(*,*)",mm,mm,gt10,gt10,NA,0.05,CTC,10000.0,,,,,,,,,,,,,,,,,,,,,,,grid_stat_20260728.stat,20260729_030000,,,,,,,,,562.0,184.0,275.0,8931.0
STAT,V12.0.0,20260820_055425,INANWP,NA,000000,20260729_030000,000000,20260729_030000,20260728_150000,20260728_150000,NA,RAINNC,"(*,*)",hourlyPrecipRateGC,"(*,*)",mm,mm,gt20,gt20,NA,0.05,CNT,10000.0,0.055,6.679,4.679,3.679,4.179,4.679,3.879,0.6714,21.889,4.679,0.5,3.743,0.275,0.9,0.1,1.0,0.5,0.2,0.1,0.05,0.04,0.03,grid_stat_20260728.stat,20260729_030000,,,,,,,,,,,,
STAT,V12.0.0,20260820_055425,INANWP,NA,000000,20260729_030000,000000,20260729_030000,20260728_150000,20260728_150000,NA,RAINNC,"(*,*)",hourlyPrecipRateGC,"(*,*)",mm,mm,gt20,gt20,NA,0.05,CTS,10000.0,,,,,,,,0.85,,,,,,,,,,,,,,,grid_stat_20260728.stat,20260729_030000,0.028,0.45,0.2607,0.15,0.2,0.3607,0.3,0.4,,,,
STAT,V12.0.0,20260820_055425,INANWP,NA,000000,20260729_030000,000000,20260729_030000,20260728_150000,20260728_150000,NA,RAINNC,"(*,*)",hourlyPrecipRateGC,"(*,*)",mm,mm,gt20,gt20,NA,0.05,CTC,10000.0,,,,,,,,,,,,,,,,,,,,,,,grid_stat_20260728.stat,20260729_030000,,,,,,,,,552.0,186.0,279.0,8926.0
STAT,V12.0.0,20260820_055425,INANWP,NA,000000,20260729_030000,000000,20260729_030000,20260728_150000,20260728_150000,NA,RAINNC,"(*,*)",hourlyPrecipRateGC,"(*,*)",mm,mm,gt50,gt50,NA,0.05,CNT,10000.0,0.055,6.679,4.679,3.679,4.179,4.679,3.879,0.6714,21.889,4.679,0.5,3.743,0.275,0.9,0.1,1.0,0.5,0.2,0.1,0.05,0.04,0.03,grid_stat_20260728.stat,20260729_030000,,,,,,,,,,,,
STAT,V12.0.0,20260820_055425,INANWP,NA,000000,20260729_030000,000000,20260729_030000,20260728_150000,20260728_150000,NA,RAINNC,"(*,*)",hourlyPrecipRateGC,"(*,*)",mm,mm,gt50,gt50,NA,0.05,CTS,10000.0,,,,,,,,0.85,,,,,,,,,,,,,,,grid_stat_20260728.stat,20260729_030000,0.028,0.45,0.1107,0.15,0.2,0.2107,0.3,0.4,,,,
STAT,V12.0.0,20260820_055425,INANWP,NA,000000,20260729_030000,000000,20260729_030000,20260728_150000,20260728_150000,NA,RAINNC,"(*,*)",hourlyPrecipRateGC,"(*,*)",mm,mm,gt50,gt50,NA,0.05,CTC,10000.0,,,,,,,,,,,,,,,,,,,,,,,grid_stat_20260728.stat,20260729_030000,,,,,,,,,522.0,194.0,291.0,8911.0
STAT,V12.0.0,20260820_055425,INANWP,NA,000000,20260729_040000,000000,20260729_040000,20260728_160000,20260728_160000,NA,RAINNC,"(*,*)",hourlyPrecipRateGC,"(*,*)",mm,mm,gt0.1,gt0.1,NA,0.05,CNT,10000.0,0.06,6.571,4.571,3.571,4.071,4.571,3.771,0.6786,20.898,4.571,0.5,3.657,0.3,0.9,0.1,1.0,0.5,0.2,0.1,0.05,0.04,0.03,grid_stat_20260728.stat,20260729_040000,,,,,,,,,,,,
STAT,V12.0.0,20260820_055425,INANWP,NA,000000,20260729_040000,000000,20260729_040000,20260728_160000,20260728_160000,NA,RAINNC,"(*,*)",hourlyPrecipRateGC,"(*,*)",mm,mm,gt0.1,gt0.1,NA,0.05,CTS,10000.0,,,,,,,,0.85,,,,,,,,,,,,,,,grid_stat_20260728.stat,20260729_040000,0.03,0.45,0.3638,0.15,0.2,0.4638,0.3,0.4,,,,
STAT,V12.0.0,20260820_055425,INANWP,NA,000000,20260729_040000,000000,20260729_040000,20260728_160000,20260728_160000,NA,RAINNC,"(*,*)",hourlyPrecipRateGC,"(*,*)",mm,mm,gt0.1,gt0.1,NA,0.05,CTC,10000.0,,,,,,,,,,,,,,,,,,,,,,,grid_stat_20260728.stat,20260729_040000,,,,,,,,,572.0,181.0,270.0,8936.0
STAT,V12.0.0,20260820_055425,INANWP,NA,000000,20260729_040000,000000,20260729_040000,20260728_160000,20260728_160000,NA,RAINNC,"(*,*)",hourlyPrecipRateGC,"(*,*)",mm,mm,gt1,gt1,NA,0.05,CNT,10000.0,0.06,6.571,4.571,3.571,4.071,4.571,3.771,0.6786,20.898,4.571,0.5,3.657,0.3,0.9,0.1,1.0,0.5,0.2,0.1,0.05,0.04,0.03,grid_stat_20260728.stat,20260729_040000,,,,,,,,,,,,
STAT,V12.0.0,20260820_055425,INANWP,NA,000000,20260729_040000,000000,20260729_040000,20260728_160000,20260728_160000,NA,RAINNC,"(*,*)",hourlyPrecipRateGC,"(*,*)",mm,mm,gt1,gt1,NA,0.05,CTS,10000.0,,,,,,,,0.85,,,,,,,,,,,,,,,grid_stat_20260728.stat,20260729_040000,0.03,0.45,0.3593,0.15,0.2,0.4593,0.3,0.4,,,,
STAT,V12.0.0,20260820_055425,INANWP,NA,000000,20260729_040000,000000,20260729_040000,20260728_160000,20260728_160000,NA,RAINNC,"(*,*)",hourlyPrecipRateGC,"(*,*)",mm,mm,gt1,gt1,NA,0.05,CTC,10000.0,,,,,,,,,,,,,,,,,,,,,,,grid_stat_20260728.stat,20260729_040000,,,,,,,,,571.0,182.0,271.0,8935.0
STAT,V12.0.0,20260820_055425,INANWP,NA,000000,20260729_040000,000000,20260729_040000,20260728_160000,20260728_160000,NA,RAINNC,"(*,*)",hourlyPrecipRateGC,"(*,*)",mm,mm,gt5,gt5,NA,0.05,CNT,10000.0,0.06,6.571,4.571,3.571,4.071,4.571,3.771,0.6786,20.898,4.571,0.5,3.657,0.3,0.9,0.1,1.0,0.5,0.2,0.1,0.05,0.04,0.03,grid_stat_20260728.stat,20260729_040000,,,,,,,,,,,,
STAT,V12.0.0,20260820_055425,INANWP,NA,000000,20260729_040000,000000,20260729_040000,20260728_160000,20260728_160000,NA,RAINNC,"(*,*)",hourlyPrecipRateGC,"(*,*)",mm,mm,gt5,gt5,NA,0.05,CTS,10000.0,,,,,,,,0.85,,,,,,,,,,,,,,,grid_stat_20260728.stat,20260729_040000,0.03,0.45,0.3393,0.15,0.2,0.4393,0.3,0.4,,,,
STAT,V12.0.0,20260820_055425,INANWP,NA,000000,20260729_040000,000000,20260729_040000,20260728_160000,20260728_160000,NA,RAINNC,"(*,*)",hourlyPrecipRateGC,"(*,*)",mm,mm,gt5,gt5,NA,0.05,CTC,10000.0,,,,,,,,,,,,,,,,,,,,,,,grid_stat_20260728.stat,20260729_040000,,,,,,,,,567.0,183.0,272.0,8933.0
STAT,V12.0.0,20260820_055425,INANWP,NA,000000,20260729_040000,000000,20260729_040000,20260728_160000,20260728_160000,NA,RAINNC,"(*,*)",hourlyPrecipRateGC,"(*,*)",mm,mm,gt10,gt10,NA,0.05,CNT,10000.0,0.06,6.571,4.571,3.571,4.071,4.571,3.771,0.6786,20.898,4.571,0.5,3.657,0.3,0.9,0.1,1.0,0.5,0.2,0.1,0.05,0.04,0.03,grid_stat_20260728.stat,20260729_040000,,,,,,,,,,,,
STAT,V12.0.0,20260820_055425,INANWP,NA,000000,20260729_040000,000000,20260729_040000,20260728_160000,20260728_160000,NA,RAINNC,"(*,*)",hourlyPrecipRateGC,"(*,*)",mm,mm,gt10,gt10,NA,0.05,CTS,10000.0,,,,,,,,0.85,,,,,,,,,,,,,,,grid_stat_20260728.stat,20260729_040000,0.03,0.45,0.3143,0.15,0.2,0.4143,0.3,0.4,,,,
STAT,V12.0.0,20260820_055425,INANWP,NA,000000,20260729_040000,000000,20260729_040000,20260728_160000,20260728_160000,NA,RAINNC,"(*,*)",hourlyPrecipRateGC,"(*,*)",mm,mm,gt10,gt10,NA,0.05,CTC,10000.0,,,,,,,,,,,,,,,,,,,,,,,grid_stat_20260728.stat,20260729_040000,,,,,,,,,562.0,184.0,274.0,8931.0
STAT,V12.0.0,20260820_055425,INANWP,NA,000000,20260729_040000,000000,20260729_040000,20260728_160000,20260728_160000,NA,RAINNC,"(*,*)",hourlyPrecipRateGC,"(*,*)",mm,mm,gt20,gt20,NA,0.05,CNT,10000.0,0.06,6.571,4.571,3.571,4.071,4.571,3.771,0.6786,20.898,4.571,0.5,3.657,0.3,0.9,0.1,1.0,0.5,0.2,0.1,0.05,0.04,0.03,grid_stat_20260728.stat,20260729_040000,,,,,,,,,,,,
STAT,V12.0.0,20260820_055425,INANWP,NA,000000,20260729_040000,000000,20260729_040000,20260728_160000,20260728_160000,NA,RAINNC,"(*,*)",hourlyPrecipRateGC,"(*,*)",mm,mm,gt20,gt20,NA,0.05,CTS,10000.0,,,,,,,,0.85,,,,,,,,,,,,,,,grid_stat_20260728.stat,20260729_040000,0.03,0.45,0.2643,0.15,0.2,0.3643,0.3,0.4,,,,
STAT,V12.0.0,20260820_055425,INANWP,NA,000000,20260729_040000,000000,20260729_040000,20260728_160000,20260728_160000,NA,RAINNC,"(*,*)",hourlyPrecipRateGC,"(*,*)",mm,mm,gt20,gt20,NA,0.05,CTC,10000.0,,,,,,,,,,,,,,,,,,,,,,,grid_stat_20260728.stat,20260729_040000,,,,,,,,,552.0,186.0,278.0,8926.0
STAT,V12.0.0,20260820_055425,INANWP,NA,000000,20260729_040000,000000,20260729_040000,20260728_160000,20260728_160000,NA,RAINNC,"(*,*)",hourlyPrecipRateGC,"(*,*)",mm,mm,gt50,gt50,NA,0.05,CNT,10000.0,0.06,6.571,4.571,3.571,4.071,4.571,3.771,0.6786,20.898,4.571,0.5,3.657,0.3,0.9,0.1,1.0,0.5,0.2,0.1,0.05,0.04,0.03,grid_stat_20260728.stat,20260729_040000,,,,,,,,,,,,
STAT,V12.0.0,20260820_055425,INANWP,NA,000000,20260729_040000,000000,20260729_040000,20260728_160000,20260728_160000,NA,RAINNC,"(*,*)",hourlyPrecipRateGC,"(*,*)",mm,mm,gt50,gt50,NA,0.05,CTS,10000.0,,,,,,,,0.85,,,,,,,,,,,,,,,grid_stat_20260728.stat,20260729_040000,0.03,0.45,0.1143,0.15,0.2,0.2143,0.3,0.4,,,,
STAT,V12.0.0,20260820_055425,INANWP,NA,000000,20260729_040000,000000,20260729_040000,20260728_160000,20260728_160000,NA,RAINNC,"(*,*)",hourlyPrecipRateGC,"(*,*)",mm,mm,gt50,gt50,NA,0.05,CTC,10000.0,,,,,,,,,,,,,,,,,,,,,,,grid_stat_20260728.stat,20260729_040000,,,,,,,,,522.0,194.0,290.0,8911.0
STAT,V12.0.0,20260820_055425,INANWP,NA,000000,20260729_050000,000000,20260729_050000,20260728_170000,20260728_170000,NA,RAINNC,"(*,*)",hourlyPrecipRateGC,"(*,*)",mm,mm,gt0.1,gt0.1,NA,0.05,CNT,10000.0,0.065,6.464,4.464,3.464,3.964,4.464,3.664,0.6857,19.93,4.464,0.5,3.571,0.325,0.9,0.1,1.0,0.5,0.2,0.1,0.05,0.04,0.03,grid_stat_20260728.stat,20260729_050000,,,,,,,,,,,,
STAT,V12.0.0,20260820_055425,INANWP,NA,000000,20260729_050000,000000,20260729_050000,20260728_170000,20260728_170000,NA,RAINNC,"(*,*)",hourlyPrecipRateGC,"(*,*)",mm,mm,gt0.1,gt0.1,NA,0.05,CTS,10000.0,,,,,,,,0.85,,,,,,,,,,,,,,,grid_stat_20260728.stat,20260729_050000,0.032,0.45,0.3674,0.15,0.2,0.4674,0.3,0.4,,,,
STAT,V12.0.0,20260820_055425,INANWP,NA,000000,20260729_050000,000000,20260729_050000,20260728_170000,20260728_170000,NA,RAINNC,"(*,*)",hourlyPrecipRateGC,"(*,*)",mm,mm,gt0.1,gt0.1,NA,0.05,CTC,10000.0,,,,,,,,,,,,,,,,,,,,,,,grid_stat_20260728.stat,20260729_050000,,,,,,,,,573.0,181.0,270.0,8936.0
STAT,V12.0.0,20260820_055425,INANWP,NA,000000,20260729_050000,000000,20260729_050000,20260728_170000,20260728_170000,NA,RAINNC,"(*,*)",hourlyPrecipRateGC,"(*,*)",mm,mm,gt1,gt1,NA,0.05,CNT,10000.0,0.065,6.464,4.464,3.464,3.964,4.464,3.664,0.6857,19.93,4.464,0.5,3.571,0.325,0.9,0.1,1.0,0.5,0.2,0.1,0.05,0.04,0.03,grid_stat_20260728.stat,20260729_050000,,,,,,,,,,,,
STAT,V12.0.0,20260820_055425,INANWP,NA,000000,20260729_050000,000000,20260729_050000,20260728_170000,20260728_170000,NA,RAINNC,"(*,*)",hourlyPrecipRateGC,"(*,*)",mm,mm,gt1,gt1,NA,0.05,CTS,10000.0,,,,,,,,0.85,,,,,,,,,,,,,,,grid_stat_20260728.stat,20260729_050000,0.032,0.45,0.3629,0.15,0.2,0.4629,0.3,0.4,,,,
STAT,V12.0.0,20260820_055425,INANWP,NA,000000,20260729_050000,000000,20260729_050000,20260728_170000,20260728_170000,NA,RAINNC,"(*,*)",hourlyPrecipRateGC,"(*,*)",mm,mm,gt1,gt1,NA,0.05,CTC,10000.0,,,,,,,,,,,,,,,,,,,,,,,grid_stat_20260728.stat,20260729_050000,,,,,,,,,572.0,181.0,270.0,8936.0
STAT,V12.0.0,20260820_055425,INANWP,NA,000000,20260729_050000,000000,20260729_050000,20260728_170000,20260728_170000,NA,RAINNC,"(*,*)",hourlyPrecipRateGC,"(*,*)",mm,mm,gt5,gt5,NA,0.05,CNT,10000.0,0.065,6.464,4.464,3.464,3.964,4.464,3.664,0.6857,19.93,4.464,0.5,3.571,0.325,0.9,0.1,1.0,0.5,0.2,0.1,0.05,0.04,0.03,grid_stat_20260728.stat,20260729_050000,,,,,,,,,,,,
STAT,V12.0.0,20260820_055425,INANWP,NA,000000,20260729_050000,000000,20260729_050000,20260728_170000,20260728_170000,NA,RAINNC,"(*,*)",hourlyPrecipRateGC,"(*,*)",mm,mm,gt5,gt5,NA,0.05,CTS,10000.0,,,,,,,,0.85,,,,,,,,,,,,,,,grid_stat_20260728.stat,20260729_050000,0.032,0.45,0.3429,0.15,0.2,0.4429,0.3,0.4,,,,
STAT,V12.0.0,20260820_055425,INANWP,NA,000000,20260729_050000,000000,20260729_050000,20260728_170000,20260728_170000,NA,RAINNC,"(*,*)",hourlyPrecipRateGC,"(*,*)",mm,mm,gt5,gt5,NA,0.05,CTC,10000.0,,,,,,,,,,,,,,,,,,,,,,,grid_stat_20260728.stat,20260729_050000,,,,,,,,,568.0,182.0,272.0,8934.0
STAT,V12.0.0,20260820_055425,INANWP,NA,000000,20260729_050000,000000,20260729_050000,20260728_170000,20260728_170000,NA,RAINNC,"(*,*)",hourlyPrecipRateGC,"(*,*)",mm,mm,gt10,gt10,NA,0.05,CNT,10000.0,0.065,6.464,4.464,3.464,3.964,4.464,3.664,0.6857,19.93,4.464,0.5,3.571,0.325,0.9,0.1,1.0,0.5,0.2,0.1,0.05,0.04,0.03,grid_stat_20260728.stat,20260729_050000,,,,,,,,,,,,
STAT,V12.0.0,20260820_055425,INANWP,NA,000000,20260729_050000,000000,20260729_050000,20260728_170000,20260728_170000,NA,RAINNC,"(*,*)",hourlyPrecipRateGC,"(*,*)",mm,mm,gt10,gt10,NA,0.05,CTS,10000.0,,,,,,,,0.85,,,,,,,,,,,,,,,grid_stat_20260728.stat,20260729_050000,0.032,0.45,0.3179,0.15,0.2,0.4179,0.3,0.4,,,,
STAT,V12.0.0,20260820_055425,INANWP,NA,000000,20260729_050000,000000,20260729_050000,20260728_170000,20260728_170000,NA,RAINNC,"(*,*)",hourlyPrecipRateGC,"(*,*)",mm,mm,gt10,gt10,NA,0.05,CTC,10000.0,,,,,,,,,,,,,,,,,,,,,,,grid_stat_20260728.stat,20260729_050000,,,,,,,,,563.0,184.0,274.0,8931.0
STAT,V12.0.0,20260820_055425,INANWP,NA,000000,20260729_050000,000000,20260729_050000,20260728_170000,20260728_170000,NA,RAINNC,"(*,*)",hourlyPrecipRateGC,"(*,*)",mm,mm,gt20,gt20,NA,0.05,CNT,10000.0,0.065,6.464,4.464,3.464,3.964,4.464,3.664,0.6857,19.93,4.464,0.5,3.571,0.325,0.9,0.1,1.0,0.5,0.2,0.1,0.05,0.04,0.03,grid_stat_20260728.stat,20260729_050000,,,,,,,,,,,,
STAT,V12.0.0,20260820_055425,INANWP,NA,000000,20260729_050000,000000,20260729_050000,20260728_170000,20260728_170000,NA,RAINNC,"(*,*)",hourlyPrecipRateGC,"(*,*)",mm,mm,gt20,gt20,NA,0.05,CTS,10000.0,,,,,,,,0.85,,,,,,,,,,,,,,,grid_stat_20260728.stat,20260729_050000,0.032,0.45,0.2679,0.15,0.2,0.3679,0.3,0.4,,,,
STAT,V12.0.0,20260820_055425,INANWP,NA,000000,20260729_050000,000000,20260729_050000,20260728_170000,20260728_170000,NA,RAINNC,"(*,*)",hourlyPrecipRateGC,"(*,*)",mm,mm,gt20,gt20,NA,0.05,CTC,10000.0,,,,,,,,,,,,,,,,,,,,,,,grid_stat_20260728.stat,20260729_050000,,,,,,,,,553.0,186.0,278.0,8926.0
STAT,V12.0.0,20260820_055425,INANWP,NA,000000,20260729_050000,000000,20260729_050000,20260728_170000,20260728_170000,NA,RAINNC,"(*,*)",hourlyPrecipRateGC,"(*,*)",mm,mm,gt50,gt50,NA,0.05,CNT,10000.0,0.065,6.464,4.464,3.464,3.964,4.464,3.664,0.6857,19.93,4.464,0.5,3.571,0.325,0.9,0.1,1.0,0.5,0.2,0.1,0.05,0.04,0.03,grid_stat_20260728.stat,20260729_050000,,,,,,,,,,,,
STAT,V12.0.0,20260820_055425,INANWP,NA,000000,20260729_050000,000000,20260729_050000,20260728_170000,20260728_170000,NA,RAINNC,"(*,*)",hourlyPrecipRateGC,"(*,*)",mm,mm,gt50,gt50,NA,0.05,CTS,10000.0,,,,,,,,0.85,,,,,,,,,,,,,,,grid_stat_20260728.stat,20260729_050000,0.032,0.45,0.1179,0.15,0.2,0.2179,0.3,0.4,,,,
STAT,V12.0.0,20260820_055425,INANWP,NA,000000,20260729_050000,000000,20260729_050000,20260728_170000,20260728_170000,NA,RAINNC,"(*,*)",hourlyPrecipRateGC,"(*,*)",mm,mm,gt50,gt50,NA,0.05,CTC,10000.0,,,,,,,,,,,,,,,,,,,,,,,grid_stat_20260728.stat,20260729_050000,,,,,,,,,523.0,194.0,290.0,8911.0
STAT,V12.0.0,20260820_055425,INANWP,NA,000000,20260729_060000,000000,20260729_060000,20260728_180000,20260728_180000,NA,RAINNC,"(*,*)",hourlyPrecipRateGC,"(*,*)",mm,mm,gt0.1,gt0.1,NA,0.05,CNT,10000.0,0.07,6.357,4.357,3.357,3.857,4.357,3.557,0.6929,18.985,4.357,0.5,3.486,0.35,0.9,0.1,1.0,0.5,0.2,0.1,0.05,0.04,0.03,grid_stat_20260728.stat,20260729_060000,,,,,,,,,,,,
STAT,V12.0.0,20260820_055425,INANWP,NA,000000,20260729_060000,000000,20260729_060000,20260728_180000,20260728_180000,NA,RAINNC,"(*,*)",hourlyPrecipRateGC,"(*,*)",mm,mm,gt0.1,gt0.1,NA,0.05,CTS,10000.0,,,,,,,,0.85,,,,,,,,,,,,,,,grid_stat_20260728.stat,20260729_060000,0.035,0.45,0.3709,0.15,0.2,0.4709,0.3,0.4,,,,
STAT,V12.0.0,20260820_055425,INANWP,NA,000000,20260729_060000,000000,20260729_060000,20260728_180000,20260728_180000,NA,RAINNC,"(*,*)",hourlyPrecipRateGC,"(*,*)",mm,mm,gt0.1,gt0.1,NA,0.05,CTC,10000.0,,,,,,,,,,,,,,,,,,,,,,,grid_stat_20260728.stat,20260729_060000,,,,,,,,,574.0,181.0,270.0,8937.0
STAT,V12.0.0,20260820_055425,INANWP,NA,000000,20260729_060000,000000,20260729_060000,20260728_180000,20260728_180000,NA,RAINNC,"(*,*)",hourlyPrecipRateGC,"(*,*)",mm,mm,gt1,gt1,NA,0.05,CNT,10000.0,0.07,6.357,4.357,3.357,3.857,4.357,3.557,0.6929,18.985,4.357,0.5,3.486,0.35,0.9,0.1,1.0,0.5,0.2,0.1,0.05,0.04,0.03,grid_stat_20260728.stat,20260729_060000,,,,,,,,,,,,
STAT,V12.0.0,20260820_055425,INANWP,NA,000000,20260729_060000,000000,20260729_060000,20260728_180000,20260728_180000,NA,RAINNC,"(*,*)",hourlyPrecipRateGC,"(*,*)",mm,mm,gt1,gt1,NA,0.05,CTS,10000.0,,,,,,,,0.85,,,,,,,,,,,,,,,grid_stat_20260728.stat,20260729_060000,0.035,0.45,0.3664,0.15,0.2,0.4664,0.3,0.4,,,,
STAT,V12.0.0,20260820_055425,INANWP,NA,000000,20260729_060000,000000,20260729_060000,20260728_180000,20260728_180000,NA,RAINNC,"(*,*)",hourlyPrecipRateGC,"(*,*)",mm,mm,gt1,gt1,NA,0.05,CTC,10000.0,,,,,,,,,,,,,,,,,,,,,,,grid_stat_20260728.stat,20260729_060000,,,,,,,,,573.0,181.0,270.0,8936.0
STAT,V12.0.0,20260820_055425,INANWP,NA,000000,20260729_060000,000000,20260729_060000,20260728_180000,20260728_180000,NA,RAINNC,"(*,*)",hourlyPrecipRateGC,"(*,*)",mm,mm,gt5,gt5,NA,0.05,CNT,10000.0,0.07,6.357,4.357,3.357,3.857,4.357,3.557,0.6929,18.985,4.357,0.5,3.486,0.35,0.9,0.1,1.0,0.5,0.2,0.1,0.05,0.04,0.03,grid_stat_20260728.stat,20260729_060000,,,,,,,,,,,,
STAT,V12.0.0,20260820_055425,INANWP,NA,000000,20260729_060000,000000,20260729_060000,20260728_180000,20260728_180000,NA,RAINNC,"(*,*)",hourlyPrecipRateGC,"(*,*)",mm,mm,gt5,gt5,NA,0.05,CTS,10000.0,,,,,,,,0.85,,,,,,,,,,,,,,,grid_stat_20260728.stat,20260729_060000,0.035,0.45,0.3464,0.15,0.2,0.4464,0.3,0.4,,,,
STAT,V12.0.0,20260820_055425,INANWP,NA,000000,20260729_060000,000000,20260729_060000,20260728_180000,20260728_180000,NA,RAINNC,"(*,*)",hourlyPrecipRateGC,"(*,*)",mm,mm,gt5,gt5,NA,0.05,CTC,10000.0,,,,,,,,,,,,,,,,,,,,,,,grid_stat_20260728.stat,20260729_060000,,,,,,,,,569.0,182.0,272.0,8934.0
STAT,V12.0.0,20260820_055425,INANWP,NA,000000,20260729_060000,000000,20260729_060000,20260728_180000,20260728_180000,NA,RAINNC,"(*,*)",hourlyPrecipRateGC,"(*,*)",mm,mm,gt10,gt10,NA,0.05,CNT,10000.0,0.07,6.357,4.357,3.357,3.857,4.357,3.557,0.6929,18.985,4.357,0.5,3.486,0.35,0.9,0.1,1.0,0.5,0.2,0.1,0.05,0.04,0.03,grid_stat_20260728.stat,20260729_060000,,,,,,,,,,,,
STAT,V12.0.0,20260820_055425,INANWP,NA,000000,20260729_060000,000000,20260729_060000,20260728_180000,20260728_180000,NA,RAINNC,"(*,*)",hourlyPrecipRateGC,"(*,*)",mm,mm,gt10,gt10,NA,0.05,CTS,10000.0,,,,,,,,0.85,,,,,,,,,,,,,,,grid_stat_20260728.stat,20260729_060000,0.035,0.45,0.3214,0.15,0.2,0.4214,0.3,0.4,,,,
STAT,V12.0.0,20260820_055425,INANWP,NA,000000,20260729_060000,000000,20260729_060000,20260728_180000,20260728_180000,NA,RAINNC,"(*,*)",hourlyPrecipRateGC,"(*,*)",mm,mm,gt10,gt10,NA,0.05,CTC,10000.0,,,,,,,,,,,,,,,,,,,,,,,grid_stat_20260728.stat,20260729_060000,,,,,,,,,564.0,183.0,274.0,8932.0
STAT,V12.0.0,20260820_055425,INANWP,NA,000000,20260729_060000,000000,20260729_060000,20260728_180000,20260728_180000,NA,RAINNC,"(*,*)",hourlyPrecipRateGC,"(*,*)",mm,mm,gt20,gt20,NA,0.05,CNT,10000.0,0.07,6.357,4.357,3.357,3.857,4.357,3.557,0.6929,18.985,4.357,0.5,3.486,0.35,0.9,0.1,1.0,0.5,0.2,0.1,0.05,0.04,0.03,grid_stat_20260728.stat,20260729_060000,,,,,,,,,,,,
STAT,V12.0.0,20260820_055425,INANWP,NA,000000,20260729_060000,000000,20260729_060000,20260728_180000,20260728_180000,NA,RAINNC,"(*,*)",hourlyPrecipRateGC,"(*,*)",mm,mm,gt20,gt20,NA,0.05,CTS,10000.0,,,,,,,,0.85,,,,,,,,,,,,,,,grid_stat_20260728.stat,20260729_060000,0.035,0.45,0.2714,0.15,0.2,0.3714,0.3,0.4,,,,
STAT,V12.0.0,20260820_055425,INANWP,NA,000000,20260729_060000,000000,20260729_060000,20260728_180000,20260728_180000,NA,RAINNC,"(*,*)",hourlyPrecipRateGC,"(*,*)",mm,mm,gt20,gt20,NA,0.05,CTC,10000.0,,,,,,,,,,,,,,,,,,,,,,,grid_stat_20260728.stat,20260729_060000,,,,,,,,,554.0,186.0,278.0,8927.0
STAT,V12.0.0,20260820_055425,INANWP,NA,000000,20260729_060000,000000,20260729_060000,20260728_180000,20260728_180000,NA,RAINNC,"(*,*)",hourlyPrecipRateGC,"(*,*)",mm,mm,gt50,gt50,NA,0.05,CNT,10000.0,0.07,6.357,4.357,3.357,3.857,4.357,3.557,0.6929,18.985,4.357,0.5,3.486,0.35,0.9,0.1,1.0,0.5,0.2,0.1,0.05,0.04,0.03,grid_stat_20260728.stat,20260729_060000,,,,,,,,,,,,
STAT,V12.0.0,20260820_055425,INANWP,NA,000000,20260729_060000,000000,20260729_060000,20260728_180000,20260728_180000,NA,RAINNC,"(*,*)",hourlyPrecipRateGC,"(*,*)",mm,mm,gt50,gt50,NA,0.05,CTS,10000.0,,,,,,,,0.85,,,,,,,,,,,,,,,grid_stat_20260728.stat,20260729_060000,0.035,0.45,0.1214,0.15,0.2,0.2214,0.3,0.4,,,,
STAT,V12.0.0,20260820_055425,INANWP,NA,000000,20260729_060000,000000,20260729_060000,20260728_180000,20260728_180000,NA,RAINNC,"(*,*)",hourlyPrecipRateGC,"(*,*)",mm,mm,gt50,gt50,NA,0.05,CTC,10000.0,,,,,,,,,,,,,,,,,,,,,,,grid_stat_20260728.stat,20260729_060000,,,,,,,,,524.0,193.0,290.0,8912.0
STAT,V12.0.0,20260820_055425,INANWP,NA,000000,20260729_070000,000000,20260729_070000,20260728_190000,20260728_190000,NA,RAINNC,"(*,*)",hourlyPrecipRateGC,"(*,*)",mm,mm,gt0.1,gt0.1,NA,0.05,CNT,10000.0,0.075,6.25,4.25,3.25,3.75,4.25,3.45,0.7,18.062,4.25,0.5,3.4,0.375,0.9,0.1,1.0,0.5,0.2,0.1,0.05,0.04,0.03,grid_stat_20260728.stat,20260729_070000,,,,,,,,,,,,
STAT,V12.0.0,20260820_055425,INANWP,NA,000000,20260729_070000,000000,20260729_070000,20260728_190000,20260728_190000,NA,RAINNC,"(*,*)",hourlyPrecipRateGC,"(*,*)",mm,mm,gt0.1,gt0.1,NA,0.05,CTS,10000.0,,,,,,,,0.85,,,,,,,,,,,,,,,grid_stat_20260728.stat,20260729_070000,0.037,0.45,0.3745,0.15,0.2,0.4745,0.3,0.4,,,,
STAT,V12.0.0,20260820_055425,INANWP,NA,000000,20260729_070000,000000,20260729_070000,20260728_190000,20260728_190000,NA,RAINNC,"(*,*)",hourlyPrecipRateGC,"(*,*)",mm,mm,gt0.1,gt0.1,NA,0.05,CTC,10000.0,,,,,,,,,,,,,,,,,,,,,,,grid_stat_20260728.stat,20260729_070000,,,,,,,,,574.0,181.0,270.0,8937.0
STAT,V12.0.0,20260820_055425,INANWP,NA,000000,20260729_070000,000000,20260729_070000,20260728_190000,20260728_190000,NA,RAINNC,"(*,*)",hourlyPrecipRateGC,"(*,*)",mm,mm,gt1,gt1,NA,0.05,CNT,10000.0,0.075,6.25,4.25,3.25,3.75,4.25,3.45,0.7,18.062,4.25,0.5,3.4,0.375,0.9,0.1,1.0,0.5,0.2,0.1,0.05,0.04,0.03,grid_stat_20260728.stat,20260729_070000,,,,,,,,,,,,
STAT,V12.0.0,20260820_055425,INANWP,NA,000000,20260729_070000,000000,20260729_070000,20260728_190000,20260728_190000,NA,RAINNC,"(*,*)",hourlyPrecipRateGC,"(*,*)",mm,mm,gt1,gt1,NA,0.05,CTS,10000.0,,,,,,,,0.85,,,,,,,,,,,,,,,grid_stat_20260728.stat,20260729_070000,0.037,0.45,0.37,0.15,0.2,0.47,0.3,0.4,,,,
STAT,V12.0.0,20260820_055425,INANWP,NA,000000,20260729_070000,000000,20260729_070000,20260728_190000,20260728_190000,NA,RAINNC,"(*,*)",hourlyPrecipRateGC,"(*,*)",mm,mm,gt1,gt1,NA,0.05,CTC,10000.0,,,,,,,,,,,,,,,,,,,,,,,grid_stat_20260728.stat,20260729_070000,,,,,,,,,574.0,181.0,270.0,8937.0
STAT,V12.0.0,20260820_055425,INANWP,NA,000000,20260729_070000,000000,20260729_070000,20260728_190000,20260728_190000,NA,RAINNC,"(*,*)",hourlyPrecipRateGC,"(*,*)",mm,mm,gt5,gt5,NA,0.05,CNT,10000.0,0.075,6.25,4.25,3.25,3.75,4.25,3.45,0.7,18.062,4.25,0.5,3.4,0.375,0.9,0.1,1.0,0.5,0.2,0.1,0.05,0.04,0.03,grid_stat_20260728.stat,20260729_070000,,,,,,,,,,,,
STAT,V12.0.0,20260820_055425,INANWP,NA,000000,20260729_070000,000000,20260729_070000,20260728_190000,20260728_190000,NA,RAINNC,"(*,*)",hourlyPrecipRateGC,"(*,*)",mm,mm,gt5,gt5,NA,0.05,CTS,10000.0,,,,,,,,0.85,,,,,,,,,,,,,,,grid_stat_20260728.stat,20260729_070000,0.037,0.45,0.35,0.15,0.2,0.45,0.3,0.4,,,,
STAT,V12.0.0,20260820_055425,INANWP,NA,000000,20260729_070000,000000,20260729_070000,20260728_190000,20260728_190000,NA,RAINNC,"(*,*)",hourlyPrecipRateGC,"(*,*)",mm,mm,gt5,gt5,NA,0.05,CTC,10000.0,,,,,,,,,,,,,,,,,,,,,,,grid_stat_20260728.stat,20260729_070000,,,,,,,,,570.0,182.0,272.0,8935.0
STAT,V12.0.0,20260820_055425,INANWP,NA,000000,20260729_070000,000000,20260729_070000,20260728_190000,20260728_190000,NA,RAINNC,"(*,*)",hourlyPrecipRateGC,"(*,*)",mm,mm,gt10,gt10,NA,0.05,CNT,10000.0,0.075,6.25,4.25,3.25,3.75,4.25,3.45,0.7,18.062,4.25,0.5,3.4,0.375,0.9,0.1,1.0,0.5,0.2,0.1,0.05,0.04,0.03,grid_stat_20260728.stat,20260729_070000,,,,,,,,,,,,
STAT,V12.0.0,20260820_055425,INANWP,NA,000000,20260729_070000,000000,20260729_070000,20260728_190000,20260728_190000,NA,RAINNC,"(*,*)",hourlyPrecipRateGC,"(*,*)",mm,mm,gt10,gt10,NA,0.05,CTS,10000.0,,,,,,,,0.85,,,,,,,,,,,,,,,grid_stat_20260728.stat,20260729_070000,0.037,0.45,0.325,0.15,0.2,0.425,0.3,0.4,,,,
STAT,V12.0.0,20260820_055425,INANWP,NA,000000,20260729_070000,000000,20260729_070000,20260728_190000,20260728_190000,NA,RAINNC,"(*,*)",hourlyPrecipRateGC,"(*,*)",mm,mm,gt10,gt10,NA,0.05,CTC,10000.0,,,,,,,,,,,,,,,,,,,,,,,grid_stat_20260728.stat,20260729_070000,,,,,,,,,565.0,183.0,274.0,8932.0
STAT,V12.0.0,20260820_055425,INANWP,NA,000000,20260729_070000,000000,20260729_070000,20260728_190000,20260728_190000,NA,RAINNC,"(*,*)",hourlyPrecipRateGC,"(*,*)",mm,mm,gt20,gt20,NA,0.05,CNT,10000.0,0.075,6.25,4.25,3.25,3.75,4.25,3.45,0.7,18.062,4.25,0.5,3.4,0.375,0.9,0.1,1.0,0.5,0.2,0.1,0.05,0.04,0.03,grid_stat_20260728.stat,20260729_070000,,,,,,,,,,,,
STAT,V12.0.0,20260820_055425,INANWP,NA,000000,20260729_070000,000000,20260729_070000,20260728_190000,20260728_190000,NA,RAINNC,"(*,*)",hourlyPrecipRateGC,"(*,*)",mm,mm,gt20,gt20,NA,0.05,CTS,10000.0,,,,,,,,0.85,,,,,,,,,,,,,,,grid_stat_20260728.stat,20260729_070000,0.037,0.45,0.275,0.15,0.2,0.375,0.3,0.4,,,,
STAT,V12.0.0,20260820_055425,INANWP,NA,000000,20260729_070000,000000,20260729_070000,20260728_190000,20260728_190000,NA,RAINNC,"(*,*)",hourlyPrecipRateGC,"(*,*)",mm,mm,gt20,gt20,NA,0.05,CTC,10000.0,,,,,,,,,,,,,,,,,,,,,,,grid_stat_20260728.stat,20260729_070000,,,,,,,,,555.0,186.0,278.0,8927.0
STAT,V12.0.0,20260820_055425,INANWP,NA,000000,20260729_070000,000000,20260729_070000,20260728_190000,20260728_190000,NA,RAINNC,"(*,*)",hourlyPrecipRateGC,"(*,*)",mm,mm,gt50,gt50,NA,0.05,CNT,10000.0,0.075,6.25,4.25,3.25,3.75,4.25,3.45,0.7,18.062,4.25,0.5,3.4,0.375,0.9,0.1,1.0,0.5,0.2,0.1,0.05,0.04,0.03,grid_stat_20260728.stat,20260729_070000,,,,,,,,,,,,
STAT,V12.0.0,20260820_055425,INANWP,NA,000000,20260729_070000,000000,20260729_070000,20260728_190000,20260728_190000,NA,RAINNC,"(*,*)",hourlyPrecipRateGC,"(*,*)",mm,mm,gt50,gt50,NA,0.05,CTS,10000.0,,,,,,,,0.85,,,,,,,,,,,,,,,grid_stat_20260728.stat,20260729_070000,0.037,0.45,0.125,0.15,0.2,0.225,0.3,0.4,,,,
STAT,V12.0.0,20260820_055425,INANWP,NA,000000,20260729_070000,000000,20260729_070000,20260728_190000,20260728_190000,NA,RAINNC,"(*,*)",hourlyPrecipRateGC,"(*,*)",mm,mm,gt50,gt50,NA,0.05,CTC,10000.0,,,,,,,,,,,,,,,,,,,,,,,grid_stat_20260728.stat,20260729_070000,,,,,,,,,525.0,193.0,290.0,8912.0
STAT,V12.0.0,20260820_055425,INANWP,NA,000000,20260729_080000,000000,20260729_080000,20260728_200000,20260728_200000,NA,RAINNC,"(*,*)",hourlyPrecipRateGC,"(*,*)",mm,mm,gt0.1,gt0.1,NA,0.05,CNT,10000.0,0.08,6.143,4.143,3.143,3.643,4.143,3.343,0.7071,17.163,4.143,0.5,3.314,0.4,0.9,0.1,1.0,0.5,0.2,0.1,0.05,0.04,0.03,grid_stat_20260728.stat,20260729_080000,,,,,,,,,,,,
STAT,V12.0.0,20260820_055425,INANWP,NA,000000,20260729_080000,000000,20260729_080000,20260728_200000,20260728_200000,NA,RAINNC,"(*,*)",hourlyPrecipRateGC,"(*,*)",mm,mm,gt0.1,gt0.1,NA,0.05,CTS,10000.0,,,,,,,,0.85,,,,,,,,,,,,,,,grid_stat_20260728.stat,20260729_080000,0.04,0.45,0.3781,0.15,0.2,0.4781,0.3,0.4,,,,
STAT,V12.0.0,20260820_055425,INANWP,NA,000000,20260729_080000,000000,20260729_080000,20260728_200000,20260728_200000,NA,RAINNC,"(*,*)",hourlyPrecipRateGC,"(*,*)",mm,mm,gt0.1,gt0.1,NA,0.05,CTC,10000.0,,,,,,,,,,,,,,,,,,,,,,,grid_stat_20260728.stat,20260729_080000,,,,,,,,,575.0,181.0,269.0,8937.0
STAT,V12.0.0,20260820_055425,INANWP,NA,000000,20260729_080000,000000,20260729_080000,20260728_200000,20260728_200000,NA,RAINNC,"(*,*)",hourlyPrecipRateGC,"(*,*)",mm,mm,gt1,gt1,NA,0.05,CNT,10000.0,0.08,6.143,4.143,3.143,3.643,4.143,3.343,0.7071,17.163,4.143,0.5,3.314,0.4,0.9,0.1,1.0,0.5,0.2,0.1,0.05,0.04,0.03,grid_stat_20260728.stat,20260729_080000,,,,,,,,,,,,
STAT,V12.0.0,20260820_055425,INANWP,NA,000000,20260729_080000,000000,20260729_080000,20260728_200000,20260728_200000,NA,RAINNC,"(*,*)",hourlyPrecipRateGC,"(*,*)",mm,mm,gt1,gt1,NA,0.05,CTS,10000.0,,,,,,,,0.85,,,,,,,,,,,,,,,grid_stat_20260728.stat,20260729_080000,0.04,0.45,0.3736,0.15,0.2,0.4736,0.3,0.4,,,,
STAT,V12.0.0,20260820_055425,INANWP,NA,000000,20260729_080000,000000,20260729_080000,20260728_200000,20260728_200000,NA,RAINNC,"(*,*)",hourlyPrecipRateGC,"(*,*)",mm,mm,gt1,gt1,NA,0.05,CTC,10000.0,,,,,,,,,,,,,,,,,,,,,,,grid_stat_20260728.stat,20260729_080000,,,,,,,,,574.0,181.0,270.0,8937.0
STAT,V12.0.0,20260820_055425,INANWP,NA,000000,20260729_080000,000000,20260729_080000,20260728_200000,20260728_200000,NA,RAINNC,"(*,*)",hourlyPrecipRateGC,"(*,*)",mm,mm,gt5,gt5,NA,0.05,CNT,10000.0,0.08,6.143,4.143,3.143,3.643,4.143,3.343,0.7071,17.163,4.143,0.5,3.314,0.4,0.9,0.1,1.0,0.5,0.2,0.1,0.05,0.04,0.03,grid_stat_20260728.stat,20260729_080000,,,,,,,,,,,,
STAT,V12.0.0,20260820_055425,INANWP,NA,000000,20260729_080000,000000,20260729_080000,20260728_200000,20260728_200000,NA,RAINNC,"(*,*)",hourlyPrecipRateGC,"(*,*)",mm,mm,gt5,gt5,NA,0.05,CTS,10000.0,,,,,,,,0.85,,,,,,,,,,,,,,,grid_stat_20260728.stat,20260729_080000,0.04,0.45,0.3536,0.15,0.2,0.4536,0.3,0.4,,,,
STAT,V12.0.0,20260820_055425,INANWP,NA,000000,20260729_080000,000000,20260729_080000,20260728_200000,20260728_200000,NA,RAINNC,"(*,*)",hourlyPrecipRateGC,"(*,*)",mm,mm,gt5,gt5,NA,0.05,CTC,10000.0,,,,,,,,,,,,,,,,,,,,,,,grid_stat_20260728.stat,20260729_080000,,,,,,,,,570.0,182.0,271.0,8935.0
STAT,V12.0.0,20260820_055425,INANWP,NA,000000,20260729_080000,000000,20260729_080000,20260728_200000,20260728_200000,NA,RAINNC,"(*,*)",hourlyPrecipRateGC,"(*,*)",mm,mm,gt10,gt10,NA,0.05,CNT,10000.0,0.08,6.143,4.143,3.143,3.643,4.143,3.343,0.7071,17.163,4.143,0.5,3.314,0.4,0.9,0.1,1.0,0.5,0.2,0.1,0.05,0.04,0.03,grid_stat_20260728.stat,20260729_080000,,,,,,,,,,,,
STAT,V12.0.0,20260820_055425,INANWP,NA,000000,20260729_080000,000000,20260729_080000,20260728_200000,20260728_200000,NA,RAINNC,"(*,*)",hourlyPrecipRateGC,"(*,*)",mm,mm,gt10,gt10,NA,0.05,CTS,10000.0,,,,,,,,0.85,,,,,,,,,,,,,,,grid_stat_20260728.stat,20260729_080000,0.04,0.45,0.3286,0.15,0.2,0.4286,0.3,0.4,,,,
STAT,V12.0.0,20260820_055425,INANWP,NA,000000,20260729_080000,000000,20260729_080000,20260728_200000,20260728_200000,NA,RAINNC,"(*,*)",hourlyPrecipRateGC,"(*,*)",mm,mm,gt10,gt10,NA,0.05,CTC,10000.0,,,,,,,,,,,,,,,,,,,,,,,grid_stat_20260728.stat,20260729_080000,,,,,,,,,565.0,183.0,273.0,8932.0
STAT,V12.0.0,20260820_055425,INANWP,NA,000000,20260729_080000,000000,20260729_080000,20260728_200000,20260728_200000,NA,RAINNC,"(*,*)",hourlyPrecipRateGC,"(*,*)",mm,mm,gt20,gt20,NA,0.05,CNT,10000.0,0.08,6.143,4.143,3.143,3.643,4.143,3.343,0.7071,17.163,4.143,0.5,3.314,0.4,0.9,0.1,1.0,0.5,0.2,0.1,0.05,0.04,0.03,grid_stat_20260728.stat,20260729_080000,,,,,,,,,,,,
STAT,V12.0.0,20260820_055425,INANWP,NA,000000,20260729_080000,000000,20260729_080000,20260728_200000,20260728_200000,NA,RAINNC,"(*,*)",hourlyPrecipRateGC,"(*,*)",mm,mm,gt20,gt20,NA,0.05,CTS,10000.0,,,,,,,,0.85,,,,,,,,,,,,,,,grid_stat_20260728.stat,20260729_080000,0.04,0.45,0.2786,0.15,0.2,0.3786,0.3,0.4,,,,
STAT,V12.0.0,20260820_055425,INANWP,NA,000000,20260729_080000,000000,20260729_080000,20260728_200000,20260728_200000,NA,RAINNC,"(*,*)",hourlyPrecipRateGC,"(*,*)",mm,mm,gt20,gt20,NA,0.05,CTC,10000.0,,,,,,,,,,,,,,,,,,,,,,,grid_stat_20260728.stat,20260729_080000,,,,,,,,,555.0,186.0,277.0,8927.0
STAT,V12.0.0,20260820_055425,INANWP,NA,000000,20260729_080000,000000,20260729_080000,20260728_200000,20260728_200000,NA,RAINNC,"(*,*)",hourlyPrecipRateGC,"(*,*)",mm,mm,gt50,gt50,NA,0.05,CNT,10000.0,0.08,6.143,4.143,3.143,3.643,4.143,3.343,0.7071,17.163,4.143,0.5,3.314,0.4,0.9,0.1,1.0,0.5,0.2,0.1,0.05,0.04,0.03,grid_stat_20260728.stat,20260729_080000,,,,,,,,,,,,
STAT,V12.0.0,20260820_055425,INANWP,NA,000000,20260729_080000,000000,20260729_080000,20260728_200000,20260728_200000,NA,RAINNC,"(*,*)",hourlyPrecipRateGC,"(*,*)",mm,mm,gt50,gt50,NA,0.05,CTS,10000.0,,,,,,,,0.85,,,,,,,,,,,,,,,grid_stat_20260728.stat,20260729_080000,0.04,0.45,0.1286,0.15,0.2,0.2286,0.3,0.4,,,,
STAT,V12.0.0,20260820_055425,INANWP,NA,000000,20260729_080000,000000,20260729_080000,20260728_200000,20260728_200000,NA,RAINNC,"(*,*)",hourlyPrecipRateGC,"(*,*)",mm,mm,gt50,gt50,NA,0.05,CTC,10000.0,,,,,,,,,,,,,,,,,,,,,,,grid_stat_20260728.stat,20260729_080000,,,,,,,,,525.0,193.0,289.0,8912.0
STAT,V12.0.0,20260820_055425,INANWP,NA,000000,20260729_090000,000000,20260729_090000,20260728_210000,20260728_210000,NA,RAINNC,"(*,*)",hourlyPrecipRateGC,"(*,*)",mm,mm,gt0.1,gt0.1,NA,0.05,CNT,10000.0,0.085,6.036,4.036,3.036,3.536,4.036,3.236,0.7143,16.287,4.036,0.5,3.229,0.425,0.9,0.1,1.0,0.5,0.2,0.1,0.05,0.04,0.03,grid_stat_20260728.stat,20260729_090000,,,,,,,,,,,,
STAT,V12.0.0,20260820_055425,INANWP,NA,000000,20260729_090000,000000,20260729_090000,20260728_210000,20260728_210000,NA,RAINNC,"(*,*)",hourlyPrecipRateGC,"(*,*)",mm,mm,gt0.1,gt0.1,NA,0.05,CTS,10000.0,,,,,,,,0.85,,,,,,,,,,,,,,,grid_stat_20260728.stat,20260729_090000,0.042,0.45,0.3816,0.15,0.2,0.4816,0.3,0.4,,,,
STAT,V12.0.0,20260820_055425,INANWP,NA,000000,20260729_090000,000000,20260729_090000,20260728_210000,20260728_210000,NA,RAINNC,"(*,*)",hourlyPrecipRateGC,"(*,*)",mm,mm,gt0.1,gt0.1,NA,0.05,CTC,10000.0,,,,,,,,,,,,,,,,,,,,,,,grid_stat_20260728.stat,20260729_090000,,,,,,,,,576.0,180.0,269.0,8938.0
STAT,V12.0.0,20260820_055425,INANWP,NA,000000,20260729_090000,000000,20260729_090000,20260728_210000,20260728_210000,NA,RAINNC,"(*,*)",hourlyPrecipRateGC,"(*,*)",mm,mm,gt1,gt1,NA,0.05,CNT,10000.0,0.085,6.036,4.036,3.036,3.536,4.036,3.236,0.7143,16.287,4.036,0.5,3.229,0.425,0.9,0.1,1.0,0.5,0.2,0.1,0.05,0.04,0.03,grid_stat_20260728.stat,20260729_090000,,,,,,,,,,,,
STAT,V12.0.0,20260820_055425,INANWP,NA,000000,20260729_090000,000000,20260729_090000,20260728_210000,20260728_210000,NA,RAINNC,"(*,*)",hourlyPrecipRateGC,"(*,*)",mm,mm,gt1,gt1,NA,0.05,CTS,10000.0,,,,,,,,0.85,,,,,,,,,,,,,,,grid_stat_20260728.stat,20260729_090000,0.042,0.45,0.3771,0.15,0.2,0.4771,0.3,0.4,,,,
STAT,V12.0.0,20260820_055425,INANWP,NA,000000,20260729_090000,000000,20260729_090000,20260728_210000,20260728_210000,NA,RAINNC,"(*,*)",hourlyPrecipRateGC,"(*,*)",mm,mm,gt1,gt1,NA,0.05,CTC,10000.0,,,,,,,,,,,,,,,,,,,,,,,grid_stat_20260728.stat,20260729_090000,,,,,,,,,575.0,181.0,269.0,8937.0
STAT,V12.0.0,20260820_055425,INANWP,NA,000000,20260729_090000,000000,20260729_090000,20260728_210000,20260728_210000,NA,RAINNC,"(*,*)",hourlyPrecipRateGC,"(*,*)",mm,mm,gt5,gt5,NA,0.05,CNT,10000.0,0.085,6.036,4.036,3.036,3.536,4.036,3.236,0.7143,16.287,4.036,0.5,3.229,0.425,0.9,0.1,1.0,0.5,0.2,0.1,0.05,0.04,0.03,grid_stat_20260728.stat,20260729_090000,,,,,,,,,,,,
STAT,V12.0.0,20260820_055425,INANWP,NA,000000,20260729_090000,000000,20260729_090000,20260728_210000,20260728_210000,NA,RAINNC,"(*,*)",hourlyPrecipRateGC,"(*,*)",mm,mm,gt5,gt5,NA,0.05,CTS,10000.0,,,,,,,,0.85,,,,,,,,,,,,,,,grid_stat_20260728.stat,20260729_090000,0.042,0.45,0.3571,0.15,0.2,0.4571,0.3,0.4,,,,
STAT,V12.0.0,20260820_055425,INANWP,NA,000000,20260729_090000,000000,20260729_090000,20260728_210000,20260728_210000,NA,RAINNC,"(*,*)",hourlyPrecipRateGC,"(*,*)",mm,mm,gt5,gt5,NA,0.05,CTC,10000.0,,,,,,,,,,,,,,,,,,,,,,,grid_stat_20260728.stat,20260729_090000,,,,,,,,,571.0,182.0,271.0,8935.0
STAT,V12.0.0,20260820_055425,INANWP,NA,000000,20260729_090000,000000,20260729_090000,20260728_210000,20260728_210000,NA,RAINNC,"(*,*)",hourlyPrecipRateGC,"(*,*)",mm,mm,gt10,gt10,NA,0.05,CNT,10000.0,0.085,6.036,4.036,3.036,3.536,4.036,3.236,0.7143,16.287,4.036,0.5,3.229,0.425,0.9,0.1,1.0,0.5,0.2,0.1,0.05,0.04,0.03,grid_stat_20260728.stat,20260729_090000,,,,,,,,,,,,
STAT,V12.0.0,20260820_055425,INANWP,NA,000000,20260729_090000,000000,20260729_090000,20260728_210000,20260728_210000,NA,RAINNC,"(*,*)",hourlyPrecipRateGC,"(*,*)",mm,mm,gt10,gt10,NA,0.05,CTS,10000.0,,,,,,,,0.85,,,,,,,,,,,,,,,grid_stat_20260728.stat,20260729_090000,0.042,0.45,0.3321,0.15,0.2,0.4321,0.3,0.4,,,,
STAT,V12.0.0,20260820_055425,INANWP,NA,000000,20260729_090000,000000,20260729_090000,20260728_210000,20260728_210000,NA,RAINNC,"(*,*)",hourlyPrecipRateGC,"(*,*)",mm,mm,gt10,gt10,NA,0.05,CTC,10000.0,,,,,,,,,,,,,,,,,,,,,,,grid_stat_20260728.stat,20260729_090000,,,,,,,,,566.0,183.0,273.0,8933.0
STAT,V12.0.0,20260820_055425,INANWP,NA,000000,20260729_090000,000000,20260729_090000,20260728_210000,20260728_210000,NA,RAINNC,"(*,*)",hourlyPrecipRateGC,"(*,*)",mm,mm,gt20,gt20,NA,0.05,CNT,10000.0,0.085,6.036,4.036,3.036,3.536,4.036,3.236,0.7143,16.287,4.036,0.5,3.229,0.425,0.9,0.1,1.0,0.5,0.2,0.1,0.05,0.04,0.03,grid_stat_20260728.stat,20260729_090000,,,,,,,,,,,,
STAT,V12.0.0,20260820_055425,INANWP,NA,000000,20260729_090000,000000,20260729_090000,20260728_210000,20260728_210000,NA,RAINNC,"(*,*)",hourlyPrecipRateGC,"(*,*)",mm,mm,gt20,gt20,NA,0.05,CTS,10000.0,,,,,,,,0.85,,,,,,,,,,,,,,,grid_stat_20260728.stat,20260729_090000,0.042,0.45,0.2821,0.15,0.2,0.3821,0.3,0.4,,,,
STAT,V12.0.0,20260820_055425,INANWP,NA,000000,20260729_090000,000000,20260729_090000,20260728_210000,20260728_210000,NA,RAINNC,"(*,*)",hourlyPrecipRateGC,"(*,*)",mm,mm,gt20,gt20,NA,0.05,CTC,10000.0,,,,,,,,,,,,,,,,,,,,,,,grid_stat_20260728.stat,20260729_090000,,,,,,,,,556.0,185.0,277.0,8928.0
STAT,V12.0.0,20260820_055425,INANWP,NA,000000,20260729_090000,000000,20260729_090000,20260728_210000,20260728_210000,NA,RAINNC,"(*,*)",hourlyPrecipRateGC,"(*,*)",mm,mm,gt50,gt50,NA,0.05,CNT,10000.0,0.085,6.036,4.036,3.036,3.536,4.036,3.236,0.7143,16.287,4.036,0.5,3.229,0.425,0.9,0.1,1.0,0.5,0.2,0.1,0.05,0.04,0.03,grid_stat_20260728.stat,20260729_090000,,,,,,,,,,,,
STAT,V12.0.0,20260820_055425,INANWP,NA,000000,20260729_090000,000000,20260729_090000,20260728_210000,20260728_210000,NA,RAINNC,"(*,*)",hourlyPrecipRateGC,"(*,*)",mm,mm,gt50,gt50,NA,0.05,CTS,10000.0,,,,,,,,0.85,,,,,,,,,,,,,,,grid_stat_20260728.stat,20260729_090000,0.042,0.45,0.1321,0.15,0.2,0.2321,0.3,0.4,,,,
STAT,V12.0.0,20260820_055425,INANWP,NA,000000,20260729_090000,000000,20260729_090000,20260728_210000,20260728_210000,NA,RAINNC,"(*,*)",hourlyPrecipRateGC,"(*,*)",mm,mm,gt50,gt50,NA,0.05,CTC,10000.0,,,,,,,,,,,,,,,,,,,,,,,grid_stat_20260728.stat,20260729_090000,,,,,,,,,526.0,193.0,289.0,8913.0
STAT,V12.0.0,20260820_055425,INANWP,NA,000000,20260729_100000,000000,20260729_100000,20260728_220000,20260728_220000,NA,RAINNC,"(*,*)",hourlyPrecipRateGC,"(*,*)",mm,mm,gt0.1,gt0.1,NA,0.05,CNT,10000.0,0.09,5.929,3.929,2.929,3.429,3.929,3.129,0.7214,15.434,3.929,0.5,3.143,0.45,0.9,0.1,1.0,0.5,0.2,0.1,0.05,0.04,0.03,grid_stat_20260728.stat,20260729_100000,,,,,,,,,,,,
STAT,V12.0.0,20260820_055425,INANWP,NA,000000,20260729_100000,000000,20260729_100000,20260728_220000,20260728_220000,NA,RAINNC,"(*,*)",hourlyPrecipRateGC,"(*,*)",mm,mm,gt0.1,gt0.1,NA,0.05,CTS,10000.0,,,,,,,,0.85,,,,,,,,,,,,,,,grid_stat_20260728.stat,20260729_100000,0.045,0.45,0.3852,0.15,0.2,0.4852,0.3,0.4,,,,
STAT,V12.0.0,20260820_055425,INANWP,NA,000000,20260729_100000,000000,20260729_100000,20260728_220000,20260728_220000,NA,RAINNC,"(*,*)",hourlyPrecipRateGC,"(*,*)",mm,mm,gt0.1,gt0.1,NA,0.05,CTC,10000.0,,,,,,,,,,,,,,,,,,,,,,,grid_stat_20260728.stat,20260729_100000,,,,,,,,,577.0,180.0,269.0,8938.0
STAT,V12.0.0,20260820_055425,INANWP,NA,000000,20260729_100000,000000,20260729_100000,20260728_220000,20260728_220000,NA,RAINNC,"(*,*)",hourlyPrecipRateGC,"(*,*)",mm,mm,gt1,gt1,NA,0.05,CNT,10000.0,0.09,5.929,3.929,2.929,3.429,3.929,3.129,0.7214,15.434,3.929,0.5,3.143,0.45,0.9,0.1,1.0,0.5,0.2,0.1,0.05,0.04,0.03,grid_stat_20260728.stat,20260729_100000,,,,,,,,,,,,
STAT,V12.0.0,20260820_055425,INANWP,NA,000000,20260729_100000,000000,20260729_100000,20260728_220000,20260728_220000,NA,RAINNC,"(*,*)",hourlyPrecipRateGC,"(*,*)",mm,mm,gt1,gt1,NA,0.05,CTS,10000.0,,,,,,,,0.85,,,,,,,,,,,,,,,grid_stat_20260728.stat,20260729_100000,0.045,0.45,0.3807,0.15,0.2,0.4807,0.3,0.4,,,,
STAT,V12.0.0,20260820_055425,INANWP,NA,000000,20260729_100000,000000,20260729_100000,20260728_220000,20260728_220000,NA,RAINNC,"(*,*)",hourlyPrecipRateGC,"(*,*)",mm,mm,gt1,gt1,NA,0.05,CTC,10000.0,,,,,,,,,,,,,,,,,,,,,,,grid_stat_20260728.stat,20260729_100000,,,,,,,,,576.0,180.0,269.0,8938.0
STAT,V12.0.0,20260820_055425,INANWP,NA,000000,20260729_100000,000000,20260729_100000,20260728_220000,20260728_220000,NA,RAINNC,"(*,*)",hourlyPrecipRateGC,"(*,*)",mm,mm,gt5,gt5,NA,0.05,CNT,10000.0,0.09,5.929,3.929,2.929,3.429,3.929,3.129,0.7214,15.434,3.929,0.5,3.143,0.45,0.9,0.1,1.0,0.5,0.2,0.1,0.05,0.04,0.03,grid_stat_20260728.stat,20260729_100000,,,,,,,,,,,,
STAT,V12.0.0,20260820_055425,INANWP,NA,000000,20260729_100000,000000,20260729_100000,20260728_220000,20260728_220000,NA,RAINNC,"(*,*)",hourlyPrecipRateGC,"(*,*)",mm,mm,gt5,gt5,NA,0.05,CTS,10000.0,,,,,,,,0.85,,,,,,,,,,,,,,,grid_stat_20260728.stat,20260729_100000,0.045,0.45,0.3607,0.15,0.2,0.4607,0.3,0.4,,,,
STAT,V12.0.0,20260820_055425,INANWP,NA,000000,20260729_100000,000000,20260729_100000,20260728_220000,20260728_220000,NA,RAINNC,"(*,*)",hourlyPrecipRateGC,"(*,*)",mm,mm,gt5,gt5,NA,0.05,CTC,10000.0,,,,,,,,,,,,,,,,,,,,,,,grid_stat_20260728.stat,20260729_100000,,,,,,,,,572.0,181.0,271.0,8936.0
STAT,V12.0.0,20260820_055425,INANWP,NA,000000,20260729_100000,000000,20260729_100000,20260728_220000,20260728_220000,NA,RAINNC,"(*,*)",hourlyPrecipRateGC,"(*,*)",mm,mm,gt10,gt10,NA,0.05,CNT,10000.0,0.09,5.929,3.929,2.929,3.429,3.929,3.129,0.7214,15.434,3.929,0.5,3.143,0.45,0.9,0.1,1.0,0.5,0.2,0.1,0.05,0.04,0.03,grid_stat_20260728.stat,20260729_100000,,,,,,,,,,,,
STAT,V12.0.0,20260820_055425,INANWP,NA,000000,20260729_100000,000000,20260729_100000,20260728_220000,20260728_220000,NA,RAINNC,"(*,*)",hourlyPrecipRateGC,"(*,*)",mm,mm,gt10,gt10,NA,0.05,CTS,10000.0,,,,,,,,0.85,,,,,,,,,,,,,,,grid_stat_20260728.stat,20260729_100000,0.045,0.45,0.3357,0.15,0.2,0.4357,0.3,0.4,,,,
STAT,V12.0.0,20260820_055425,INANWP,NA,000000,20260729_100000,000000,20260729_100000,20260728_220000,20260728_220000,NA,RAINNC,"(*,*)",hourlyPrecipRateGC,"(*,*)",mm,mm,gt10,gt10,NA,0.05,CTC,10000.0,,,,,,,,,,,,,,,,,,,,,,,grid_stat_20260728.stat,20260729_100000,,,,,,,,,567.0,183.0,273.0,8933.0
STAT,V12.0.0,20260820_055425,INANWP,NA,000000,20260729_100000,000000,20260729_100000,20260728_220000,20260728_220000,NA,RAINNC,"(*,*)",hourlyPrecipRateGC,"(*,*)",mm,mm,gt20,gt20,NA,0.05,CNT,10000.0,0.09,5.929,3.929,2.929,3.429,3.929,3.129,0.7214,15.434,3.929,0.5,3.143,0.45,0.9,0.1,1.0,0.5,0.2,0.1,0.05,0.04,0.03,grid_stat_20260728.stat,20260729_100000,,,,,,,,,,,,
STAT,V12.0.0,20260820_055425,INANWP,NA,000000,20260729_100000,000000,20260729_100000,20260728_220000,20260728_220000,NA,RAINNC,"(*,*)",hourlyPrecipRateGC,"(*,*)",mm,mm,gt20,gt20,NA,0.05,CTS,10000.0,,,,,,,,0.85,,,,,,,,,,,,,,,grid_stat_20260728.stat,20260729_100000,0.045,0.45,0.2857,0.15,0.2,0.3857,0.3,0.4,,,,
STAT,V12.0.0,20260820_055425,INANWP,NA,000000,20260729_100000,000000,20260729_100000,20260728_220000,20260728_220000,NA,RAINNC,"(*,*)",hourlyPrecipRateGC,"(*,*)",mm,mm,gt20,gt20,NA,0.05,CTC,10000.0,,,,,,,,,,,,,,,,,,,,,,,grid_stat_20260728.stat,20260729_100000,,,,,,,,,557.0,185.0,277.0,8928.0
STAT,V12.0.0,20260820_055425,INANWP,NA,000000,20260729_100000,000000,20260729_100000,20260728_220000,20260728_220000,NA,RAINNC,"(*,*)",hourlyPrecipRateGC,"(*,*)",mm,mm,gt50,gt50,NA,0.05,CNT,10000.0,0.09,5.929,3.929,2.929,3.429,3.929,3.129,0.7214,15.434,3.929,0.5,3.143,0.45,0.9,0.1,1.0,0.5,0.2,0.1,0.05,0.04,0.03,grid_stat_20260728.stat,20260729_100000,,,,,,,,,,,,
STAT,V12.0.0,20260820_055425,INANWP,NA,000000,20260729_100000,000000,20260729_100000,20260728_220000,20260728_220000,NA,RAINNC,"(*,*)",hourlyPrecipRateGC,"(*,*)",mm,mm,gt50,gt50,NA,0.05,CTS,10000.0,,,,,,,,0.85,,,,,,,,,,,,,,,grid_stat_20260728.stat,20260729_100000,0.045,0.45,0.1357,0.15,0.2,0.2357,0.3,0.4,,,,
STAT,V12.0.0,20260820_055425,INANWP,NA,000000,20260729_100000,000000,20260729_100000,20260728_220000,20260728_220000,NA,RAINNC,"(*,*)",hourlyPrecipRateGC,"(*,*)",mm,mm,gt50,gt50,NA,0.05,CTC,10000.0,,,,,,,,,,,,,,,,,,,,,,,grid_stat_20260728.stat,20260729_100000,,,,,,,,,527.0,193.0,289.0,8913.0
STAT,V12.0.0,20260820_055425,INANWP,NA,000000,20260729_110000,000000,20260729_110000,20260728_230000,20260728_230000,NA,RAINNC,"(*,*)",hourlyPrecipRateGC,"(*,*)",mm,mm,gt0.1,gt0.1,NA,0.05,CNT,10000.0,0.095,5.821,3.821,2.821,3.321,3.821,3.021,0.7286,14.603,3.821,0.5,3.057,0.475,0.9,0.1,1.0,0.5,0.2,0.1,0.05,0.04,0.03,grid_stat_20260728.stat,20260729_110000,,,,,,,,,,,,
STAT,V12.0.0,20260820_055425,INANWP,NA,000000,20260729_110000,000000,20260729_110000,20260728_230000,20260728_230000,NA,RAINNC,"(*,*)",hourlyPrecipRateGC,"(*,*)",mm,mm,gt0.1,gt0.1,NA,0.05,CTS,10000.0,,,,,,,,0.85,,,,,,,,,,,,,,,grid_stat_20260728.stat,20260729_110000,0.048,0.45,0.3888,0.15,0.2,0.4888,0.3,0.4,,,,
STAT,V12.0.0,20260820_055425,INANWP,NA,000000,20260729_110000,000000,20260729_110000,20260728_230000,20260728_230000,NA,RAINNC,"(*,*)",hourlyPrecipRateGC,"(*,*)",mm,mm,gt0.1,gt0.1,NA,0.05,CTC,10000.0,,,,,,,,,,,,,,,,,,,,,,,grid_stat_20260728.stat,20260729_110000,,,,,,,,,577.0,180.0,268.0,8938.0
STAT,V12.0.0,20260820_055425,INANWP,NA,000000,20260729_110000,000000,20260729_110000,20260728_230000,20260728_230000,NA,RAINNC,"(*,*)",hourlyPrecipRateGC,"(*,*)",mm,mm,gt1,gt1,NA,0.05,CNT,10000.0,0.095,5.821,3.821,2.821,3.321,3.821,3.021,0.7286,14.603,3.821,0.5,3.057,0.475,0.9,0.1,1.0,0.5,0.2,0.1,0.05,0.04,0.03,grid_stat_20260728.stat,20260729_110000,,,,,,,,,,,,
STAT,V12.0.0,20260820_055425,INANWP,NA,000000,20260729_110000,000000,20260729_110000,20260728_230000,20260728_230000,NA,RAINNC,"(*,*)",hourlyPrecipRateGC,"(*,*)",mm,mm,gt1,gt1,NA,0.05,CTS,10000.0,,,,,,,,0.85,,,,,,,,,,,,,,,grid_stat_20260728.stat,20260729_110000,0.048,0.45,0.3843,0.15,0.2,0.4843,0.3,0.4,,,,
STAT,V12.0.0,20260820_055425,INANWP,NA,000000,20260729_110000,000000,20260729_110000,20260728_230000,20260728_230000,NA,RAINNC,"(*,*)",hourlyPrecipRateGC,"(*,*)",mm,mm,gt1,gt1,NA,0.05,CTC,10000.0,,,,,,,,,,,,,,,,,,,,,,,grid_stat_20260728.stat,20260729_110000,,,,,,,,,576.0,180.0,269.0,8938.0
STAT,V12.0.0,20260820_055425,INANWP,NA,000000,20260729_110000,000000,20260729_110000,20260728_230000,20260728_230000,NA,RAINNC,"(*,*)",hourlyPrecipRateGC,"(*,*)",mm,mm,gt5,gt5,NA,0.05,CNT,10000.0,0.095,5.821,3.821,2.821,3.321,3.821,3.021,0.7286,14.603,3.821,0.5,3.057,0.475,0.9,0.1,1.0,0.5,0.2,0.1,0.05,0.04,0.03,grid_stat_20260728.stat,20260729_110000,,,,,,,,,,,,
STAT,V12.0.0,20260820_055425,INANWP,NA,000000,20260729_110000,000000,20260729_110000,20260728_230000,20260728_230000,NA,RAINNC,"(*,*)",hourlyPrecipRateGC,"(*,*)",mm,mm,gt5,gt5,NA,0.05,CTS,10000.0,,,,,,,,0.85,,,,,,,,,,,,,,,grid_stat_20260728.stat,20260729_110000,0.048,0.45,0.3643,0.15,0.2,0.4643,0.3,0.4,,,,
STAT,V12.0.0,20260820_055425,INANWP,NA,000000,20260729_110000,000000,20260729_110000,20260728_230000,20260728_230000,NA,RAINNC,"(*,*)",hourlyPrecipRateGC,"(*,*)",mm,mm,gt5,gt5,NA,0.05,CTC,10000.0,,,,,,,,,,,,,,,,,,,,,,,grid_stat_20260728.stat,20260729_110000,,,,,,,,,572.0,181.0,270.0,8936.0
STAT,V12.0.0,20260820_055425,INANWP,NA,000000,20260729_110000,000000,20260729_110000,20260728_230000,20260728_230000,NA,RAINNC,"(*,*)",hourlyPrecipRateGC,"(*,*)",mm,mm,gt10,gt10,NA,0.05,CNT,10000.0,0.095,5.821,3.821,2.821,3.321,3.821,3.021,0.7286,14.603,3.821,0.5,3.057,0.475,0.9,0.1,1.0,0.5,0.2,0.1,0.05,0.04,0.03,grid_stat_20260728.stat,20260729_110000,,,,,,,,,,,,
STAT,V12.0.0,20260820_055425,INANWP,NA,000000,20260729_110000,000000,20260729_110000,20260728_230000,20260728_230000,NA,RAINNC,"(*,*)",hourlyPrecipRateGC,"(*,*)",mm,mm,gt10,gt10,NA,0.05,CTS,10000.0,,,,,,,,0.85,,,,,,,,,,,,,,,grid_stat_20260728.stat,20260729_110000,0.048,0.45,0.3393,0.15,0.2,0.4393,0.3,0.4,,,,
STAT,V12.0.0,20260820_055425,INANWP,NA,000000,20260729_110000,000000,20260729_110000,20260728_230000,20260728_230000,NA,RAINNC,"(*,*)",hourlyPrecipRateGC,"(*,*)",mm,mm,gt10,gt10,NA,0.05,CTC,10000.0,,,,,,,,,,,,,,,,,,,,,,,grid_stat_20260728.stat,20260729_110000,,,,,,,,,567.0,183.0,272.0,8933.0
STAT,V12.0.0,20260820_055425,INANWP,NA,000000,20260729_110000,000000,20260729_110000,20260728_230000,20260728_230000,NA,RAINNC,"(*,*)",hourlyPrecipRateGC,"(*,*)",mm,mm,gt20,gt20,NA,0.05,CNT,10000.0,0.095,5.821,3.821,2.821,3.321,3.821,3.021,0.7286,14.603,3.821,0.5,3.057,0.475,0.9,0.1,1.0,0.5,0.2,0.1,0.05,0.04,0.03,grid_stat_20260728.stat,20260729_110000,,,,,,,,,,,,
STAT,V12.0.0,20260820_055425,INANWP,NA,000000,20260729_110000,000000,20260729_110000,20260728_230000,20260728_230000,NA,RAINNC,"(*,*)",hourlyPrecipRateGC,"(*,*)",mm,mm,gt20,gt20,NA,0.05,CTS,10000.0,,,,,,,,0.85,,,,,,,,,,,,,,,grid_stat_20260728.stat,20260729_110000,0.048,0.45,0.2893,0.15,0.2,0.3893,0.3,0.4,,,,
STAT,V12.0.0,20260820_055425,INANWP,NA,000000,20260729_110000,000000,20260729_110000,20260728_230000,20260728_230000,NA,RAINNC,"(*,*)",hourlyPrecipRateGC,"(*,*)",mm,mm,gt20,gt20,NA,0.05,CTC,10000.0,,,,,,,,,,,,,,,,,,,,,,,grid_stat_20260728.stat,20260729_110000,,,,,,,,,557.0,185.0,276.0,8928.0
STAT,V12.0.0,20260820_055425,INANWP,NA,000000,20260729_110000,000000,20260729_110000,20260728_230000,20260728_230000,NA,RAINNC,"(*,*)",hourlyPrecipRateGC,"(*,*)",mm,mm,gt50,gt50,NA,0.05,CNT,10000.0,0.095,5.821,3.821,2.821,3.321,3.821,3.021,0.7286,14.603,3.821,0.5,3.057,0.475,0.9,0.1,1.0,0.5,0.2,0.1,0.05,0.04,0.03,grid_stat_20260728.stat,20260729_110000,,,,,,,,,,,,
STAT,V12.0.0,20260820_055425,INANWP,NA,000000,20260729_110000,000000,20260729_110000,20260728_230000,20260728_230000,NA,RAINNC,"(*,*)",hourlyPrecipRateGC,"(*,*)",mm,mm,gt50,gt50,NA,0.05,CTS,10000.0,,,,,,,,0.85,,,,,,,,,,,,,,,grid_stat_20260728.stat,20260729_110000,0.048,0.45,0.1393,0.15,0.2,0.2393,0.3,0.4,,,,
STAT,V12.0.0,20260820_055425,INANWP,NA,000000,20260729_110000,000000,20260729_110000,20260728_230000,20260728_230000,NA,RAINNC,"(*,*)",hourlyPrecipRateGC,"(*,*)",mm,mm,gt50,gt50,NA,0.05,CTC,10000.0,,,,,,,,,,,,,,,,,,,,,,,grid_stat_20260728.stat,20260729_110000,,,,,,,,,527.0,193.0,288.0,8913.0
STAT,V12.0.0,20260820_055425,INANWP,NA,000000,20260729_000000,000000,20260729_000000,20260728_120000,20260728_120000,NA,RAINNC,"(*,*)",hourlyPrecipRateGC,"(*,*)",mm,mm,gt0.1,gt0.1,NA,0.05,CNT,10000.0,0.04,7.0,5.0,4.0,4.5,5.0,4.2,0.65,25.0,5.0,0.5,4.0,0.2,0.9,0.1,1.0,0.5,0.2,0.1,0.05,0.04,0.03,grid_stat_20260729.stat,20260729_000000,,,,,,,,,,,,
STAT,V12.0.0,20260820_055425,INANWP,NA,000000,20260729_000000,000000,20260729_000000,20260728_120000,20260728_120000,NA,RAINNC,"(*,*)",hourlyPrecipRateGC,"(*,*)",mm,mm,gt0.1,gt0.1,NA,0.05,CTS,10000.0,,,,,,,,0.85,,,,,,,,,,,,,,,grid_stat_20260729.stat,20260729_000000,0.02,0.45,0.3495,0.15,0.2,0.4495,0.3,0.4,,,,
STAT,V12.0.0,20260820_055425,INANWP,NA,000000,20260729_000000,000000,20260729_000000,20260728_120000,20260728_120000,NA,RAINNC,"(*,*)",hourlyPrecipRateGC,"(*,*)",mm,mm,gt0.1,gt0.1,NA,0.05,CTC,10000.0,,,,,,,,,,,,,,,,,,,,,,,grid_stat_20260729.stat,20260729_000000,,,,,,,,,569.0,182.0,272.0,8934.0
STAT,V12.0.0,20260820_055425,INANWP,NA,000000,20260729_000000,000000,20260729_000000,20260728_120000,20260728_120000,NA,RAINNC,"(*,*)",hourlyPrecipRateGC,"(*,*)",mm,mm,gt1,gt1,NA,0.05,CNT,10000.0,0.04,7.0,5.0,4.0,4.5,5.0,4.2,0.65,25.0,5.0,0.5,4.0,0.2,0.9,0.1,1.0,0.5,0.2,0.1,0.05,0.04,0.03,grid_stat_20260729.stat,20260729_000000,,,,,,,,,,,,
STAT,V12.0.0,20260820_055425,INANWP,NA,000000,20260729_000000,000000,20260729_000000,20260728_120000,20260728_120000,NA,RAINNC,"(*,*)",hourlyPrecipRateGC,"(*,*)",mm,mm,gt1,gt1,NA,0.05,CTS,10000.0,,,,,,,,0.85,,,,,,,,,,,,,,,grid_stat_20260729.stat,20260729_000000,0.02,0.45,0.345,0.15,0.2,0.445,0.3,0.4,,,,
STAT,V12.0.0,20260820_055425,INANWP,NA,000000,20260729_000000,000000,20260729_000000,20260728_120000,20260728_120000,NA,RAINNC,"(*,*)",hourlyPrecipRateGC,"(*,*)",mm,mm,gt1,gt1,NA,0.05,CTC,10000.0,,,,,,,,,,,,,,,,,,,,,,,grid_stat_20260729.stat,20260729_000000,,,,,,,,,569.0,182.0,272.0,8934.0
STAT,V12.0.0,20260820_055425,INANWP,NA,000000,20260729_000000,000000,20260729_000000,20260728_120000,20260728_120000,NA,RAINNC,"(*,*)",hourlyPrecipRateGC,"(*,*)",mm,mm,gt5,gt5,NA,0.05,CNT,10000.0,0.04,7.0,5.0,4.0,4.5,5.0,4.2,0.65,25.0,5.0,0.5,4.0,0.2,0.9,0.1,1.0,0.5,0.2,0.1,0.05,0.04,0.03,grid_stat_20260729.stat,20260729_000000,,,,,,,,,,,,
STAT,V12.0.0,20260820_055425,INANWP,NA,000000,20260729_000000,000000,20260729_000000,20260728_120000,20260728_120000,NA,RAINNC,"(*,*)",hourlyPrecipRateGC,"(*,*)",mm,mm,gt5,gt5,NA,0.05,CTS,10000.0,,,,,,,,0.85,,,,,,,,,,,,,,,grid_stat_20260729.stat,20260729_000000,0.02,0.45,0.325,0.15,0.2,0.425,0.3,0.4,,,,
STAT,V12.0.0,20260820_055425,INANWP,NA,000000,20260729_000000,000000,20260729_000000,20260728_120000,20260728_120000,NA,RAINNC,"(*,*)",hourlyPrecipRateGC,"(*,*)",mm,mm,gt5,gt5,NA,0.05,CTC,10000.0,,,,,,,,,,,,,,,,,,,,,,,grid_stat_20260729.stat,20260729_000000,,,,,,,,,565.0,183.0,274.0,8932.0
STAT,V12.0.0,20260820_055425,INANWP,NA,000000,20260729_000000,000000,20260729_000000,20260728_120000,20260728_120000,NA,RAINNC,"(*,*)",hourlyPrecipRateGC,"(*,*)",mm,mm,gt10,gt10,NA,0.05,CNT,10000.0,0.04,7.0,5.0,4.0,4.5,5.0,4.2,0.65,25.0,5.0,0.5,4.0,0.2,0.9,0.1,1.0,0.5,0.2,0.1,0.05,0.04,0.03,grid_stat_20260729.stat,20260729_000000,,,,,,,,,,,,
STAT,V12.0.0,20260820_055425,INANWP,NA,000000,20260729_000000,000000,20260729_000000,20260728_120000,20260728_120000,NA,RAINNC,"(*,*)",hourlyPrecipRateGC,"(*,*)",mm,mm,gt10,gt10,NA,0.05,CTS,10000.0,,,,,,,,0.85,,,,,,,,,,,,,,,grid_stat_20260729.stat,20260729_000000,0.02,0.45,0.3,0.15,0.2,0.4,0.3,0.4,,,,
STAT,V12.0.0,20260820_055425,INANWP,NA,000000,20260729_000000,000000,20260729_000000,20260728_120000,20260728_120000,NA,RAINNC,"(*,*)",hourlyPrecipRateGC,"(*,*)",mm,mm,gt10,gt10,NA,0.05,CTC,10000.0,,,,,,,,,,,,,,,,,,,,,,,grid_stat_20260729.stat,20260729_000000,,,,,,,,,560.0,185.0,276.0,8930.0
STAT,V12.0.0,20260820_055425,INANWP,NA,000000,20260729_000000,000000,20260729_000000,20260728_120000,20260728_120000,NA,RAINNC,"(*,*)",hourlyPrecipRateGC,"(*,*)",mm,mm,gt20,gt20,NA,0.05,CNT,10000.0,0.04,7.0,5.0,4.0,4.5,5.0,4.2,0.65,25.0,5.0,0.5,4.0,0.2,0.9,0.1,1.0,0.5,0.2,0.1,0.05,0.04,0.03,grid_stat_20260729.stat,20260729_000000,,,,,,,,,,,,
STAT,V12.0.0,20260820_055425,INANWP,NA,000000,20260729_000000,000000,20260729_000000,20260728_120000,20260728_120000,NA,RAINNC,"(*,*)",hourlyPrecipRateGC,"(*,*)",mm,mm,gt20,gt20,NA,0.05,CTS,10000.0,,,,,,,,0.85,,,,,,,,,,,,,,,grid_stat_20260729.stat,20260729_000000,0.02,0.45,0.25,0.15,0.2,0.35,0.3,0.4,,,,
STAT,V12.0.0,20260820_055425,INANWP,NA,000000,20260729_000000,000000,20260729_000000,20260728_120000,20260728_120000,NA,RAINNC,"(*,*)",hourlyPrecipRateGC,"(*,*)",mm,mm,gt20,gt20,NA,0.05,CTC,10000.0,,,,,,,,,,,,,,,,,,,,,,,grid_stat_20260729.stat,20260729_000000,,,,,,,,,550.0,187.0,280.0,8925.0
STAT,V12.0.0,20260820_055425,INANWP,NA,000000,20260729_000000,000000,20260729_000000,20260728_120000,20260728_120000,NA,RAINNC,"(*,*)",hourlyPrecipRateGC,"(*,*)",mm,mm,gt50,gt50,NA,0.05,CNT,10000.0,0.04,7.0,5.0,4.0,4.5,5.0,4.2,0.65,25.0,5.0,0.5,4.0,0.2,0.9,0.1,1.0,0.5,0.2,0.1,0.05,0.04,0.03,grid_stat_20260729.stat,20260729_000000,,,,,,,,,,,,
STAT,V12.0.0,20260820_055425,INANWP,NA,000000,20260729_000000,000000,20260729_000000,20260728_120000,20260728_120000,NA,RAINNC,"(*,*)",hourlyPrecipRateGC,"(*,*)",mm,mm,gt50,gt50,NA,0.05,CTS,10000.0,,,,,,,,0.85,,,,,,,,,,,,,,,grid_stat_20260729.stat,20260729_000000,0.02,0.45,0.1,0.15,0.2,0.2,0.3,0.4,,,,
STAT,V12.0.0,20260820_055425,INANWP,NA,000000,20260729_000000,000000,20260729_000000,20260728_120000,20260728_120000,NA,RAINNC,"(*,*)",hourlyPrecipRateGC,"(*,*)",mm,mm,gt50,gt50,NA,0.05,CTC,10000.0,,,,,,,,,,,,,,,,,,,,,,,grid_stat_20260729.stat,20260729_000000,,,,,,,,,520.0,195.0,292.0,8910.0
STAT,V12.0.0,20260820_055425,INANWP,NA,000000,20260729_010000,000000,20260729_010000,20260728_130000,20260728_130000,NA,RAINNC,"(*,*)",hourlyPrecipRateGC,"(*,*)",mm,mm,gt0.1,gt0.1,NA,0.05,CNT,10000.0,0.045,6.893,4.893,3.893,4.393,4.893,4.093,0.6571,23.94,4.893,0.5,3.914,0.225,0.9,0.1,1.0,0.5,0.2,0.1,0.05,0.04,0.03,grid_stat_20260729.stat,20260729_010000,,,,,,,,,,,,
STAT,V12.0.0,20260820_055425,INANWP,NA,000000,20260729_010000,000000,20260729_010000,20260728_130000,20260728_130000,NA,RAINNC,"(*,*)",hourlyPrecipRateGC,"(*,*)",mm,mm,gt0.1,gt0.1,NA,0.05,CTS,10000.0,,,,,,,,0.85,,,,,,,,,,,,,,,grid_stat_20260729.stat,20260729_010000,0.023,0.45,0.3531,0.15,0.2,0.4531,0.3,0.4,,,,
STAT,V12.0.0,20260820_055425,INANWP,NA,000000,20260729_010000,000000,20260729_010000,20260728_130000,20260728_130000,NA,RAINNC,"(*,*)",hourlyPrecipRateGC,"(*,*)",mm,mm,gt0.1,gt0.1,NA,0.05,CTC,10000.0,,,,,,,,,,,,,,,,,,,,,,,grid_stat_20260729.stat,20260729_010000,,,,,,,,,570.0,182.0,271.0,8935.0
STAT,V12.0.0,20260820_055425,INANWP,NA,000000,20260729_010000,000000,20260729_010000,20260728_130000,20260728_130000,NA,RAINNC,"(*,*)",hourlyPrecipRateGC,"(*,*)",mm,mm,gt1,gt1,NA,0.05,CNT,10000.0,0.045,6.893,4.893,3.893,4.393,4.893,4.093,0.6571,23.94,4.893,0.5,3.914,0.225,0.9,0.1,1.0,0.5,0.2,0.1,0.05,0.04,0.03,grid_stat_20260729.stat,20260729_010000,,,,,,,,,,,,
STAT,V12.0.0,20260820_055425,INANWP,NA,000000,20260729_010000,000000,20260729_010000,20260728_130000,20260728_130000,NA,RAINNC,"(*,*)",hourlyPrecipRateGC,"(*,*)",mm,mm,gt1,gt1,NA,0.05,CTS,10000.0,,,,,,,,0.85,,,,,,,,,,,,,,,grid_stat_20260729.stat,20260729_010000,0.023,0.45,0.3486,0.15,0.2,0.4486,0.3,0.4,,,,
STAT,V12.0.0,20260820_055425,INANWP,NA,000000,20260729_010000,000000,20260729_010000,20260728_130000,20260728_130000,NA,RAINNC,"(*,*)",hourlyPrecipRateGC,"(*,*)",mm,mm,gt1,gt1,NA,0.05,CTC,10000.0,,,,,,,,,,,,,,,,,,,,,,,grid_stat_20260729.stat,20260729_010000,,,,,,,,,569.0,182.0,272.0,8934.0
STAT,V12.0.0,20260820_055425,INANWP,NA,000000,20260729_010000,000000,20260729_010000,20260728_130000,20260728_130000,NA,RAINNC,"(*,*)",hourlyPrecipRateGC,"(*,*)",mm,mm,gt5,gt5,NA,0.05,CNT,10000.0,0.045,6.893,4.893,3.893,4.393,4.893,4.093,0.6571,23.94,4.893,0.5,3.914,0.225,0.9,0.1,1.0,0.5,0.2,0.1,0.05,0.04,0.03,grid_stat_20260729.stat,20260729_010000,,,,,,,,,,,,
STAT,V12.0.0,20260820_055425,INANWP,NA,000000,20260729_010000,000000,20260729_010000,20260728_130000,20260728_130000,NA,RAINNC,"(*,*)",hourlyPrecipRateGC,"(*,*)",mm,mm,gt5,gt5,NA,0.05,CTS,10000.0,,,,,,,,0.85,,,,,,,,,,,,,,,grid_stat_20260729.stat,20260729_010000,0.023,0.45,0.3286,0.15,0.2,0.4286,0.3,0.4,,,,
STAT,V12.0.0,20260820_055425,INANWP,NA,000000,20260729_010000,000000,20260729_010000,20260728_130000,20260728_130000,NA,RAINNC,"(*,*)",hourlyPrecipRateGC,"(*,*)",mm,mm,gt5,gt5,NA,0.05,CTC,10000.0,,,,,,,,,,,,,,,,,,,,,,,grid_stat_20260729.stat,20260729_010000,,,,,,,,,565.0,183.0,273.0,8932.0
STAT,V12.0.0,20260820_055425,INANWP,NA,000000,20260729_010000,000000,20260729_010000,20260728_130000,20260728_130000,NA,RAINNC,"(*,*)",hourlyPrecipRateGC,"(*,*)",mm,mm,gt10,gt10,NA,0.05,CNT,10000.0,0.045,6.893,4.893,3.893,4.393,4.893,4.093,0.6571,23.94,4.893,0.5,3.914,0.225,0.9,0.1,1.0,0.5,0.2,0.1,0.05,0.04,0.03,grid_stat_20260729.stat,20260729_010000,,,,,,,,,,,,
STAT,V12.0.0,20260820_055425,INANWP,NA,000000,20260729_010000,000000,20260729_010000,20260728_130000,20260728_130000,NA,RAINNC,"(*,*)",hourlyPrecipRateGC,"(*,*)",mm,mm,gt10,gt10,NA,0.05,CTS,10000.0,,,,,,,,0.85,,,,,,,,,,,,,,,grid_stat_20260729.stat,20260729_010000,0.023,0.45,0.3036,0.15,0.2,0.4036,0.3,0.4,,,,
STAT,V12.0.0,20260820_055425,INANWP,NA,000000,20260729_010000,000000,20260729_010000,20260728_130000,20260728_130000,NA,RAINNC,"(*,*)",hourlyPrecipRateGC,"(*,*)",mm,mm,gt10,gt10,NA,0.05,CTC,10000.0,,,,,,,,,,,,,,,,,,,,,,,grid_stat_20260729.stat,20260729_010000,,,,,,,,,560.0,184.0,275.0,8930.0
STAT,V12.0.0,20260820_055425,INANWP,NA,000000,20260729_010000,000000,20260729_010000,20260728_130000,20260728_130000,NA,RAINNC,"(*,*)",hourlyPrecipRateGC,"(*,*)",mm,mm,gt20,gt20,NA,0.05,CNT,10000.0,0.045,6.893,4.893,3.893,4.393,4.893,4.093,0.6571,23.94,4.893,0.5,3.914,0.225,0.9,0.1,1.0,0.5,0.2,0.1,0.05,0.04,0.03,grid_stat_20260729.stat,20260729_010000,,,,,,,,,,,,
STAT,V12.0.0,20260820_055425,INANWP,NA,000000,20260729_010000,000000,20260729_010000,20260728_130000,20260728_130000,NA,RAINNC,"(*,*)",hourlyPrecipRateGC,"(*,*)",mm,mm,gt20,gt20,NA,0.05,CTS,10000.0,,,,,,,,0.85,,,,,,,,,,,,,,,grid_stat_20260729.stat,20260729_010000,0.023,0.45,0.2536,0.15,0.2,0.3536,0.3,0.4,,,,
STAT,V12.0.0,20260820_055425,INANWP,NA,000000,20260729_010000,000000,20260729_010000,20260728_130000,20260728_130000,NA,RAINNC,"(*,*)",hourlyPrecipRateGC,"(*,*)",mm,mm,gt20,gt20,NA,0.05,CTC,10000.0,,,,,,,,,,,,,,,,,,,,,,,grid_stat_20260729.stat,20260729_010000,,,,,,,,,550.0,187.0,279.0,8925.0
STAT,V12.0.0,20260820_055425,INANWP,NA,000000,20260729_010000,000000,20260729_010000,20260728_130000,20260728_130000,NA,RAINNC,"(*,*)",hourlyPrecipRateGC,"(*,*)",mm,mm,gt50,gt50,NA,0.05,CNT,10000.0,0.045,6.893,4.893,3.893,4.393,4.893,4.093,0.6571,23.94,4.893,0.5,3.914,0.225,0.9,0.1,1.0,0.5,0.2,0.1,0.05,0.04,0.03,grid_stat_20260729.stat,20260729_010000,,,,,,,,,,,,
STAT,V12.0.0,20260820_055425,INANWP,NA,000000,20260729_010000,000000,20260729_010000,20260728_130000,20260728_130000,NA,RAINNC,"(*,*)",hourlyPrecipRateGC,"(*,*)",mm,mm,gt50,gt50,NA,0.05,CTS,10000.0,,,,,,,,0.85,,,,,,,,,,,,,,,grid_stat_20260729.stat,20260729_010000,0.023,0.45,0.1036,0.15,0.2,0.2036,0.3,0.4,,,,
STAT,V12.0.0,20260820_055425,INANWP,NA,000000,20260729_010000,000000,20260729_010000,20260728_130000,20260728_130000,NA,RAINNC,"(*,*)",hourlyPrecipRateGC,"(*,*)",mm,mm,gt50,gt50,NA,0.05,CTC,10000.0,,,,,,,,,,,,,,,,,,,,,,,grid_stat_20260729.stat,20260729_010000,,,,,,,,,520.0,194.0,291.0,8910.0
STAT,V12.0.0,20260820_055425,INANWP,NA,000000,20260729_020000,000000,20260729_020000,20260728_140000,20260728_140000,NA,RAINNC,"(*,*)",hourlyPrecipRateGC,"(*,*)",mm,mm,gt0.1,gt0.1,NA,0.05,CNT,10000.0,0.05,6.786,4.786,3.786,4.286,4.786,3.986,0.6643,22.903,4.786,0.5,3.829,0.25,0.9,0.1,1.0,0.5,0.2,0.1,0.05,0.04,0.03,grid_stat_20260729.stat,20260729_020000,,,,,,,,,,,,
STAT,V12.0.0,20260820_055425,INANWP,NA,000000,20260729_020000,000000,20260729_020000,20260728_140000,20260728_140000,NA,RAINNC,"(*,*)",hourlyPrecipRateGC,"(*,*)",mm,mm,gt0.1,gt0.1,NA,0.05,CTS,10000.0,,,,,,,,0.85,,,,,,,,,,,,,,,grid_stat_20260729.stat,20260729_020000,0.025,0.45,0.3566,0.15,0.2,0.4566,0.3,0.4,,,,
STAT,V12.0.0,20260820_055425,INANWP,NA,000000,20260729_020000,000000,20260729_020000,20260728_140000,20260728_140000,NA,RAINNC,"(*,*)",hourlyPrecipRateGC,"(*,*)",mm,mm,gt0.1,gt0.1,NA,0.05,CTC,10000.0,,,,,,,,,,,,,,,,,,,,,,,grid_stat_20260729.stat,20260729_020000,,,,,,,,,571.0,182.0,271.0,8935.0
STAT,V12.0.0,20260820_055425,INANWP,NA,000000,20260729_020000,000000,20260729_020000,20260728_140000,20260728_140000,NA,RAINNC,"(*,*)",hourlyPrecipRateGC,"(*,*)",mm,mm,gt1,gt1,NA,0.05,CNT,10000.0,0.05,6.786,4.786,3.786,4.286,4.786,3.986,0.6643,22.903,4.786,0.5,3.829,0.25,0.9,0.1,1.0,0.5,0.2,0.1,0.05,0.04,0.03,grid_stat_20260729.stat,20260729_020000,,,,,,,,,,,,
STAT,V12.0.0,20260820_055425,INANWP,NA,000000,20260729_020000,000000,20260729_020000,20260728_140000,20260728_140000,NA,RAINNC,"(*,*)",hourlyPrecipRateGC,"(*,*)",mm,mm,gt1,gt1,NA,0.05,CTS,10000.0,,,,,,,,0.85,,,,,,,,,,,,,,,grid_stat_20260729.stat,20260729_020000,0.025,0.45,0.3521,0.15,0.2,0.4521,0.3,0.4,,,,
STAT,V12.0.0,20260820_055425,INANWP,NA,000000,20260729_020000,000000,20260729_020000,20260728_140000,20260728_140000,NA,RAINNC,"(*,*)",hourlyPrecipRateGC,"(*,*)",mm,mm,gt1,gt1,NA,0.05,CTC,10000.0,,,,,,,,,,,,,,,,,,,,,,,grid_stat_20260729.stat,20260729_020000,,,,,,,,,570.0,182.0,271.0,8935.0
STAT,V12.0.0,20260820_055425,INANWP,NA,000000,20260729_020000,000000,20260729_020000,20260728_140000,20260728_140000,NA,RAINNC,"(*,*)",hourlyPrecipRateGC,"(*,*)",mm,mm,gt5,gt5,NA,0.05,CNT,10000.0,0.05,6.786,4.786,3.786,4.286,4.786,3.986,0.6643,22.903,4.786,0.5,3.829,0.25,0.9,0.1,1.0,0.5,0.2,0.1,0.05,0.04,0.03,grid_stat_20260729.stat,20260729_020000,,,,,,,,,,,,
STAT,V12.0.0,20260820_055425,INANWP,NA,000000,20260729_020000,000000,20260729_020000,20260728_140000,20260728_140000,NA,RAINNC,"(*,*)",hourlyPrecipRateGC,"(*,*)",mm,mm,gt5,gt5,NA,0.05,CTS,10000.0,,,,,,,,0.85,,,,,,,,,,,,,,,grid_stat_20260729.stat,20260729_020000,0.025,0.45,0.3321,0.15,0.2,0.4321,0.3,0.4,,,,
STAT,V12.0.0,20260820_055425,INANWP,NA,000000,20260729_020000,000000,20260729_020000,20260728_140000,20260728_140000,NA,RAINNC,"(*,*)",hourlyPrecipRateGC,"(*,*)",mm,mm,gt5,gt5,NA,0.05,CTC,10000.0,,,,,,,,,,,,,,,,,,,,,,,grid_stat_20260729.stat,20260729_020000,,,,,,,,,566.0,183.0,273.0,8933.0
STAT,V12.0.0,20260820_055425,INANWP,NA,000000,20260729_020000,000000,20260729_020000,20260728_140000,20260728_140000,NA,RAINNC,"(*,*)",hourlyPrecipRateGC,"(*,*)",mm,mm,gt10,gt10,NA,0.05,CNT,10000.0,0.05,6.786,4.786,3.786,4.286,4.786,3.986,0.6643,22.903,4.786,0.5,3.829,0.25,0.9,0.1,1.0,0.5,0.2,0.1,0.05,0.04,0.03,grid_stat_20260729.stat,20260729_020000,,,,,,,,,,,,
STAT,V12.0.0,20260820_055425,INANWP,NA,000000,20260729_020000,000000,20260729_020000,20260728_140000,20260728_140000,NA,RAINNC,"(*,*)",hourlyPrecipRateGC,"(*,*)",mm,mm,gt10,gt10,NA,0.05,CTS,10000.0,,,,,,,,0.85,,,,,,,,,,,,,,,grid_stat_20260729.stat,20260729_020000,0.025,0.45,0.3071,0.15,0.2,0.4071,0.3,0.4,,,,
STAT,V12.0.0,20260820_055425,INANWP,NA,000000,20260729_020000,000000,20260729_020000,20260728_140000,20260728_140000,NA,RAINNC,"(*,*)",hourlyPrecipRateGC,"(*,*)",mm,mm,gt10,gt10,NA,0.05,CTC,10000.0,,,,,,,,,,,,,,,,,,,,,,,grid_stat_20260729.stat,20260729_020000,,,,,,,,,561.0,184.0,275.0,8930.0
STAT,V12.0.0,20260820_055425,INANWP,NA,000000,20260729_020000,000000,20260729_020000,20260728_140000,20260728_140000,NA,RAINNC,"(*,*)",hourlyPrecipRateGC,"(*,*)",mm,mm,gt20,gt20,NA,0.05,CNT,10000.0,0.05,6.786,4.786,3.786,4.286,4.786,3.986,0.6643,22.903,4.786,0.5,3.829,0.25,0.9,0.1,1.0,0.5,0.2,0.1,0.05,0.04,0.03,grid_stat_20260729.stat,20260729_020000,,,,,,,,,,,,
STAT,V12.0.0,20260820_055425,INANWP,NA,000000,20260729_020000,000000,20260729_020000,20260728_140000,20260728_140000,NA,RAINNC,"(*,*)",hourlyPrecipRateGC,"(*,*)",mm,mm,gt20,gt20,NA,0.05,CTS,10000.0,,,,,,,,0.85,,,,,,,,,,,,,,,grid_stat_20260729.stat,20260729_020000,0.025,0.45,0.2571,0.15,0.2,0.3571,0.3,0.4,,,,
STAT,V12.0.0,20260820_055425,INANWP,NA,000000,20260729_020000,000000,20260729_020000,20260728_140000,20260728_140000,NA,RAINNC,"(*,*)",hourlyPrecipRateGC,"(*,*)",mm,mm,gt20,gt20,NA,0.05,CTC,10000.0,,,,,,,,,,,,,,,,,,,,,,,grid_stat_20260729.stat,20260729_020000,,,,,,,,,551.0,187.0,279.0,8925.0
STAT,V12.0.0,20260820_055425,INANWP,NA,000000,20260729_020000,000000,20260729_020000,20260728_140000,20260728_140000,NA,RAINNC,"(*,*)",hourlyPrecipRateGC,"(*,*)",mm,mm,gt50,gt50,NA,0.05,CNT,10000.0,0.05,6.786,4.786,3.786,4.286,4.786,3.986,0.6643,22.903,4.786,0.5,3.829,0.25,0.9,0.1,1.0,0.5,0.2,0.1,0.05,0.04,0.03,grid_stat_20260729.stat,20260729_020000,,,,,,,,,,,,
STAT,V12.0.0,20260820_055425,INANWP,NA,000000,20260729_020000,000000,20260729_020000,20260728_140000,20260728_140000,NA,RAINNC,"(*,*)",hourlyPrecipRateGC,"(*,*)",mm,mm,gt50,gt50,NA,0.05,CTS,10000.0,,,,,,,,0.85,,,,,,,,,,,,,,,grid_stat_20260729.stat,20260729_020000,0.025,0.45,0.1071,0.15,0.2,0.2071,0.3,0.4,,,,
STAT,V12.0.0,20260820_055425,INANWP,NA,000000,20260729_020000,000000,20260729_020000,20260728_140000,20260728_140000,NA,RAINNC,"(*,*)",hourlyPrecipRateGC,"(*,*)",mm,mm,gt50,gt50,NA,0.05,CTC,10000.0,,,,,,,,,,,,,,,,,,,,,,,grid_stat_20260729.stat,20260729_020000,,,,,,,,,521.0,194.0,291.0,8910.0
STAT,V12.0.0,20260820_055425,INANWP,NA,000000,20260729_030000,000000,20260729_030000,20260728_150000,20260728_150000,NA,RAINNC,"(*,*)",hourlyPrecipRateGC,"(*,*)",mm,mm,gt0.1,gt0.1,NA,0.05,CNT,10000.0,0.055,6.679,4.679,3.679,4.179,4.679,3.879,0.6714,21.889,4.679,0.5,3.743,0.275,0.9,0.1,1.0,0.5,0.2,0.1,0.05,0.04,0.03,grid_stat_20260729.stat,20260729_030000,,,,,,,,,,,,
STAT,V12.0.0,20260820_055425,INANWP,NA,000000,20260729_030000,000000,20260729_030000,20260728_150000,20260728_150000,NA,RAINNC,"(*,*)",hourlyPrecipRateGC,"(*,*)",mm,mm,gt0.1,gt0.1,NA,0.05,CTS,10000.0,,,,,,,,0.85,,,,,,,,,,,,,,,grid_stat_20260729.stat,20260729_030000,0.028,0.45,0.3602,0.15,0.2,0.4602,0.3,0.4,,,,
STAT,V12.0.0,20260820_055425,INANWP,NA,000000,20260729_030000,000000,20260729_030000,20260728_150000,20260728_150000,NA,RAINNC,"(*,*)",hourlyPrecipRateGC,"(*,*)",mm,mm,gt0.1,gt0.1,NA,0.05,CTC,10000.0,,,,,,,,,,,,,,,,,,,,,,,grid_stat_20260729.stat,20260729_030000,,,,,,,,,572.0,181.0,271.0,8936.0
STAT,V12.0.0,20260820_055425,INANWP,NA,000000,20260729_030000,000000,20260729_030000,20260728_150000,20260728_150000,NA,RAINNC,"(*,*)",hourlyPrecipRateGC,"(*,*)",mm,mm,gt1,gt1,NA,0.05,CNT,10000.0,0.055,6.679,4.679,3.679,4.179,4.679,3.879,0.6714,21.889,4.679,0.5,3.743,0.275,0.9,0.1,1.0,0.5,0.2,0.1,0.05,0.04,0.03,grid_stat_20260729.stat,20260729_030000,,,,,,,,,,,,
STAT,V12.0.0,20260820_055425,INANWP,NA,000000,20260729_030000,000000,20260729_030000,20260728_150000,20260728_150000,NA,RAINNC,"(*,*)",hourlyPrecipRateGC,"(*,*)",mm,mm,gt1,gt1,NA,0.05,CTS,10000.0,,,,,,,,0.85,,,,,,,,,,,,,,,grid_stat_20260729.stat,20260729_030000,0.028,0.45,0.3557,0.15,0.2,0.4557,0.3,0.4,,,,
STAT,V12.0.0,20260820_055425,INANWP,NA,000000,20260729_030000,000000,20260729_030000,20260728_150000,20260728_150000,NA,RAINNC,"(*,*)",hourlyPrecipRateGC,"(*,*)",mm,mm,gt1,gt1,NA,0.05,CTC,10000.0,,,,,,,,,,,,,,,,,,,,,,,grid_stat_20260729.stat,20260729_030000,,,,,,,,,571.0,182.0,271.0,8935.0
STAT,V12.0.0,20260820_055425,INANWP,NA,000000,20260729_030000,000000,20260729_030000,20260728_150000,20260728_150000,NA,RAINNC,"(*,*)",hourlyPrecipRateGC,"(*,*)",mm,mm,gt5,gt5,NA,0.05,CNT,10000.0,0.055,6.679,4.679,3.679,4.179,4.679,3.879,0.6714,21.889,4.679,0.5,3.743,0.275,0.9,0.1,1.0,0.5,0.2,0.1,0.05,0.04,0.03,grid_stat_20260729.stat,20260729_030000,,,,,,,,,,,,
STAT,V12.0.0,20260820_055425,INANWP,NA,000000,20260729_030000,000000,20260729_030000,20260728_150000,20260728_150000,NA,RAINNC,"(*,*)",hourlyPrecipRateGC,"(*,*)",mm,mm,gt5,gt5,NA,0.05,CTS,10000.0,,,,,,,,0.85,,,,,,,,,,,,,,,grid_stat_20260729.stat,20260729_030000,0.028,0.45,0.3357,0.15,0.2,0.4357,0.3,0.4,,,,
STAT,V12.0.0,20260820_055425,INANWP,NA,000000,20260729_030000,000000,20260729_030000,20260728_150000,20260728_150000,NA,RAINNC,"(*,*)",hourlyPrecipRateGC,"(*,*)",mm,mm,gt5,gt5,NA,0.05,CTC,10000.0,,,,,,,,,,,,,,,,,,,,,,,grid_stat_20260729.stat,20260729_030000,,,,,,,,,567.0,183.0,273.0,8933.0
STAT,V12.0.0,20260820_055425,INANWP,NA,000000,20260729_030000,000000,20260729_030000,20260728_150000,20260728_150000,NA,RAINNC,"(*,*)",hourlyPrecipRateGC,"(*,*)",mm,mm,gt10,gt10,NA,0.05,CNT,10000.0,0.055,6.679,4.679,3.679,4.179,4.679,3.879,0.6714,21.889,4.679,0.5,3.743,0.275,0.9,0.1,1.0,0.5,0.2,0.1,0.05,0.04,0.03,grid_stat_20260729.stat,20260729_030000,,,,,,,,,,,,
STAT,V12.0.0,20260820_055425,INANWP,NA,000000,20260729_030000,000000,20260729_030000,20260728_150000,20260728_150000,NA,RAINNC,"(*,*)",hourlyPrecipRateGC,"(*,*)",mm,mm,gt10,gt10,NA,0.05,CTS,10000.0,,,,,,,,0.85,,,,,,,,,,,,,,,grid_stat_20260729.stat,20260729_030000,0.028,0.45,0.3107,0.15,0.2,0.4107,0.3,0.4,,,,
STAT,V12.0.0,20260820_055425,INANWP,NA,000000,20260729_030000,000000,20260729_030000,20260728_150000,20260728_150000,NA,RAINNC,"(*,*)",hourlyPrecipRateGC,"(*,*)",mm,mm,gt10,gt10,NA,0.05,CTC,10000.0,,,,,,,,,,,,,,,,,,,,,,,grid_stat_20260729.stat,20260729_030000,,,,,,,,,562.0,184.0,275.0,8931.0
STAT,V12.0.0,20260820_055425,INANWP,NA,000000,20260729_030000,000000,20260729_030000,20260728_150000,20260728_150000,NA,RAINNC,"(*,*)",hourlyPrecipRateGC,"(*,*)",mm,mm,gt20,gt20,NA,0.05,CNT,10000.0,0.055,6.679,4.679,3.679,4.179,4.679,3.879,0.6714,21.889,4.679,0.5,3.743,0.275,0.9,0.1,1.0,0.5,0.2,0.1,0.05,0.04,0.03,grid_stat_20260729.stat,20260729_030000,,,,,,,,,,,,
STAT,V12.0.0,20260820_055425,INANWP,NA,000000,20260729_030000,000000,20260729_030000,20260728_150000,20260728_150000,NA,RAINNC,"(*,*)",hourlyPrecipRateGC,"(*,*)",mm,mm,gt20,gt20,NA,0.05,CTS,10000.0,,,,,,,,0.85,,,,,,,,,,,,,,,grid_stat_20260729.stat,20260729_030000,0.028,0.45,0.2607,0.15,0.2,0.3607,0.3,0.4,,,,
STAT,V12.0.0,20260820_055425,INANWP,NA,000000,20260729_030000,000000,20260729_030000,20260728_150000,20260728_150000,NA,RAINNC,"(*,*)",hourlyPrecipRateGC,"(*,*)",mm,mm,gt20,gt20,NA,0.05,CTC,10000.0,,,,,,,,,,,,,,,,,,,,,,,grid_stat_20260729.stat,20260729_030000,,,,,,,,,552.0,186.0,279.0,8926.0
STAT,V12.0.0,20260820_055425,INANWP,NA,000000,20260729_030000,000000,20260729_030000,20260728_150000,20260728_150000,NA,RAINNC,"(*,*)",hourlyPrecipRateGC,"(*,*)",mm,mm,gt50,gt50,NA,0.05,CNT,10000.0,0.055,6.679,4.679,3.679,4.179,4.679,3.879,0.6714,21.889,4.679,0.5,3.743,0.275,0.9,0.1,1.0,0.5,0.2,0.1,0.05,0.04,0.03,grid_stat_20260729.stat,20260729_030000,,,,,,,,,,,,
STAT,V12.0.0,20260820_055425,INANWP,NA,000000,20260729_030000,000000,20260729_030000,20260728_150000,20260728_150000,NA,RAINNC,"(*,*)",hourlyPrecipRateGC,"(*,*)",mm,mm,gt50,gt50,NA,0.05,CTS,10000.0,,,,,,,,0.85,,,,,,,,,,,,,,,grid_stat_20260729.stat,20260729_030000,0.028,0.45,0.1107,0.15,0.2,0.2107,0.3,0.4,,,,
STAT,V12.0.0,20260820_055425,INANWP,NA,000000,20260729_030000,000000,20260729_030000,20260728_150000,20260728_150000,NA,RAINNC,"(*,*)",hourlyPrecipRateGC,"(*,*)",mm,mm,gt50,gt50,NA,0.05,CTC,10000.0,,,,,,,,,,,,,,,,,,,,,,,grid_stat_20260729.stat,20260729_030000,,,,,,,,,522.0,194.0,291.0,8911.0
STAT,V12.0.0,20260820_055425,INANWP,NA,000000,20260729_040000,000000,20260729_040000,20260728_160000,20260728_160000,NA,RAINNC,"(*,*)",hourlyPrecipRateGC,"(*,*)",mm,mm,gt0.1,gt0.1,NA,0.05,CNT,10000.0,0.06,6.571,4.571,3.571,4.071,4.571,3.771,0.6786,20.898,4.571,0.5,3.657,0.3,0.9,0.1,1.0,0.5,0.2,0.1,0.05,0.04,0.03,grid_stat_20260729.stat,20260729_040000,,,,,,,,,,,,
STAT,V12.0.0,20260820_055425,INANWP,NA,000000,20260729_040000,000000,20260729_040000,20260728_160000,20260728_160000,NA,RAINNC,"(*,*)",hourlyPrecipRateGC,"(*,*)",mm,mm,gt0.1,gt0.1,NA,0.05,CTS,10000.0,,,,,,,,0.85,,,,,,,,,,,,,,,grid_stat_20260729.stat,20260729_040000,0.03,0.45,0.3638,0.15,0.2,0.4638,0.3,0.4,,,,
STAT,V12.0.0,20260820_055425,INANWP,NA,000000,20260729_040000,000000,20260729_040000,20260728_160000,20260728_160000,NA,RAINNC,"(*,*)",hourlyPrecipRateGC,"(*,*)",mm,mm,gt0.1,gt0.1,NA,0.05,CTC,10000.0,,,,,,,,,,,,,,,,,,,,,,,grid_stat_20260729.stat,20260729_040000,,,,,,,,,572.0,181.0,270.0,8936.0
STAT,V12.0.0,20260820_055425,INANWP,NA,000000,20260729_040000,000000,20260729_040000,20260728_160000,20260728_160000,NA,RAINNC,"(*,*)",hourlyPrecipRateGC,"(*,*)",mm,mm,gt1,gt1,NA,0.05,CNT,10000.0,0.06,6.571,4.571,3.571,4.071,4.571,3.771,0.6786,20.898,4.571,0.5,3.657,0.3,0.9,0.1,1.0,0.5,0.2,0.1,0.05,0.04,0.03,grid_stat_20260729.stat,20260729_040000,,,,,,,,,,,,
STAT,V12.0.0,20260820_055425,INANWP,NA,000000,20260729_040000,000000,20260729_040000,20260728_160000,20260728_160000,NA,RAINNC,"(*,*)",hourlyPrecipRateGC,"(*,*)",mm,mm,gt1,gt1,NA,0.05,CTS,10000.0,,,,,,,,0.85,,,,,,,,,,,,,,,grid_stat_20260729.stat,20260729_040000,0.03,0.45,0.3593,0.15,0.2,0.4593,0.3,0.4,,,,
STAT,V12.0.0,20260820_055425,INANWP,NA,000000,20260729_040000,000000,20260729_040000,20260728_160000,20260728_160000,NA,RAINNC,"(*,*)",hourlyPrecipRateGC,"(*,*)",mm,mm,gt1,gt1,NA,0.05,CTC,10000.0,,,,,,,,,,,,,,,,,,,,,,,grid_stat_20260729.stat,20260729_040000,,,,,,,,,571.0,182.0,271.0,8935.0
STAT,V12.0.0,20260820_055425,INANWP,NA,000000,20260729_040000,000000,20260729_040000,20260728_160000,20260728_160000,NA,RAINNC,"(*,*)",hourlyPrecipRateGC,"(*,*)",mm,mm,gt5,gt5,NA,0.05,CNT,10000.0,0.06,6.571,4.571,3.571,4.071,4.571,3.771,0.6786,20.898,4.571,0.5,3.657,0.3,0.9,0.1,1.0,0.5,0.2,0.1,0.05,0.04,0.03,grid_stat_20260729.stat,20260729_040000,,,,,,,,,,,,
STAT,V12.0.0,20260820_055425,INANWP,NA,000000,20260729_040000,000000,20260729_040000,20260728_160000,20260728_160000,NA,RAINNC,"(*,*)",hourlyPrecipRateGC,"(*,*)",mm,mm,gt5,gt5,NA,0.05,CTS,10000.0,,,,,,,,0.85,,,,,,,,,,,,,,,grid_stat_20260729.stat,20260729_040000,0.03,0.45,0.3393,0.15,0.2,0.4393,0.3,0.4,,,,
STAT,V12.0.0,20260820_055425,INANWP,NA,000000,20260729_040000,000000,20260729_040000,20260728_160000,20260728_160000,NA,RAINNC,"(*,*)",hourlyPrecipRateGC,"(*,*)",mm,mm,gt5,gt5,NA,0.05,CTC,10000.0,,,,,,,,,,,,,,,,,,,,,,,grid_stat_20260729.stat,20260729_040000,,,,,,,,,567.0,183.0,272.0,8933.0
STAT,V12.0.0,20260820_055425,INANWP,NA,000000,20260729_040000,000000,20260729_040000,20260728_160000,20260728_160000,NA,RAINNC,"(*,*)",hourlyPrecipRateGC,"(*,*)",mm,mm,gt10,gt10,NA,0.05,CNT,10000.0,0.06,6.571,4.571,3.571,4.071,4.571,3.771,0.6786,20.898,4.571,0.5,3.657,0.3,0.9,0.1,1.0,0.5,0.2,0.1,0.05,0.04,0.03,grid_stat_20260729.stat,20260729_040000,,,,,,,,,,,,
STAT,V12.0.0,20260820_055425,INANWP,NA,000000,20260729_040000,000000,20260729_040000,20260728_160000,20260728_160000,NA,RAINNC,"(*,*)",hourlyPrecipRateGC,"(*,*)",mm,mm,gt10,gt10,NA,0.05,CTS,10000.0,,,,,,,,0.85,,,,,,,,,,,,,,,grid_stat_20260729.stat,20260729_040000,0.03,0.45,0.3143,0.15,0.2,0.4143,0.3,0.4,,,,
STAT,V12.0.0,20260820_055425,INANWP,NA,000000,20260729_040000,000000,20260729_040000,20260728_160000,20260728_160000,NA,RAINNC,"(*,*)",hourlyPrecipRateGC,"(*,*)",mm,mm,gt10,gt10,NA,0.05,CTC,10000.0,,,,,,,,,,,,,,,,,,,,,,,grid_stat_20260729.stat,20260729_040000,,,,,,,,,562.0,184.0,274.0,8931.0
STAT,V12.0.0,20260820_055425,INANWP,NA,000000,20260729_040000,000000,20260729_040000,20260728_160000,20260728_160000,NA,RAINNC,"(*,*)",hourlyPrecipRateGC,"(*,*)",mm,mm,gt20,gt20,NA,0.05,CNT,10000.0,0.06,6.571,4.571,3.571,4.071,4.571,3.771,0.6786,20.898,4.571,0.5,3.657,0.3,0.9,0.1,1.0,0.5,0.2,0.1,0.05,0.04,0.03,grid_stat_20260729.stat,20260729_040000,,,,,,,,,,,,
STAT,V12.0.0,20260820_055425,INANWP,NA,000000,20260729_040000,000000,20260729_040000,20260728_160000,20260728_160000,NA,RAINNC,"(*,*)",hourlyPrecipRateGC,"(*,*)",mm,mm,gt20,gt20,NA,0.05,CTS,10000.0,,,,,,,,0.85,,,,,,,,,,,,,,,grid_stat_20260729.stat,20260729_040000,0.03,0.45,0.2643,0.15,0.2,0.3643,0.3,0.4,,,,
STAT,V12.0.0,20260820_055425,INANWP,NA,000000,20260729_040000,000000,20260729_040000,20260728_160000,20260728_160000,NA,RAINNC,"(*,*)",hourlyPrecipRateGC,"(*,*)",mm,mm,gt20,gt20,NA,0.05,CTC,10000.0,,,,,,,,,,,,,,,,,,,,,,,grid_stat_20260729.stat,20260729_040000,,,,,,,,,552.0,186.0,278.0,8926.0
STAT,V12.0.0,20260820_055425,INANWP,NA,000000,20260729_040000,000000,20260729_040000,20260728_160000,20260728_160000,NA,RAINNC,"(*,*)",hourlyPrecipRateGC,"(*,*)",mm,mm,gt50,gt50,NA,0.05,CNT,10000.0,0.06,6.571,4.571,3.571,4.071,4.571,3.771,0.6786,20.898,4.571,0.5,3.657,0.3,0.9,0.1,1.0,0.5,0.2,0.1,0.05,0.04,0.03,grid_stat_20260729.stat,20260729_040000,,,,,,,,,,,,
STAT,V12.0.0,20260820_055425,INANWP,NA,000000,20260729_040000,000000,20260729_040000,20260728_160000,20260728_160000,NA,RAINNC,"(*,*)",hourlyPrecipRateGC,"(*,*)",mm,mm,gt50,gt50,NA,0.05,CTS,10000.0,,,,,,,,0.85,,,,,,,,,,,,,,,grid_stat_20260729.stat,20260729_040000,0.03,0.45,0.1143,0.15,0.2,0.2143,0.3,0.4,,,,
STAT,V12.0.0,20260820_055425,INANWP,NA,000000,20260729_040000,000000,20260729_040000,20260728_160000,20260728_160000,NA,RAINNC,"(*,*)",hourlyPrecipRateGC,"(*,*)",mm,mm,gt50,gt50,NA,0.05,CTC,10000.0,,,,,,,,,,,,,,,,,,,,,,,grid_stat_20260729.stat,20260729_040000,,,,,,,,,522.0,194.0,290.0,8911.0
STAT,V12.0.0,20260820_055425,INANWP,NA,000000,20260729_050000,000000,20260729_050000,20260728_170000,20260728_170000,NA,RAINNC,"(*,*)",hourlyPrecipRateGC,"(*,*)",mm,mm,gt0.1,gt0.1,NA,0.05,CNT,10000.0,0.065,6.464,4.464,3.464,3.964,4.464,3.664,0.6857,19.93,4.464,0.5,3.571,0.325,0.9,0.1,1.0,0.5,0.2,0.1,0.05,0.04,0.03,grid_stat_20260729.stat,20260729_050000,,,,,,,,,,,,
STAT,V12.0.0,20260820_055425,INANWP,NA,000000,20260729_050000,000000,20260729_050000,20260728_170000,20260728_170000,NA,RAINNC,"(*,*)",hourlyPrecipRateGC,"(*,*)",mm,mm,gt0.1,gt0.1,NA,0.05,CTS,10000.0,,,,,,,,0.85,,,,,,,,,,,,,,,grid_stat_20260729.stat,20260729_050000,0.032,0.45,0.3674,0.15,0.2,0.4674,0.3,0.4,,,,
STAT,V12.0.0,20260820_055425,INANWP,NA,000000,20260729_050000,000000,20260729_050000,20260728_170000,20260728_170000,NA,RAINNC,"(*,*)",hourlyPrecipRateGC,"(*,*)",mm,mm,gt0.1,gt0.1,NA,0.05,CTC,10000.0,,,,,,,,,,,,,,,,,,,,,,,grid_stat_20260729.stat,20260729_050000,,,,,,,,,573.0,181.0,270.0,8936.0
STAT,V12.0.0,20260820_055425,INANWP,NA,000000,20260729_050000,000000,20260729_050000,20260728_170000,20260728_170000,NA,RAINNC,"(*,*)",hourlyPrecipRateGC,"(*,*)",mm,mm,gt1,gt1,NA,0.05,CNT,10000.0,0.065,6.464,4.464,3.464,3.964,4.464,3.664,0.6857,19.93,4.464,0.5,3.571,0.325,0.9,0.1,1.0,0.5,0.2,0.1,0.05,0.04,0.03,grid_stat_20260729.stat,20260729_050000,,,,,,,,,,,,
STAT,V12.0.0,20260820_055425,INANWP,NA,000000,20260729_050000,000000,20260729_050000,20260728_170000,20260728_170000,NA,RAINNC,"(*,*)",hourlyPrecipRateGC,"(*,*)",mm,mm,gt1,gt1,NA,0.05,CTS,10000.0,,,,,,,,0.85,,,,,,,,,,,,,,,grid_stat_20260729.stat,20260729_050000,0.032,0.45,0.3629,0.15,0.2,0.4629,0.3,0.4,,,,
STAT,V12.0.0,20260820_055425,INANWP,NA,000000,20260729_050000,000000,20260729_050000,20260728_170000,20260728_170000,NA,RAINNC,"(*,*)",hourlyPrecipRateGC,"(*,*)",mm,mm,gt1,gt1,NA,0.05,CTC,10000.0,,,,,,,,,,,,,,,,,,,,,,,grid_stat_20260729.stat,20260729_050000,,,,,,,,,572.0,181.0,270.0,8936.0
STAT,V12.0.0,20260820_055425,INANWP,NA,000000,20260729_050000,000000,20260729_050000,20260728_170000,20260728_170000,NA,RAINNC,"(*,*)",hourlyPrecipRateGC,"(*,*)",mm,mm,gt5,gt5,NA,0.05,CNT,10000.0,0.065,6.464,4.464,3.464,3.964,4.464,3.664,0.6857,19.93,4.464,0.5,3.571,0.325,0.9,0.1,1.0,0.5,0.2,0.1,0.05,0.04,0.03,grid_stat_20260729.stat,20260729_050000,,,,,,,,,,,,
STAT,V12.0.0,20260820_055425,INANWP,NA,000000,20260729_050000,000000,20260729_050000,20260728_170000,20260728_170000,NA,RAINNC,"(*,*)",hourlyPrecipRateGC,"(*,*)",mm,mm,gt5,gt5,NA,0.05,CTS,10000.0,,,,,,,,0.85,,,,,,,,,,,,,,,grid_stat_20260729.stat,20260729_050000,0.032,0.45,0.3429,0.15,0.2,0.4429,0.3,0.4,,,,
STAT,V12.0.0,20260820_055425,INANWP,NA,000000,20260729_050000,000000,20260729_050000,20260728_170000,20260728_170000,NA,RAINNC,"(*,*)",hourlyPrecipRateGC,"(*,*)",mm,mm,gt5,gt5,NA,0.05,CTC,10000.0,,,,,,,,,,,,,,,,,,,,,,,grid_stat_20260729.stat,20260729_050000,,,,,,,,,568.0,182.0,272.0,8934.0
STAT,V12.0.0,20260820_055425,INANWP,NA,000000,20260729_050000,000000,20260729_050000,20260728_170000,20260728_170000,NA,RAINNC,"(*,*)",hourlyPrecipRateGC,"(*,*)",mm,mm,gt10,gt10,NA,0.05,CNT,10000.0,0.065,6.464,4.464,3.464,3.964,4.464,3.664,0.6857,19.93,4.464,0.5,3.571,0.325,0.9,0.1,1.0,0.5,0.2,0.1,0.05,0.04,0.03,grid_stat_20260729.stat,20260729_050000,,,,,,,,,,,,
STAT,V12.0.0,20260820_055425,INANWP,NA,000000,20260729_050000,000000,20260729_050000,20260728_170000,20260728_170000,NA,RAINNC,"(*,*)",hourlyPrecipRateGC,"(*,*)",mm,mm,gt10,gt10,NA,0.05,CTS,10000.0,,,,,,,,0.85,,,,,,,,,,,,,,,grid_stat_20260729.stat,20260729_050000,0.032,0.45,0.3179,0.15,0.2,0.4179,0.3,0.4,,,,
STAT,V12.0.0,20260820_055425,INANWP,NA,000000,20260729_050000,000000,20260729_050000,20260728_170000,20260728_170000,NA,RAINNC,"(*,*)",hourlyPrecipRateGC,"(*,*)",mm,mm,gt10,gt10,NA,0.05,CTC,10000.0,,,,,,,,,,,,,,,,,,,,,,,grid_stat_20260729.stat,20260729_050000,,,,,,,,,563.0,184.0,274.0,8931.0
STAT,V12.0.0,20260820_055425,INANWP,NA,000000,20260729_050000,000000,20260729_050000,20260728_170000,20260728_170000,NA,RAINNC,"(*,*)",hourlyPrecipRateGC,"(*,*)",mm,mm,gt20,gt20,NA,0.05,CNT,10000.0,0.065,6.464,4.464,3.464,3.964,4.464,3.664,0.6857,19.93,4.464,0.5,3.571,0.325,0.9,0.1,1.0,0.5,0.2,0.1,0.05,0.04,0.03,grid_stat_20260729.stat,20260729_050000,,,,,,,,,,,,
STAT,V12.0.0,20260820_055425,INANWP,NA,000000,20260729_050000,000000,20260729_050000,20260728_170000,20260728_170000,NA,RAINNC,"(*,*)",hourlyPrecipRateGC,"(*,*)",mm,mm,gt20,gt20,NA,0.05,CTS,10000.0,,,,,,,,0.85,,,,,,,,,,,,,,,grid_stat_20260729.stat,20260729_050000,0.032,0.45,0.2679,0.15,0.2,0.3679,0.3,0.4,,,,
STAT,V12.0.0,20260820_055425,INANWP,NA,000000,20260729_050000,000000,20260729_050000,20260728_170000,20260728_170000,NA,RAINNC,"(*,*)",hourlyPrecipRateGC,"(*,*)",mm,mm,gt20,gt20,NA,0.05,CTC,10000.0,,,,,,,,,,,,,,,,,,,,,,,grid_stat_20260729.stat,20260729_050000,,,,,,,,,553.0,186.0,278.0,8926.0
STAT,V12.0.0,20260820_055425,INANWP,NA,000000,20260729_050000,000000,20260729_050000,20260728_170000,20260728_170000,NA,RAINNC,"(*,*)",hourlyPrecipRateGC,"(*,*)",mm,mm,gt50,gt50,NA,0.05,CNT,10000.0,0.065,6.464,4.464,3.464,3.964,4.464,3.664,0.6857,19.93,4.464,0.5,3.571,0.325,0.9,0.1,1.0,0.5,0.2,0.1,0.05,0.04,0.03,grid_stat_20260729.stat,20260729_050000,,,,,,,,,,,,
STAT,V12.0.0,20260820_055425,INANWP,NA,000000,20260729_050000,000000,20260729_050000,20260728_170000,20260728_170000,NA,RAINNC,"(*,*)",hourlyPrecipRateGC,"(*,*)",mm,mm,gt50,gt50,NA,0.05,CTS,10000.0,,,,,,,,0.85,,,,,,,,,,,,,,,grid_stat_20260729.stat,20260729_050000,0.032,0.45,0.1179,0.15,0.2,0.2179,0.3,0.4,,,,
STAT,V12.0.0,20260820_055425,INANWP,NA,000000,20260729_050000,000000,20260729_050000,20260728_170000,20260728_170000,NA,RAINNC,"(*,*)",hourlyPrecipRateGC,"(*,*)",mm,mm,gt50,gt50,NA,0.05,CTC,10000.0,,,,,,,,,,,,,,,,,,,,,,,grid_stat_20260729.stat,20260729_050000,,,,,,,,,523.0,194.0,290.0,8911.0
STAT,V12.0.0,20260820_055425,INANWP,NA,000000,20260729_060000,000000,20260729_060000,20260728_180000,20260728_180000,NA,RAINNC,"(*,*)",hourlyPrecipRateGC,"(*,*)",mm,mm,gt0.1,gt0.1,NA,0.05,CNT,10000.0,0.07,6.357,4.357,3.357,3.857,4.357,3.557,0.6929,18.985,4.357,0.5,3.486,0.35,0.9,0.1,1.0,0.5,0.2,0.1,0.05,0.04,0.03,grid_stat_20260729.stat,20260729_060000,,,,,,,,,,,,
STAT,V12.0.0,20260820_055425,INANWP,NA,000000,20260729_060000,000000,20260729_060000,20260728_180000,20260728_180000,NA,RAINNC,"(*,*)",hourlyPrecipRateGC,"(*,*)",mm,mm,gt0.1,gt0.1,NA,0.05,CTS,10000.0,,,,,,,,0.85,,,,,,,,,,,,,,,grid_stat_20260729.stat,20260729_060000,0.035,0.45,0.3709,0.15,0.2,0.4709,0.3,0.4,,,,
STAT,V12.0.0,20260820_055425,INANWP,NA,000000,20260729_060000,000000,20260729_060000,20260728_180000,20260728_180000,NA,RAINNC,"(*,*)",hourlyPrecipRateGC,"(*,*)",mm,mm,gt0.1,gt0.1,NA,0.05,CTC,10000.0,,,,,,,,,,,,,,,,,,,,,,,grid_stat_20260729.stat,20260729_060000,,,,,,,,,574.0,181.0,270.0,8937.0
STAT,V12.0.0,20260820_055425,INANWP,NA,000000,20260729_060000,000000,20260729_060000,20260728_180000,20260728_180000,NA,RAINNC,"(*,*)",hourlyPrecipRateGC,"(*,*)",mm,mm,gt1,gt1,NA,0.05,CNT,10000.0,0.07,6.357,4.357,3.357,3.857,4.357,3.557,0.6929,18.985,4.357,0.5,3.486,0.35,0.9,0.1,1.0,0.5,0.2,0.1,0.05,0.04,0.03,grid_stat_20260729.stat,20260729_060000,,,,,,,,,,,,
STAT,V12.0.0,20260820_055425,INANWP,NA,000000,20260729_060000,000000,20260729_060000,20260728_180000,20260728_180000,NA,RAINNC,"(*,*)",hourlyPrecipRateGC,"(*,*)",mm,mm,gt1,gt1,NA,0.05,CTS,10000.0,,,,,,,,0.85,,,,,,,,,,,,,,,grid_stat_20260729.stat,20260729_060000,0.035,0.45,0.3664,0.15,0.2,0.4664,0.3,0.4,,,,
STAT,V12.0.0,20260820_055425,INANWP,NA,000000,20260729_060000,000000,20260729_060000,20260728_180000,20260728_180000,NA,RAINNC,"(*,*)",hourlyPrecipRateGC,"(*,*)",mm,mm,gt1,gt1,NA,0.05,CTC,10000.0,,,,,,,,,,,,,,,,,,,,,,,grid_stat_20260729.stat,20260729_060000,,,,,,,,,573.0,181.0,270.0,8936.0
STAT,V12.0.0,20260820_055425,INANWP,NA,000000,20260729_060000,000000,20260729_060000,20260728_180000,20260728_180000,NA,RAINNC,"(*,*)",hourlyPrecipRateGC,"(*,*)",mm,mm,gt5,gt5,NA,0.05,CNT,10000.0,0.07,6.357,4.357,3.357,3.857,4.357,3.557,0.6929,18.985,4.357,0.5,3.486,0.35,0.9,0.1,1.0,0.5,0.2,0.1,0.05,0.04,0.03,grid_stat_20260729.stat,20260729_060000,,,,,,,,,,,,
STAT,V12.0.0,20260820_055425,INANWP,NA,000000,20260729_060000,000000,20260729_060000,20260728_180000,20260728_180000,NA,RAINNC,"(*,*)",hourlyPrecipRateGC,"(*,*)",mm,mm,gt5,gt5,NA,0.05,CTS,10000.0,,,,,,,,0.85,,,,,,,,,,,,,,,grid_stat_20260729.stat,20260729_060000,0.035,0.45,0.3464,0.15,0.2,0.4464,0.3,0.4,,,,
STAT,V12.0.0,20260820_055425,INANWP,NA,000000,20260729_060000,000000,20260729_060000,20260728_180000,20260728_180000,NA,RAINNC,"(*,*)",hourlyPrecipRateGC,"(*,*)",mm,mm,gt5,gt5,NA,0.05,CTC,10000.0,,,,,,,,,,,,,,,,,,,,,,,grid_stat_20260729.stat,20260729_060000,,,,,,,,,569.0,182.0,272.0,8934.0
STAT,V12.0.0,20260820_055425,INANWP,NA,000000,20260729_060000,000000,20260729_060000,20260728_180000,20260728_180000,NA,RAINNC,"(*,*)",hourlyPrecipRateGC,"(*,*)",mm,mm,gt10,gt10,NA,0.05,CNT,10000.0,0.07,6.357,4.357,3.357,3.857,4.357,3.557,0.6929,18.985,4.357,0.5,3.486,0.35,0.9,0.1,1.0,0.5,0.2,0.1,0.05,0.04,0.03,grid_stat_20260729.stat,20260729_060000,,,,,,,,,,,,
STAT,V12.0.0,20260820_055425,INANWP,NA,000000,20260729_060000,000000,20260729_060000,20260728_180000,20260728_180000,NA,RAINNC,"(*,*)",hourlyPrecipRateGC,"(*,*)",mm,mm,gt10,gt10,NA,0.05,CTS,10000.0,,,,,,,,0.85,,,,,,,,,,,,,,,grid_stat_20260729.stat,20260729_060000,0.035,0.45,0.3214,0.15,0.2,0.4214,0.3,0.4,,,,
STAT,V12.0.0,20260820_055425,INANWP,NA,000000,20260729_060000,000000,20260729_060000,20260728_180000,20260728_180000,NA,RAINNC,"(*,*)",hourlyPrecipRateGC,"(*,*)",mm,mm,gt10,gt10,NA,0.05,CTC,10000.0,,,,,,,,,,,,,,,,,,,,,,,grid_stat_20260729.stat,20260729_060000,,,,,,,,,564.0,183.0,274.0,8932.0
STAT,V12.0.0,20260820_055425,INANWP,NA,000000,20260729_060000,000000,20260729_060000,20260728_180000,20260728_180000,NA,RAINNC,"(*,*)",hourlyPrecipRateGC,"(*,*)",mm,mm,gt20,gt20,NA,0.05,CNT,10000.0,0.07,6.357,4.357,3.357,3.857,4.357,3.557,0.6929,18.985,4.357,0.5,3.486,0.35,0.9,0.1,1.0,0.5,0.2,0.1,0.05,0.04,0.03,grid_stat_20260729.stat,20260729_060000,,,,,,,,,,,,
STAT,V12.0.0,20260820_055425,INANWP,NA,000000,20260729_060000,000000,20260729_060000,20260728_180000,20260728_180000,NA,RAINNC,"(*,*)",hourlyPrecipRateGC,"(*,*)",mm,mm,gt20,gt20,NA,0.05,CTS,10000.0,,,,,,,,0.85,,,,,,,,,,,,,,,grid_stat_20260729.stat,20260729_060000,0.035,0.45,0.2714,0.15,0.2,0.3714,0.3,0.4,,,,
STAT,V12.0.0,20260820_055425,INANWP,NA,000000,20260729_060000,000000,20260729_060000,20260728_180000,20260728_180000,NA,RAINNC,"(*,*)",hourlyPrecipRateGC,"(*,*)",mm,mm,gt20,gt20,NA,0.05,CTC,10000.0,,,,,,,,,,,,,,,,,,,,,,,grid_stat_20260729.stat,20260729_060000,,,,,,,,,554.0,186.0,278.0,8927.0
STAT,V12.0.0,20260820_055425,INANWP,NA,000000,20260729_060000,000000,20260729_060000,20260728_180000,20260728_180000,NA,RAINNC,"(*,*)",hourlyPrecipRateGC,"(*,*)",mm,mm,gt50,gt50,NA,0.05,CNT,10000.0,0.07,6.357,4.357,3.357,3.857,4.357,3.557,0.6929,18.985,4.357,0.5,3.486,0.35,0.9,0.1,1.0,0.5,0.2,0.1,0.05,0.04,0.03,grid_stat_20260729.stat,20260729_060000,,,,,,,,,,,,
STAT,V12.0.0,20260820_055425,INANWP,NA,000000,20260729_060000,000000,20260729_060000,20260728_180000,20260728_180000,NA,RAINNC,"(*,*)",hourlyPrecipRateGC,"(*,*)",mm,mm,gt50,gt50,NA,0.05,CTS,10000.0,,,,,,,,0.85,,,,,,,,,,,,,,,grid_stat_20260729.stat,20260729_060000,0.035,0.45,0.1214,0.15,0.2,0.2214,0.3,0.4,,,,
STAT,V12.0.0,20260820_055425,INANWP,NA,000000,20260729_060000,000000,20260729_060000,20260728_180000,20260728_180000,NA,RAINNC,"(*,*)",hourlyPrecipRateGC,"(*,*)",mm,mm,gt50,gt50,NA,0.05,CTC,10000.0,,,,,,,,,,,,,,,,,,,,,,,grid_stat_20260729.stat,20260729_060000,,,,,,,,,524.0,193.0,290.0,8912.0
STAT,V12.0.0,20260820_055425,INANWP,NA,000000,20260729_070000,000000,20260729_070000,20260728_190000,20260728_190000,NA,RAINNC,"(*,*)",hourlyPrecipRateGC,"(*,*)",mm,mm,gt0.1,gt0.1,NA,0.05,CNT,10000.0,0.075,6.25,4.25,3.25,3.75,4.25,3.45,0.7,18.062,4.25,0.5,3.4,0.375,0.9,0.1,1.0,0.5,0.2,0.1,0.05,0.04,0.03,grid_stat_20260729.stat,20260729_070000,,,,,,,,,,,,
STAT,V12.0.0,20260820_055425,INANWP,NA,000000,20260729_070000,000000,20260729_070000,20260728_190000,20260728_190000,NA,RAINNC,"(*,*)",hourlyPrecipRateGC,"(*,*)",mm,mm,gt0.1,gt0.1,NA,0.05,CTS,10000.0,,,,,,,,0.85,,,,,,,,,,,,,,,grid_stat_20260729.stat,20260729_070000,0.037,0.45,0.3745,0.15,0.2,0.4745,0.3,0.4,,,,
STAT,V12.0.0,20260820_055425,INANWP,NA,000000,20260729_070000,000000,20260729_070000,20260728_190000,20260728_190000,NA,RAINNC,"(*,*)",hourlyPrecipRateGC,"(*,*)",mm,mm,gt0.1,gt0.1,NA,0.05,CTC,10000.0,,,,,,,,,,,,,,,,,,,,,,,grid_stat_20260729.stat,20260729_070000,,,,,,,,,574.0,181.0,270.0,8937.0
STAT,V12.0.0,20260820_055425,INANWP,NA,000000,20260729_070000,000000,20260729_070000,20260728_190000,20260728_190000,NA,RAINNC,"(*,*)",hourlyPrecipRateGC,"(*,*)",mm,mm,gt1,gt1,NA,0.05,CNT,10000.0,0.075,6.25,4.25,3.25,3.75,4.25,3.45,0.7,18.062,4.25,0.5,3.4,0.375,0.9,0.1,1.0,0.5,0.2,0.1,0.05,0.04,0.03,grid_stat_20260729.stat,20260729_070000,,,,,,,,,,,,
STAT,V12.0.0,20260820_055425,INANWP,NA,000000,20260729_070000,000000,20260729_070000,20260728_190000,20260728_190000,NA,RAINNC,"(*,*)",hourlyPrecipRateGC,"(*,*)",mm,mm,gt1,gt1,NA,0.05,CTS,10000.0,,,,,,,,0.85,,,,,,,,,,,,,,,grid_stat_20260729.stat,20260729_070000,0.037,0.45,0.37,0.15,0.2,0.47,0.3,0.4,,,,
STAT,V12.0.0,20260820_055425,INANWP,NA,000000,20260729_070000,000000,20260729_070000,20260728_190000,20260728_190000,NA,RAINNC,"(*,*)",hourlyPrecipRateGC,"(*,*)",mm,mm,gt1,gt1,NA,0.05,CTC,10000.0,,,,,,,,,,,,,,,,,,,,,,,grid_stat_20260729.stat,20260729_070000,,,,,,,,,574.0,181.0,270.0,8937.0
STAT,V12.0.0,20260820_055425,INANWP,NA,000000,20260729_070000,000000,20260729_070000,20260728_190000,20260728_190000,NA,RAINNC,"(*,*)",hourlyPrecipRateGC,"(*,*)",mm,mm,gt5,gt5,NA,0.05,CNT,10000.0,0.075,6.25,4.25,3.25,3.75,4.25,3.45,0.7,18.062,4.25,0.5,3.4,0.375,0.9,0.1,1.0,0.5,0.2,0.1,0.05,0.04,0.03,grid_stat_20260729.stat,20260729_070000,,,,,,,,,,,,
STAT,V12.0.0,20260820_055425,INANWP,NA,000000,20260729_070000,000000,20260729_070000,20260728_190000,20260728_190000,NA,RAINNC,"(*,*)",hourlyPrecipRateGC,"(*,*)",mm,mm,gt5,gt5,NA,0.05,CTS,10000.0,,,,,,,,0.85,,,,,,,,,,,,,,,grid_stat_20260729.stat,20260729_070000,0.037,0.45,0.35,0.15,0.2,0.45,0.3,0.4,,,,
STAT,V12.0.0,20260820_055425,INANWP,NA,000000,20260729_070000,000000,20260729_070000,20260728_190000,20260728_190000,NA,RAINNC,"(*,*)",hourlyPrecipRateGC,"(*,*)",mm,mm,gt5,gt5,NA,0.05,CTC,10000.0,,,,,,,,,,,,,,,,,,,,,,,grid_stat_20260729.stat,20260729_070000,,,,,,,,,570.0,182.0,272.0,8935.0
STAT,V12.0.0,20260820_055425,INANWP,NA,000000,20260729_070000,000000,20260729_070000,20260728_190000,20260728_190000,NA,RAINNC,"(*,*)",hourlyPrecipRateGC,"(*,*)",mm,mm,gt10,gt10,NA,0.05,CNT,10000.0,0.075,6.25,4.25,3.25,3.75,4.25,3.45,0.7,18.062,4.25,0.5,3.4,0.375,0.9,0.1,1.0,0.5,0.2,0.1,0.05,0.04,0.03,grid_stat_20260729.stat,20260729_070000,,,,,,,,,,,,
STAT,V12.0.0,20260820_055425,INANWP,NA,000000,20260729_070000,000000,20260729_070000,20260728_190000,20260728_190000,NA,RAINNC,"(*,*)",hourlyPrecipRateGC,"(*,*)",mm,mm,gt10,gt10,NA,0.05,CTS,10000.0,,,,,,,,0.85,,,,,,,,,,,,,,,grid_stat_20260729.stat,20260729_070000,0.037,0.45,0.325,0.15,0.2,0.425,0.3,0.4,,,,
STAT,V12.0.0,20260820_055425,INANWP,NA,000000,20260729_070000,000000,20260729_070000,20260728_190000,20260728_190000,NA,RAINNC,"(*,*)",hourlyPrecipRateGC,"(*,*)",mm,mm,gt10,gt10,NA,0.05,CTC,10000.0,,,,,,,,,,,,,,,,,,,,,,,grid_stat_20260729.stat,20260729_070000,,,,,,,,,565.0,183.0,274.0,8932.0
STAT,V12.0.0,20260820_055425,INANWP,NA,000000,20260729_070000,000000,20260729_070000,20260728_190000,20260728_190000,NA,RAINNC,"(*,*)",hourlyPrecipRateGC,"(*,*)",mm,mm,gt20,gt20,NA,0.05,CNT,10000.0,0.075,6.25,4.25,3.25,3.75,4.25,3.45,0.7,18.062,4.25,0.5,3.4,0.375,0.9,0.1,1.0,0.5,0.2,0.1,0.05,0.04,0.03,grid_stat_20260729.stat,20260729_070000,,,,,,,,,,,,
STAT,V12.0.0,20260820_055425,INANWP,NA,000000,20260729_070000,000000,20260729_070000,20260728_190000,20260728_190000,NA,RAINNC,"(*,*)",hourlyPrecipRateGC,"(*,*)",mm,mm,gt20,gt20,NA,0.05,CTS,10000.0,,,,,,,,0.85,,,,,,,,,,,,,,,grid_stat_20260729.stat,20260729_070000,0.037,0.45,0.275,0.15,0.2,0.375,0.3,0.4,,,,
STAT,V12.0.0,20260820_055425,INANWP,NA,000000,20260729_070000,000000,20260729_070000,20260728_190000,20260728_190000,NA,RAINNC,"(*,*)",hourlyPrecipRateGC,"(*,*)",mm,mm,gt20,gt20,NA,0.05,CTC,10000.0,,,,,,,,,,,,,,,,,,,,,,,grid_stat_20260729.stat,20260729_070000,,,,,,,,,555.0,186.0,278.0,8927.0
STAT,V12.0.0,20260820_055425,INANWP,NA,000000,20260729_070000,000000,20260729_070000,20260728_190000,20260728_190000,NA,RAINNC,"(*,*)",hourlyPrecipRateGC,"(*,*)",mm,mm,gt50,gt50,NA,0.05,CNT,10000.0,0.075,6.25,4.25,3.25,3.75,4.25,3.45,0.7,18.062,4.25,0.5,3.4,0.375,0.9,0.1,1.0,0.5,0.2,0.1,0.05,0.04,0.03,grid_stat_20260729.stat,20260729_070000,,,,,,,,,,,,
STAT,V12.0.0,20260820_055425,INANWP,NA,000000,20260729_070000,000000,20260729_070000,20260728_190000,20260728_190000,NA,RAINNC,"(*,*)",hourlyPrecipRateGC,"(*,*)",mm,mm,gt50,gt50,NA,0.05,CTS,10000.0,,,,,,,,0.85,,,,,,,,,,,,,,,grid_stat_20260729.stat,20260729_070000,0.037,0.45,0.125,0.15,0.2,0.225,0.3,0.4,,,,
STAT,V12.0.0,20260820_055425,INANWP,NA,000000,20260729_070000,000000,20260729_070000,20260728_190000,20260728_190000,NA,RAINNC,"(*,*)",hourlyPrecipRateGC,"(*,*)",mm,mm,gt50,gt50,NA,0.05,CTC,10000.0,,,,,,,,,,,,,,,,,,,,,,,grid_stat_20260729.stat,20260729_070000,,,,,,,,,525.0,193.0,290.0,8912.0
STAT,V12.0.0,20260820_055425,INANWP,NA,000000,20260729_080000,000000,20260729_080000,20260728_200000,20260728_200000,NA,RAINNC,"(*,*)",hourlyPrecipRateGC,"(*,*)",mm,mm,gt0.1,gt0.1,NA,0.05,CNT,10000.0,0.08,6.143,4.143,3.143,3.643,4.143,3.343,0.7071,17.163,4.143,0.5,3.314,0.4,0.9,0.1,1.0,0.5,0.2,0.1,0.05,0.04,0.03,grid_stat_20260729.stat,20260729_080000,,,,,,,,,,,,
STAT,V12.0.0,20260820_055425,INANWP,NA,000000,20260729_080000,000000,20260729_080000,20260728_200000,20260728_200000,NA,RAINNC,"(*,*)",hourlyPrecipRateGC,"(*,*)",mm,mm,gt0.1,gt0.1,NA,0.05,CTS,10000.0,,,,,,,,0.85,,,,,,,,,,,,,,,grid_stat_20260729.stat,20260729_080000,0.04,0.45,0.3781,0.15,0.2,0.4781,0.3,0.4,,,,
STAT,V12.0.0,20260820_055425,INANWP,NA,000000,20260729_080000,000000,20260729_080000,20260728_200000,20260728_200000,NA,RAINNC,"(*,*)",hourlyPrecipRateGC,"(*,*)",mm,mm,gt0.1,gt0.1,NA,0.05,CTC,10000.0,,,,,,,,,,,,,,,,,,,,,,,grid_stat_20260729.stat,20260729_080000,,,,,,,,,575.0,181.0,269.0,8937.0
STAT,V12.0.0,20260820_055425,INANWP,NA,000000,20260729_080000,000000,20260729_080000,20260728_200000,20260728_200000,NA,RAINNC,"(*,*)",hourlyPrecipRateGC,"(*,*)",mm,mm,gt1,gt1,NA,0.05,CNT,10000.0,0.08,6.143,4.143,3.143,3.643,4.143,3.343,0.7071,17.163,4.143,0.5,3.314,0.4,0.9,0.1,1.0,0.5,0.2,0.1,0.05,0.04,0.03,grid_stat_20260729.stat,20260729_080000,,,,,,,,,,,,
STAT,V12.0.0,20260820_055425,INANWP,NA,000000,20260729_080000,000000,20260729_080000,20260728_200000,20260728_200000,NA,RAINNC,"(*,*)",hourlyPrecipRateGC,"(*,*)",mm,mm,gt1,gt1,NA,0.05,CTS,10000.0,,,,,,,,0.85,,,,,,,,,,,,,,,grid_stat_20260729.stat,20260729_080000,0.04,0.45,0.3736,0.15,0.2,0.4736,0.3,0.4,,,,
STAT,V12.0.0,20260820_055425,INANWP,NA,000000,20260729_080000,000000,20260729_080000,20260728_200000,20260728_200000,NA,RAINNC,"(*,*)",hourlyPrecipRateGC,"(*,*)",mm,mm,gt1,gt1,NA,0.05,CTC,10000.0,,,,,,,,,,,,,,,,,,,,,,,grid_stat_20260729.stat,20260729_080000,,,,,,,,,574.0,181.0,270.0,8937.0
STAT,V12.0.0,20260820_055425,INANWP,NA,000000,20260729_080000,000000,20260729_080000,20260728_200000,20260728_200000,NA,RAINNC,"(*,*)",hourlyPrecipRateGC,"(*,*)",mm,mm,gt5,gt5,NA,0.05,CNT,10000.0,0.08,6.143,4.143,3.143,3.643,4.143,3.343,0.7071,17.163,4.143,0.5,3.314,0.4,0.9,0.1,1.0,0.5,0.2,0.1,0.05,0.04,0.03,grid_stat_20260729.stat,20260729_080000,,,,,,,,,,,,
STAT,V12.0.0,20260820_055425,INANWP,NA,000000,20260729_080000,000000,20260729_080000,20260728_200000,20260728_200000,NA,RAINNC,"(*,*)",hourlyPrecipRateGC,"(*,*)",mm,mm,gt5,gt5,NA,0.05,CTS,10000.0,,,,,,,,0.85,,,,,,,,,,,,,,,grid_stat_20260729.stat,20260729_080000,0.04,0.45,0.3536,0.15,0.2,0.4536,0.3,0.4,,,,
STAT,V12.0.0,20260820_055425,INANWP,NA,000000,20260729_080000,000000,20260729_080000,20260728_200000,20260728_200000,NA,RAINNC,"(*,*)",hourlyPrecipRateGC,"(*,*)",mm,mm,gt5,gt5,NA,0.05,CTC,10000.0,,,,,,,,,,,,,,,,,,,,,,,grid_stat_20260729.stat,20260729_080000,,,,,,,,,570.0,182.0,271.0,8935.0
STAT,V12.0.0,20260820_055425,INANWP,NA,000000,20260729_080000,000000,20260729_080000,20260728_200000,20260728_200000,NA,RAINNC,"(*,*)",hourlyPrecipRateGC,"(*,*)",mm,mm,gt10,gt10,NA,0.05,CNT,10000.0,0.08,6.143,4.143,3.143,3.643,4.143,3.343,0.7071,17.163,4.143,0.5,3.314,0.4,0.9,0.1,1.0,0.5,0.2,0.1,0.05,0.04,0.03,grid_stat_20260729.stat,20260729_080000,,,,,,,,,,,,
STAT,V12.0.0,20260820_055425,INANWP,NA,000000,20260729_080000,000000,20260729_080000,20260728_200000,20260728_200000,NA,RAINNC,"(*,*)",hourlyPrecipRateGC,"(*,*)",mm,mm,gt10,gt10,NA,0.05,CTS,10000.0,,,,,,,,0.85,,,,,,,,,,,,,,,grid_stat_20260729.stat,20260729_080000,0.04,0.45,0.3286,0.15,0.2,0.4286,0.3,0.4,,,,
STAT,V12.0.0,20260820_055425,INANWP,NA,000000,20260729_080000,000000,20260729_080000,20260728_200000,20260728_200000,NA,RAINNC,"(*,*)",hourlyPrecipRateGC,"(*,*)",mm,mm,gt10,gt10,NA,0.05,CTC,10000.0,,,,,,,,,,,,,,,,,,,,,,,grid_stat_20260729.stat,20260729_080000,,,,,,,,,565.0,183.0,273.0,8932.0
STAT,V12.0.0,20260820_055425,INANWP,NA,000000,20260729_080000,000000,20260729_080000,20260728_200000,20260728_200000,NA,RAINNC,"(*,*)",hourlyPrecipRateGC,"(*,*)",mm,mm,gt20,gt20,NA,0.05,CNT,10000.0,0.08,6.143,4.143,3.143,3.643,4.143,3.343,0.7071,17.163,4.143,0.5,3.314,0.4,0.9,0.1,1.0,0.5,0.2,0.1,0.05,0.04,0.03,grid_stat_20260729.stat,20260729_080000,,,,,,,,,,,,
STAT,V12.0.0,20260820_055425,INANWP,NA,000000,20260729_080000,000000,20260729_080000,20260728_200000,20260728_200000,NA,RAINNC,"(*,*)",hourlyPrecipRateGC,"(*,*)",mm,mm,gt20,gt20,NA,0.05,CTS,10000.0,,,,,,,,0.85,,,,,,,,,,,,,,,grid_stat_20260729.stat,20260729_080000,0.04,0.45,0.2786,0.15,0.2,0.3786,0.3,0.4,,,,
STAT,V12.0.0,20260820_055425,INANWP,NA,000000,20260729_080000,000000,20260729_080000,20260728_200000,20260728_200000,NA,RAINNC,"(*,*)",hourlyPrecipRateGC,"(*,*)",mm,mm,gt20,gt20,NA,0.05,CTC,10000.0,,,,,,,,,,,,,,,,,,,,,,,grid_stat_20260729.stat,20260729_080000,,,,,,,,,555.0,186.0,277.0,8927.0
STAT,V12.0.0,20260820_055425,INANWP,NA,000000,20260729_080000,000000,20260729_080000,20260728_200000,20260728_200000,NA,RAINNC,"(*,*)",hourlyPrecipRateGC,"(*,*)",mm,mm,gt50,gt50,NA,0.05,CNT,10000.0,0.08,6.143,4.143,3.143,3.643,4.143,3.343,0.7071,17.163,4.143,0.5,3.314,0.4,0.9,0.1,1.0,0.5,0.2,0.1,0.05,0.04,0.03,grid_stat_20260729.stat,20260729_080000,,,,,,,,,,,,
STAT,V12.0.0,20260820_055425,INANWP,NA,000000,20260729_080000,000000,20260729_080000,20260728_200000,20260728_200000,NA,RAINNC,"(*,*)",hourlyPrecipRateGC,"(*,*)",mm,mm,gt50,gt50,NA,0.05,CTS,10000.0,,,,,,,,0.85,,,,,,,,,,,,,,,grid_stat_20260729.stat,20260729_080000,0.04,0.45,0.1286,0.15,0.2,0.2286,0.3,0.4,,,,
STAT,V12.0.0,20260820_055425,INANWP,NA,000000,20260729_080000,000000,20260729_080000,20260728_200000,20260728_200000,NA,RAINNC,"(*,*)",hourlyPrecipRateGC,"(*,*)",mm,mm,gt50,gt50,NA,0.05,CTC,10000.0,,,,,,,,,,,,,,,,,,,,,,,grid_stat_20260729.stat,20260729_080000,,,,,,,,,525.0,193.0,289.0,8912.0
STAT,V12.0.0,20260820_055425,INANWP,NA,000000,20260729_090000,000000,20260729_090000,20260728_210000,20260728_210000,NA,RAINNC,"(*,*)",hourlyPrecipRateGC,"(*,*)",mm,mm,gt0.1,gt0.1,NA,0.05,CNT,10000.0,0.085,6.036,4.036,3.036,3.536,4.036,3.236,0.7143,16.287,4.036,0.5,3.229,0.425,0.9,0.1,1.0,0.5,0.2,0.1,0.05,0.04,0.03,grid_stat_20260729.stat,20260729_090000,,,,,,,,,,,,
STAT,V12.0.0,20260820_055425,INANWP,NA,000000,20260729_090000,000000,20260729_090000,20260728_210000,20260728_210000,NA,RAINNC,"(*,*)",hourlyPrecipRateGC,"(*,*)",mm,mm,gt0.1,gt0.1,NA,0.05,CTS,10000.0,,,,,,,,0.85,,,,,,,,,,,,,,,grid_stat_20260729.stat,20260729_090000,0.042,0.45,0.3816,0.15,0.2,0.4816,0.3,0.4,,,,
STAT,V12.0.0,20260820_055425,INANWP,NA,000000,20260729_090000,000000,20260729_090000,20260728_210000,20260728_210000,NA,RAINNC,"(*,*)",hourlyPrecipRateGC,"(*,*)",mm,mm,gt0.1,gt0.1,NA,0.05,CTC,10000.0,,,,,,,,,,,,,,,,,,,,,,,grid_stat_20260729.stat,20260729_090000,,,,,,,,,576.0,180.0,269.0,8938.0
STAT,V12.0.0,20260820_055425,INANWP,NA,000000,20260729_090000,000000,20260729_090000,20260728_210000,20260728_210000,NA,RAINNC,"(*,*)",hourlyPrecipRateGC,"(*,*)",mm,mm,gt1,gt1,NA,0.05,CNT,10000.0,0.085,6.036,4.036,3.036,3.536,4.036,3.236,0.7143,16.287,4.036,0.5,3.229,0.425,0.9,0.1,1.0,0.5,0.2,0.1,0.05,0.04,0.03,grid_stat_20260729.stat,20260729_090000,,,,,,,,,,,,
STAT,V12.0.0,20260820_055425,INANWP,NA,000000,20260729_090000,000000,20260729_090000,20260728_210000,20260728_210000,NA,RAINNC,"(*,*)",hourlyPrecipRateGC,"(*,*)",mm,mm,gt1,gt1,NA,0.05,CTS,10000.0,,,,,,,,0.85,,,,,,,,,,,,,,,grid_stat_20260729.stat,20260729_090000,0.042,0.45,0.3771,0.15,0.2,0.4771,0.3,0.4,,,,
STAT,V12.0.0,20260820_055425,INANWP,NA,000000,20260729_090000,000000,20260729_090000,20260728_210000,20260728_210000,NA,RAINNC,"(*,*)",hourlyPrecipRateGC,"(*,*)",mm,mm,gt1,gt1,NA,0.05,CTC,10000.0,,,,,,,,,,,,,,,,,,,,,,,grid_stat_20260729.stat,20260729_090000,,,,,,,,,575.0,181.0,269.0,8937.0
STAT,V12.0.0,20260820_055425,INANWP,NA,000000,20260729_090000,000000,20260729_090000,20260728_210000,20260728_210000,NA,RAINNC,"(*,*)",hourlyPrecipRateGC,"(*,*)",mm,mm,gt5,gt5,NA,0.05,CNT,10000.0,0.085,6.036,4.036,3.036,3.536,4.036,3.236,0.7143,16.287,4.036,0.5,3.229,0.425,0.9,0.1,1.0,0.5,0.2,0.1,0.05,0.04,0.03,grid_stat_20260729.stat,20260729_090000,,,,,,,,,,,,
STAT,V12.0.0,20260820_055425,INANWP,NA,000000,20260729_090000,000000,20260729_090000,20260728_210000,20260728_210000,NA,RAINNC,"(*,*)",hourlyPrecipRateGC,"(*,*)",mm,mm,gt5,gt5,NA,0.05,CTS,10000.0,,,,,,,,0.85,,,,,,,,,,,,,,,grid_stat_20260729.stat,20260729_090000,0.042,0.45,0.3571,0.15,0.2,0.4571,0.3,0.4,,,,
STAT,V12.0.0,20260820_055425,INANWP,NA,000000,20260729_090000,000000,20260729_090000,20260728_210000,20260728_210000,NA,RAINNC,"(*,*)",hourlyPrecipRateGC,"(*,*)",mm,mm,gt5,gt5,NA,0.05,CTC,10000.0,,,,,,,,,,,,,,,,,,,,,,,grid_stat_20260729.stat,20260729_090000,,,,,,,,,571.0,182.0,271.0,8935.0
STAT,V12.0.0,20260820_055425,INANWP,NA,000000,20260729_090000,000000,20260729_090000,20260728_210000,20260728_210000,NA,RAINNC,"(*,*)",hourlyPrecipRateGC,"(*,*)",mm,mm,gt10,gt10,NA,0.05,CNT,10000.0,0.085,6.036,4.036,3.036,3.536,4.036,3.236,0.7143,16.287,4.036,0.5,3.229,0.425,0.9,0.1,1.0,0.5,0.2,0.1,0.05,0.04,0.03,grid_stat_20260729.stat,20260729_090000,,,,,,,,,,,,
STAT,V12.0.0,20260820_055425,INANWP,NA,000000,20260729_090000,000000,20260729_090000,20260728_210000,20260728_210000,NA,RAINNC,"(*,*)",hourlyPrecipRateGC,"(*,*)",mm,mm,gt10,gt10,NA,0.05,CTS,10000.0,,,,,,,,0.85,,,,,,,,,,,,,,,grid_stat_20260729.stat,20260729_090000,0.042,0.45,0.3321,0.15,0.2,0.4321,0.3,0.4,,,,
STAT,V12.0.0,20260820_055425,INANWP,NA,000000,20260729_090000,000000,20260729_090000,20260728_210000,20260728_210000,NA,RAINNC,"(*,*)",hourlyPrecipRateGC,"(*,*)",mm,mm,gt10,gt10,NA,0.05,CTC,10000.0,,,,,,,,,,,,,,,,,,,,,,,grid_stat_20260729.stat,20260729_090000,,,,,,,,,566.0,183.0,273.0,8933.0
STAT,V12.0.0,20260820_055425,INANWP,NA,000000,20260729_090000,000000,20260729_090000,20260728_210000,20260728_210000,NA,RAINNC,"(*,*)",hourlyPrecipRateGC,"(*,*)",mm,mm,gt20,gt20,NA,0.05,CNT,10000.0,0.085,6.036,4.036,3.036,3.536,4.036,3.236,0.7143,16.287,4.036,0.5,3.229,0.425,0.9,0.1,1.0,0.5,0.2,0.1,0.05,0.04,0.03,grid_stat_20260729.stat,20260729_090000,,,,,,,,,,,,
STAT,V12.0.0,20260820_055425,INANWP,NA,000000,20260729_090000,000000,20260729_090000,20260728_210000,20260728_210000,NA,RAINNC,"(*,*)",hourlyPrecipRateGC,"(*,*)",mm,mm,gt20,gt20,NA,0.05,CTS,10000.0,,,,,,,,0.85,,,,,,,,,,,,,,,grid_stat_20260729.stat,20260729_090000,0.042,0.45,0.2821,0.15,0.2,0.3821,0.3,0.4,,,,
STAT,V12.0.0,20260820_055425,INANWP,NA,000000,20260729_090000,000000,20260729_090000,20260728_210000,20260728_210000,NA,RAINNC,"(*,*)",hourlyPrecipRateGC,"(*,*)",mm,mm,gt20,gt20,NA,0.05,CTC,10000.0,,,,,,,,,,,,,,,,,,,,,,,grid_stat_20260729.stat,20260729_090000,,,,,,,,,556.0,185.0,277.0,8928.0
STAT,V12.0.0,20260820_055425,INANWP,NA,000000,20260729_090000,000000,20260729_090000,20260728_210000,20260728_210000,NA,RAINNC,"(*,*)",hourlyPrecipRateGC,"(*,*)",mm,mm,gt50,gt50,NA,0.05,CNT,10000.0,0.085,6.036,4.036,3.036,3.536,4.036,3.236,0.7143,16.287,4.036,0.5,3.229,0.425,0.9,0.1,1.0,0.5,0.2,0.1,0.05,0.04,0.03,grid_stat_20260729.stat,20260729_090000,,,,,,,,,,,,
STAT,V12.0.0,20260820_055425,INANWP,NA,000000,20260729_090000,000000,20260729_090000,20260728_210000,20260728_210000,NA,RAINNC,"(*,*)",hourlyPrecipRateGC,"(*,*)",mm,mm,gt50,gt50,NA,0.05,CTS,10000.0,,,,,,,,0.85,,,,,,,,,,,,,,,grid_stat_20260729.stat,20260729_090000,0.042,0.45,0.1321,0.15,0.2,0.2321,0.3,0.4,,,,
STAT,V12.0.0,20260820_055425,INANWP,NA,000000,20260729_090000,000000,20260729_090000,20260728_210000,20260728_210000,NA,RAINNC,"(*,*)",hourlyPrecipRateGC,"(*,*)",mm,mm,gt50,gt50,NA,0.05,CTC,10000.0,,,,,,,,,,,,,,,,,,,,,,,grid_stat_20260729.stat,20260729_090000,,,,,,,,,526.0,193.0,289.0,8913.0
STAT,V12.0.0,20260820_055425,INANWP,NA,000000,20260729_100000,000000,20260729_100000,20260728_220000,20260728_220000,NA,RAINNC,"(*,*)",hourlyPrecipRateGC,"(*,*)",mm,mm,gt0.1,gt0.1,NA,0.05,CNT,10000.0,0.09,5.929,3.929,2.929,3.429,3.929,3.129,0.7214,15.434,3.929,0.5,3.143,0.45,0.9,0.1,1.0,0.5,0.2,0.1,0.05,0.04,0.03,grid_stat_20260729.stat,20260729_100000,,,,,,,,,,,,
STAT,V12.0.0,20260820_055425,INANWP,NA,000000,20260729_100000,000000,20260729_100000,20260728_220000,20260728_220000,NA,RAINNC,"(*,*)",hourlyPrecipRateGC,"(*,*)",mm,mm,gt0.1,gt0.1,NA,0.05,CTS,10000.0,,,,,,,,0.85,,,,,,,,,,,,,,,grid_stat_20260729.stat,20260729_100000,0.045,0.45,0.3852,0.15,0.2,0.4852,0.3,0.4,,,,
STAT,V12.0.0,20260820_055425,INANWP,NA,000000,20260729_100000,000000,20260729_100000,20260728_220000,20260728_220000,NA,RAINNC,"(*,*)",hourlyPrecipRateGC,"(*,*)",mm,mm,gt0.1,gt0.1,NA,0.05,CTC,10000.0,,,,,,,,,,,,,,,,,,,,,,,grid_stat_20260729.stat,20260729_100000,,,,,,,,,577.0,180.0,269.0,8938.0
STAT,V12.0.0,20260820_055425,INANWP,NA,000000,20260729_100000,000000,20260729_100000,20260728_220000,20260728_220000,NA,RAINNC,"(*,*)",hourlyPrecipRateGC,"(*,*)",mm,mm,gt1,gt1,NA,0.05,CNT,10000.0,0.09,5.929,3.929,2.929,3.429,3.929,3.129,0.7214,15.434,3.929,0.5,3.143,0.45,0.9,0.1,1.0,0.5,0.2,0.1,0.05,0.04,0.03,grid_stat_20260729.stat,20260729_100000,,,,,,,,,,,,
STAT,V12.0.0,20260820_055425,INANWP,NA,000000,20260729_100000,000000,20260729_100000,20260728_220000,20260728_220000,NA,RAINNC,"(*,*)",hourlyPrecipRateGC,"(*,*)",mm,mm,gt1,gt1,NA,0.05,CTS,10000.0,,,,,,,,0.85,,,,,,,,,,,,,,,grid_stat_20260729.stat,20260729_100000,0.045,0.45,0.3807,0.15,0.2,0.4807,0.3,0.4,,,,
STAT,V12.0.0,20260820_055425,INANWP,NA,000000,20260729_100000,000000,20260729_100000,20260728_220000,20260728_220000,NA,RAINNC,"(*,*)",hourlyPrecipRateGC,"(*,*)",mm,mm,gt1,gt1,NA,0.05,CTC,10000.0,,,,,,,,,,,,,,,,,,,,,,,grid_stat_20260729.stat,20260729_100000,,,,,,,,,576.0,180.0,269.0,8938.0
STAT,V12.0.0,20260820_055425,INANWP,NA,000000,20260729_100000,000000,20260729_100000,20260728_220000,20260728_220000,NA,RAINNC,"(*,*)",hourlyPrecipRateGC,"(*,*)",mm,mm,gt5,gt5,NA,0.05,CNT,10000.0,0.09,5.929,3.929,2.929,3.429,3.929,3.129,0.7214,15.434,3.929,0.5,3.143,0.45,0.9,0.1,1.0,0.5,0.2,0.1,0.05,0.04,0.03,grid_stat_20260729.stat,20260729_100000,,,,,,,,,,,,
STAT,V12.0.0,20260820_055425,INANWP,NA,000000,20260729_100000,000000,20260729_100000,20260728_220000,20260728_220000,NA,RAINNC,"(*,*)",hourlyPrecipRateGC,"(*,*)",mm,mm,gt5,gt5,NA,0.05,CTS,10000.0,,,,,,,,0.85,,,,,,,,,,,,,,,grid_stat_20260729.stat,20260729_100000,0.045,0.45,0.3607,0.15,0.2,0.4607,0.3,0.4,,,,
STAT,V12.0.0,20260820_055425,INANWP,NA,000000,20260729_100000,000000,20260729_100000,20260728_220000,20260728_220000,NA,RAINNC,"(*,*)",hourlyPrecipRateGC,"(*,*)",mm,mm,gt5,gt5,NA,0.05,CTC,10000.0,,,,,,,,,,,,,,,,,,,,,,,grid_stat_20260729.stat,20260729_100000,,,,,,,,,572.0,181.0,271.0,8936.0
STAT,V12.0.0,20260820_055425,INANWP,NA,000000,20260729_100000,000000,20260729_100000,20260728_220000,20260728_220000,NA,RAINNC,"(*,*)",hourlyPrecipRateGC,"(*,*)",mm,mm,gt10,gt10,NA,0.05,CNT,10000.0,0.09,5.929,3.929,2.929,3.429,3.929,3.129,0.7214,15.434,3.929,0.5,3.143,0.45,0.9,0.1,1.0,0.5,0.2,0.1,0.05,0.04,0.03,grid_stat_20260729.stat,20260729_100000,,,,,,,,,,,,
STAT,V12.0.0,20260820_055425,INANWP,NA,000000,20260729_100000,000000,20260729_100000,20260728_220000,20260728_220000,NA,RAINNC,"(*,*)",hourlyPrecipRateGC,"(*,*)",mm,mm,gt10,gt10,NA,0.05,CTS,10000.0,,,,,,,,0.85,,,,,,,,,,,,,,,grid_stat_20260729.stat,20260729_100000,0.045,0.45,0.3357,0.15,0.2,0.4357,0.3,0.4,,,,
STAT,V12.0.0,20260820_055425,INANWP,NA,000000,20260729_100000,000000,20260729_100000,20260728_220000,20260728_220000,NA,RAINNC,"(*,*)",hourlyPrecipRateGC,"(*,*)",mm,mm,gt10,gt10,NA,0.05,CTC,10000.0,,,,,,,,,,,,,,,,,,,,,,,grid_stat_20260729.stat,20260729_100000,,,,,,,,,567.0,183.0,273.0,8933.0
STAT,V12.0.0,20260820_055425,INANWP,NA,000000,20260729_100000,000000,20260729_100000,20260728_220000,20260728_220000,NA,RAINNC,"(*,*)",hourlyPrecipRateGC,"(*,*)",mm,mm,gt20,gt20,NA,0.05,CNT,10000.0,0.09,5.929,3.929,2.929,3.429,3.929,3.129,0.7214,15.434,3.929,0.5,3.143,0.45,0.9,0.1,1.0,0.5,0.2,0.1,0.05,0.04,0.03,grid_stat_20260729.stat,20260729_100000,,,,,,,,,,,,
STAT,V12.0.0,20260820_055425,INANWP,NA,000000,20260729_100000,000000,20260729_100000,20260728_220000,20260728_220000,NA,RAINNC,"(*,*)",hourlyPrecipRateGC,"(*,*)",mm,mm,gt20,gt20,NA,0.05,CTS,10000.0,,,,,,,,0.85,,,,,,,,,,,,,,,grid_stat_20260729.stat,20260729_100000,0.045,0.45,0.2857,0.15,0.2,0.3857,0.3,0.4,,,,
STAT,V12.0.0,20260820_055425,INANWP,NA,000000,20260729_100000,000000,20260729_100000,20260728_220000,20260728_220000,NA,RAINNC,"(*,*)",hourlyPrecipRateGC,"(*,*)",mm,mm,gt20,gt20,NA,0.05,CTC,10000.0,,,,,,,,,,,,,,,,,,,,,,,grid_stat_20260729.stat,20260729_100000,,,,,,,,,557.0,185.0,277.0,8928.0
STAT,V12.0.0,20260820_055425,INANWP,NA,000000,20260729_100000,000000,20260729_100000,20260728_220000,20260728_220000,NA,RAINNC,"(*,*)",hourlyPrecipRateGC,"(*,*)",mm,mm,gt50,gt50,NA,0.05,CNT,10000.0,0.09,5.929,3.929,2.929,3.429,3.929,3.129,0.7214,15.434,3.929,0.5,3.143,0.45,0.9,0.1,1.0,0.5,0.2,0.1,0.05,0.04,0.03,grid_stat_20260729.stat,20260729_100000,,,,,,,,,,,,
STAT,V12.0.0,20260820_055425,INANWP,NA,000000,20260729_100000,000000,20260729_100000,20260728_220000,20260728_220000,NA,RAINNC,"(*,*)",hourlyPrecipRateGC,"(*,*)",mm,mm,gt50,gt50,NA,0.05,CTS,10000.0,,,,,,,,0.85,,,,,,,,,,,,,,,grid_stat_20260729.stat,20260729_100000,0.045,0.45,0.1357,0.15,0.2,0.2357,0.3,0.4,,,,
STAT,V12.0.0,20260820_055425,INANWP,NA,000000,20260729_100000,000000,20260729_100000,20260728_220000,20260728_220000,NA,RAINNC,"(*,*)",hourlyPrecipRateGC,"(*,*)",mm,mm,gt50,gt50,NA,0.05,CTC,10000.0,,,,,,,,,,,,,,,,,,,,,,,grid_stat_20260729.stat,20260729_100000,,,,,,,,,527.0,193.0,289.0,8913.0
STAT,V12.0.0,20260820_055425,INANWP,NA,000000,20260729_110000,000000,20260729_110000,20260728_230000,20260728_230000,NA,RAINNC,"(*,*)",hourlyPrecipRateGC,"(*,*)",mm,mm,gt0.1,gt0.1,NA,0.05,CNT,10000.0,0.095,5.821,3.821,2.821,3.321,3.821,3.021,0.7286,14.603,3.821,0.5,3.057,0.475,0.9,0.1,1.0,0.5,0.2,0.1,0.05,0.04,0.03,grid_stat_20260729.stat,20260729_110000,,,,,,,,,,,,
STAT,V12.0.0,20260820_055425,INANWP,NA,000000,20260729_110000,000000,20260729_110000,20260728_230000,20260728_230000,NA,RAINNC,"(*,*)",hourlyPrecipRateGC,"(*,*)",mm,mm,gt0.1,gt0.1,NA,0.05,CTS,10000.0,,,,,,,,0.85,,,,,,,,,,,,,,,grid_stat_20260729.stat,20260729_110000,0.048,0.45,0.3888,0.15,0.2,0.4888,0.3,0.4,,,,
STAT,V12.0.0,20260820_055425,INANWP,NA,000000,20260729_110000,000000,20260729_110000,20260728_230000,20260728_230000,NA,RAINNC,"(*,*)",hourlyPrecipRateGC,"(*,*)",mm,mm,gt0.1,gt0.1,NA,0.05,CTC,10000.0,,,,,,,,,,,,,,,,,,,,,,,grid_stat_20260729.stat,20260729_110000,,,,,,,,,577.0,180.0,268.0,8938.0
STAT,V12.0.0,20260820_055425,INANWP,NA,000000,20260729_110000,000000,20260729_110000,20260728_230000,20260728_230000,NA,RAINNC,"(*,*)",hourlyPrecipRateGC,"(*,*)",mm,mm,gt1,gt1,NA,0.05,CNT,10000.0,0.095,5.821,3.821,2.821,3.321,3.821,3.021,0.7286,14.603,3.821,0.5,3.057,0.475,0.9,0.1,1.0,0.5,0.2,0.1,0.05,0.04,0.03,grid_stat_20260729.stat,20260729_110000,,,,,,,,,,,,
STAT,V12.0.0,20260820_055425,INANWP,NA,000000,20260729_110000,000000,20260729_110000,20260728_230000,20260728_230000,NA,RAINNC,"(*,*)",hourlyPrecipRateGC,"(*,*)",mm,mm,gt1,gt1,NA,0.05,CTS,10000.0,,,,,,,,0.85,,,,,,,,,,,,,,,grid_stat_20260729.stat,20260729_110000,0.048,0.45,0.3843,0.15,0.2,0.4843,0.3,0.4,,,,
STAT,V12.0.0,20260820_055425,INANWP,NA,000000,20260729_110000,000000,20260729_110000,20260728_230000,20260728_230000,NA,RAINNC,"(*,*)",hourlyPrecipRateGC,"(*,*)",mm,mm,gt1,gt1,NA,0.05,CTC,10000.0,,,,,,,,,,,,,,,,,,,,,,,grid_stat_20260729.stat,20260729_110000,,,,,,,,,576.0,180.0,269.0,8938.0
STAT,V12.0.0,20260820_055425,INANWP,NA,000000,20260729_110000,000000,20260729_110000,20260728_230000,20260728_230000,NA,RAINNC,"(*,*)",hourlyPrecipRateGC,"(*,*)",mm,mm,gt5,gt5,NA,0.05,CNT,10000.0,0.095,5.821,3.821,2.821,3.321,3.821,3.021,0.7286,14.603,3.821,0.5,3.057,0.475,0.9,0.1,1.0,0.5,0.2,0.1,0.05,0.04,0.03,grid_stat_20260729.stat,20260729_110000,,,,,,,,,,,,
STAT,V12.0.0,20260820_055425,INANWP,NA,000000,20260729_110000,000000,20260729_110000,20260728_230000,20260728_230000,NA,RAINNC,"(*,*)",hourlyPrecipRateGC,"(*,*)",mm,mm,gt5,gt5,NA,0.05,CTS,10000.0,,,,,,,,0.85,,,,,,,,,,,,,,,grid_stat_20260729.stat,20260729_110000,0.048,0.45,0.3643,0.15,0.2,0.4643,0.3,0.4,,,,
STAT,V12.0.0,20260820_055425,INANWP,NA,000000,20260729_110000,000000,20260729_110000,20260728_230000,20260728_230000,NA,RAINNC,"(*,*)",hourlyPrecipRateGC,"(*,*)",mm,mm,gt5,gt5,NA,0.05,CTC,10000.0,,,,,,,,,,,,,,,,,,,,,,,grid_stat_20260729.stat,20260729_110000,,,,,,,,,572.0,181.0,270.0,8936.0
STAT,V12.0.0,20260820_055425,INANWP,NA,000000,20260729_110000,000000,20260729_110000,20260728_230000,20260728_230000,NA,RAINNC,"(*,*)",hourlyPrecipRateGC,"(*,*)",mm,mm,gt10,gt10,NA,0.05,CNT,10000.0,0.095,5.821,3.821,2.821,3.321,3.821,3.021,0.7286,14.603,3.821,0.5,3.057,0.475,0.9,0.1,1.0,0.5,0.2,0.1,0.05,0.04,0.03,grid_stat_20260729.stat,20260729_110000,,,,,,,,,,,,
STAT,V12.0.0,20260820_055425,INANWP,NA,000000,20260729_110000,000000,20260729_110000,20260728_230000,20260728_230000,NA,RAINNC,"(*,*)",hourlyPrecipRateGC,"(*,*)",mm,mm,gt10,gt10,NA,0.05,CTS,10000.0,,,,,,,,0.85,,,,,,,,,,,,,,,grid_stat_20260729.stat,20260729_110000,0.048,0.45,0.3393,0.15,0.2,0.4393,0.3,0.4,,,,
STAT,V12.0.0,20260820_055425,INANWP,NA,000000,20260729_110000,000000,20260729_110000,20260728_230000,20260728_230000,NA,RAINNC,"(*,*)",hourlyPrecipRateGC,"(*,*)",mm,mm,gt10,gt10,NA,0.05,CTC,10000.0,,,,,,,,,,,,,,,,,,,,,,,grid_stat_20260729.stat,20260729_110000,,,,,,,,,567.0,183.0,272.0,8933.0
STAT,V12.0.0,20260820_055425,INANWP,NA,000000,20260729_110000,000000,20260729_110000,20260728_230000,20260728_230000,NA,RAINNC,"(*,*)",hourlyPrecipRateGC,"(*,*)",mm,mm,gt20,gt20,NA,0.05,CNT,10000.0,0.095,5.821,3.821,2.821,3.321,3.821,3.021,0.7286,14.603,3.821,0.5,3.057,0.475,0.9,0.1,1.0,0.5,0.2,0.1,0.05,0.04,0.03,grid_stat_20260729.stat,20260729_110000,,,,,,,,,,,,
STAT,V12.0.0,20260820_055425,INANWP,NA,000000,20260729_110000,000000,20260729_110000,20260728_230000,20260728_230000,NA,RAINNC,"(*,*)",hourlyPrecipRateGC,"(*,*)",mm,mm,gt20,gt20,NA,0.05,CTS,10000.0,,,,,,,,0.85,,,,,,,,,,,,,,,grid_stat_20260729.stat,20260729_110000,0.048,0.45,0.2893,0.15,0.2,0.3893,0.3,0.4,,,,
STAT,V12.0.0,20260820_055425,INANWP,NA,000000,20260729_110000,000000,20260729_110000,20260728_230000,20260728_230000,NA,RAINNC,"(*,*)",hourlyPrecipRateGC,"(*,*)",mm,mm,gt20,gt20,NA,0.05,CTC,10000.0,,,,,,,,,,,,,,,,,,,,,,,grid_stat_20260729.stat,20260729_110000,,,,,,,,,557.0,185.0,276.0,8928.0
STAT,V12.0.0,20260820_055425,INANWP,NA,000000,20260729_110000,000000,20260729_110000,20260728_230000,20260728_230000,NA,RAINNC,"(*,*)",hourlyPrecipRateGC,"(*,*)",mm,mm,gt50,gt50,NA,0.05,CNT,10000.0,0.095,5.821,3.821,2.821,3.321,3.821,3.021,0.7286,14.603,3.821,0.5,3.057,0.475,0.9,0.1,1.0,0.5,0.2,0.1,0.05,0.04,0.03,grid_stat_20260729.stat,20260729_110000,,,,,,,,,,,,
STAT,V12.0.0,20260820_055425,INANWP,NA,000000,20260729_110000,000000,20260729_110000,20260728_230000,20260728_230000,NA,RAINNC,"(*,*)",hourlyPrecipRateGC,"(*,*)",mm,mm,gt50,gt50,NA,0.05,CTS,10000.0,,,,,,,,0.85,,,,,,,,,,,,,,,grid_stat_20260729.stat,20260729_110000,0.048,0.45,0.1393,0.15,0.2,0.2393,0.3,0.4,,,,
STAT,V12.0.0,20260820_055425,INANWP,NA,000000,20260729_110000,000000,20260729_110000,20260728_230000,20260728_230000,NA,RAINNC,"(*,*)",hourlyPrecipRateGC,"(*,*)",mm,mm,gt50,gt50,NA,0.05,CTC,10000.0,,,,,,,,,,,,,,,,,,,,,,,grid_stat_20260729.stat,20260729_110000,,,,,,,,,527.0,193.0,288.0,8913.0
STAT,V12.0.0,20260820_055425,INANWP,NA,000000,20260729_120000,000000,20260729_120000,20260729_000000,20260729_000000,NA,RAINNC,"(*,*)",hourlyPrecipRateGC,"(*,*)",mm,mm,gt0.1,gt0.1,NA,0.05,CNT,10000.0,0.1,5.714,3.714,2.714,3.214,3.714,2.914,0.7357,13.796,3.714,0.5,2.971,0.5,0.9,0.1,1.0,0.5,0.2,0.1,0.05,0.04,0.03,grid_stat_20260729.stat,20260729_120000,,,,,,,,,,,,
STAT,V12.0.0,20260820_055425,INANWP,NA,000000,20260729_120000,000000,20260729_120000,20260729_000000,20260729_000000,NA,RAINNC,"(*,*)",hourlyPrecipRateGC,"(*,*)",mm,mm,gt0.1,gt0.1,NA,0.05,CTS,10000.0,,,,,,,,0.85,,,,,,,,,,,,,,,grid_stat_20260729.stat,20260729_120000,0.05,0.45,0.3924,0.15,0.2,0.4924,0.3,0.4,,,,
STAT,V12.0.0,20260820_055425,INANWP,NA,000000,20260729_120000,000000,20260729_120000,20260729_000000,20260729_000000,NA,RAINNC,"(*,*)",hourlyPrecipRateGC,"(*,*)",mm,mm,gt0.1,gt0.1,NA,0.05,CTC,10000.0,,,,,,,,,,,,,,,,,,,,,,,grid_stat_20260729.stat,20260729_120000,,,,,,,,,578.0,180.0,268.0,8939.0
STAT,V12.0.0,20260820_055425,INANWP,NA,000000,20260729_120000,000000,20260729_120000,20260729_000000,20260729_000000,NA,RAINNC,"(*,*)",hourlyPrecipRateGC,"(*,*)",mm,mm,gt1,gt1,NA,0.05,CNT,10000.0,0.1,5.714,3.714,2.714,3.214,3.714,2.914,0.7357,13.796,3.714,0.5,2.971,0.5,0.9,0.1,1.0,0.5,0.2,0.1,0.05,0.04,0.03,grid_stat_20260729.stat,20260729_120000,,,,,,,,,,,,
STAT,V12.0.0,20260820_055425,INANWP,NA,000000,20260729_120000,000000,20260729_120000,20260729_000000,20260729_000000,NA,RAINNC,"(*,*)",hourlyPrecipRateGC,"(*,*)",mm,mm,gt1,gt1,NA,0.05,CTS,10000.0,,,,,,,,0.85,,,,,,,,,,,,,,,grid_stat_20260729.stat,20260729_120000,0.05,0.45,0.3879,0.15,0.2,0.4879,0.3,0.4,,,,
STAT,V12.0.0,20260820_055425,INANWP,NA,000000,20260729_120000,000000,20260729_120000,20260729_000000,20260729_000000,NA,RAINNC,"(*,*)",hourlyPrecipRateGC,"(*,*)",mm,mm,gt1,gt1,NA,0.05,CTC,10000.0,,,,,,,,,,,,,,,,,,,,,,,grid_stat_20260729.stat,20260729_120000,,,,,,,,,577.0,180.0,268.0,8938.0
STAT,V12.0.0,20260820_055425,INANWP,NA,000000,20260729_120000,000000,20260729_120000,20260729_000000,20260729_000000,NA,RAINNC,"(*,*)",hourlyPrecipRateGC,"(*,*)",mm,mm,gt5,gt5,NA,0.05,CNT,10000.0,0.1,5.714,3.714,2.714,3.214,3.714,2.914,0.7357,13.796,3.714,0.5,2.971,0.5,0.9,0.1,1.0,0.5,0.2,0.1,0.05,0.04,0.03,grid_stat_20260729.stat,20260729_120000,,,,,,,,,,,,
STAT,V12.0.0,20260820_055425,INANWP,NA,000000,20260729_120000,000000,20260729_120000,20260729_000000,20260729_000000,NA,RAINNC,"(*,*)",hourlyPrecipRateGC,"(*,*)",mm,mm,gt5,gt5,NA,0.05,CTS,10000.0,,,,,,,,0.85,,,,,,,,,,,,,,,grid_stat_20260729.stat,20260729_120000,0.05,0.45,0.3679,0.15,0.2,0.4679,0.3,0.4,,,,
STAT,V12.0.0,20260820_055425,INANWP,NA,000000,20260729_120000,000000,20260729_120000,20260729_000000,20260729_000000,NA,RAINNC,"(*,*)",hourlyPrecipRateGC,"(*,*)",mm,mm,gt5,gt5,NA,0.05,CTC,10000.0,,,,,,,,,,,,,,,,,,,,,,,grid_stat_20260729.stat,20260729_120000,,,,,,,,,573.0,181.0,270.0,8936.0
STAT,V12.0.0,20260820_055425,INANWP,NA,000000,20260729_120000,000000,20260729_120000,20260729_000000,20260729_000000,NA,RAINNC,"(*,*)",hourlyPrecipRateGC,"(*,*)",mm,mm,gt10,gt10,NA,0.05,CNT,10000.0,0.1,5.714,3.714,2.714,3.214,3.714,2.914,0.7357,13.796,3.714,0.5,2.971,0.5,0.9,0.1,1.0,0.5,0.2,0.1,0.05,0.04,0.03,grid_stat_20260729.stat,20260729_120000,,,,,,,,,,,,
STAT,V12.0.0,20260820_055425,INANWP,NA,000000,20260729_120000,000000,20260729_120000,20260729_000000,20260729_000000,NA,RAINNC,"(*,*)",hourlyPrecipRateGC,"(*,*)",mm,mm,gt10,gt10,NA,0.05,CTS,10000.0,,,,,,,,0.85,,,,,,,,,,,,,,,grid_stat_20260729.stat,20260729_120000,0.05,0.45,0.3429,0.15,0.2,0.4429,0.3,0.4,,,,
STAT,V12.0.0,20260820_055425,INANWP,NA,000000,20260729_120000,000000,20260729_120000,20260729_000000,20260729_000000,NA,RAINNC,"(*,*)",hourlyPrecipRateGC,"(*,*)",mm,mm,gt10,gt10,NA,0.05,CTC,10000.0,,,,,,,,,,,,,,,,,,,,,,,grid_stat_20260729.stat,20260729_120000,,,,,,,,,568.0,182.0,272.0,8934.0
STAT,V12.0.0,20260820_055425,INANWP,NA,000000,20260729_120000,000000,20260729_120000,20260729_000000,20260729_000000,NA,RAINNC,"(*,*)",hourlyPrecipRateGC,"(*,*)",mm,mm,gt20,gt20,NA,0.05,CNT,10000.0,0.1,5.714,3.714,2.714,3.214,3.714,2.914,0.7357,13.796,3.714,0.5,2.971,0.5,0.9,0.1,1.0,0.5,0.2,0.1,0.05,0.04,0.03,grid_stat_20260729.stat,20260729_120000,,,,,,,,,,,,
STAT,V12.0.0,20260820_055425,INANWP,NA,000000,20260729_120000,000000,20260729_120000,20260729_000000,20260729_000000,NA,RAINNC,"(*,*)",hourlyPrecipRateGC,"(*,*)",mm,mm,gt20,gt20,NA,0.05,CTS,10000.0,,,,,,,,0.85,,,,,,,,,,,,,,,grid_stat_20260729.stat,20260729_120000,0.05,0.45,0.2929,0.15,0.2,0.3929,0.3,0.4,,,,
STAT,V12.0.0,20260820_055425,INANWP,NA,000000,20260729_120000,000000,20260729_120000,20260729_000000,20260729_000000,NA,RAINNC,"(*,*)",hourlyPrecipRateGC,"(*,*)",mm,mm,gt20,gt20,NA,0.05,CTC,10000.0,,,,,,,,,,,,,,,,,,,,,,,grid_stat_20260729.stat,20260729_120000,,,,,,,,,558.0,185.0,276.0,8929.0
STAT,V12.0.0,20260820_055425,INANWP,NA,000000,20260729_120000,000000,20260729_120000,20260729_000000,20260729_000000,NA,RAINNC,"(*,*)",hourlyPrecipRateGC,"(*,*)",mm,mm,gt50,gt50,NA,0.05,CNT,10000.0,0.1,5.714,3.714,2.714,3.214,3.714,2.914,0.7357,13.796,3.714,0.5,2.971,0.5,0.9,0.1,1.0,0.5,0.2,0.1,0.05,0.04,0.03,grid_stat_20260729.stat,20260729_120000,,,,,,,,,,,,
STAT,V12.0.0,20260820_055425,INANWP,NA,000000,20260729_120000,000000,20260729_120000,20260729_000000,20260729_000000,NA,RAINNC,"(*,*)",hourlyPrecipRateGC,"(*,*)",mm,mm,gt50,gt50,NA,0.05,CTS,10000.0,,,,,,,,0.85,,,,,,,,,,,,,,,grid_stat_20260729.stat,20260729_120000,0.05,0.45,0.1429,0.15,0.2,0.2429,0.3,0.4,,,,
STAT,V12.0.0,20260820_055425,INANWP,NA,000000,20260729_120000,000000,20260729_120000,20260729_000000,20260729_000000,NA,RAINNC,"(*,*)",hourlyPrecipRateGC,"(*,*)",mm,mm,gt50,gt50,NA,0.05,CTC,10000.0,,,,,,,,,,,,,,,,,,,,,,,grid_stat_20260729.stat,20260729_120000,,,,,,,,,528.0,192.0,288.0,8914.0
STAT,V12.0.0,20260820_055425,INANWP,NA,000000,20260729_130000,000000,20260729_130000,20260729_010000,20260729_010000,NA,RAINNC,"(*,*)",hourlyPrecipRateGC,"(*,*)",mm,mm,gt0.1,gt0.1,NA,0.05,CNT,10000.0,0.105,5.607,3.607,2.607,3.107,3.607,2.807,0.7429,13.011,3.607,0.5,2.886,0.525,0.9,0.1,1.0,0.5,0.2,0.1,0.05,0.04,0.03,grid_stat_20260729.stat,20260729_130000,,,,,,,,,,,,
STAT,V12.0.0,20260820_055425,INANWP,NA,000000,20260729_130000,000000,20260729_130000,20260729_010000,20260729_010000,NA,RAINNC,"(*,*)",hourlyPrecipRateGC,"(*,*)",mm,mm,gt0.1,gt0.1,NA,0.05,CTS,10000.0,,,,,,,,0.85,,,,,,,,,,,,,,,grid_stat_20260729.stat,20260729_130000,0.053,0.45,0.3959,0.15,0.2,0.4959,0.3,0.4,,,,
STAT,V12.0.0,20260820_055425,INANWP,NA,000000,20260729_130000,000000,20260729_130000,20260729_010000,20260729_010000,NA,RAINNC,"(*,*)",hourlyPrecipRateGC,"(*,*)",mm,mm,gt0.1,gt0.1,NA,0.05,CTC,10000.0,,,,,,,,,,,,,,,,,,,,,,,grid_stat_20260729.stat,20260729_130000,,,,,,,,,579.0,180.0,268.0,8939.0
STAT,V12.0.0,20260820_055425,INANWP,NA,000000,20260729_130000,000000,20260729_130000,20260729_010000,20260729_010000,NA,RAINNC,"(*,*)",hourlyPrecipRateGC,"(*,*)",mm,mm,gt1,gt1,NA,0.05,CNT,10000.0,0.105,5.607,3.607,2.607,3.107,3.607,2.807,0.7429,13.011,3.607,0.5,2.886,0.525,0.9,0.1,1.0,0.5,0.2,0.1,0.05,0.04,0.03,grid_stat_20260729.stat,20260729_130000,,,,,,,,,,,,
STAT,V12.0.0,20260820_055425,INANWP,NA,000000,20260729_130000,000000,20260729_130000,20260729_010000,20260729_010000,NA,RAINNC,"(*,*)",hourlyPrecipRateGC,"(*,*)",mm,mm,gt1,gt1,NA,0.05,CTS,10000.0,,,,,,,,0.85,,,,,,,,,,,,,,,grid_stat_20260729.stat,20260729_130000,0.053,0.45,0.3914,0.15,0.2,0.4914,0.3,0.4,,,,
STAT,V12.0.0,20260820_055425,INANWP,NA,000000,20260729_130000,000000,20260729_130000,20260729_010000,20260729_010000,NA,RAINNC,"(*,*)",hourlyPrecipRateGC,"(*,*)",mm,mm,gt1,gt1,NA,0.05,CTC,10000.0,,,,,,,,,,,,,,,,,,,,,,,grid_stat_20260729.stat,20260729_130000,,,,,,,,,578.0,180.0,268.0,8939.0
STAT,V12.0.0,20260820_055425,INANWP,NA,000000,20260729_130000,000000,20260729_130000,20260729_010000,20260729_010000,NA,RAINNC,"(*,*)",hourlyPrecipRateGC,"(*,*)",mm,mm,gt5,gt5,NA,0.05,CNT,10000.0,0.105,5.607,3.607,2.607,3.107,3.607,2.807,0.7429,13.011,3.607,0.5,2.886,0.525,0.9,0.1,1.0,0.5,0.2,0.1,0.05,0.04,0.03,grid_stat_20260729.stat,20260729_130000,,,,,,,,,,,,
STAT,V12.0.0,20260820_055425,INANWP,NA,000000,20260729_130000,000000,20260729_130000,20260729_010000,20260729_010000,NA,RAINNC,"(*,*)",hourlyPrecipRateGC,"(*,*)",mm,mm,gt5,gt5,NA,0.05,CTS,10000.0,,,,,,,,0.85,,,,,,,,,,,,,,,grid_stat_20260729.stat,20260729_130000,0.053,0.45,0.3714,0.15,0.2,0.4714,0.3,0.4,,,,
STAT,V12.0.0,20260820_055425,INANWP,NA,000000,20260729_130000,000000,20260729_130000,20260729_010000,20260729_010000,NA,RAINNC,"(*,*)",hourlyPrecipRateGC,"(*,*)",mm,mm,gt5,gt5,NA,0.05,CTC,10000.0,,,,,,,,,,,,,,,,,,,,,,,grid_stat_20260729.stat,20260729_130000,,,,,,,,,574.0,181.0,270.0,8937.0
STAT,V12.0.0,20260820_055425,INANWP,NA,000000,20260729_130000,000000,20260729_130000,20260729_010000,20260729_010000,NA,RAINNC,"(*,*)",hourlyPrecipRateGC,"(*,*)",mm,mm,gt10,gt10,NA,0.05,CNT,10000.0,0.105,5.607,3.607,2.607,3.107,3.607,2.807,0.7429,13.011,3.607,0.5,2.886,0.525,0.9,0.1,1.0,0.5,0.2,0.1,0.05,0.04,0.03,grid_stat_20260729.stat,20260729_130000,,,,,,,,,,,,
STAT,V12.0.0,20260820_055425,INANWP,NA,000000,20260729_130000,000000,20260729_130000,20260729_010000,20260729_010000,NA,RAINNC,"(*,*)",hourlyPrecipRateGC,"(*,*)",mm,mm,gt10,gt10,NA,0.05,CTS,10000.0,,,,,,,,0.85,,,,,,,,,,,,,,,grid_stat_20260729.stat,20260729_130000,0.053,0.45,0.3464,0.15,0.2,0.4464,0.3,0.4,,,,
STAT,V12.0.0,20260820_055425,INANWP,NA,000000,20260729_130000,000000,20260729_130000,20260729_010000,20260729_010000,NA,RAINNC,"(*,*)",hourlyPrecipRateGC,"(*,*)",mm,mm,gt10,gt10,NA,0.05,CTC,10000.0,,,,,,,,,,,,,,,,,,,,,,,grid_stat_20260729.stat,20260729_130000,,,,,,,,,569.0,182.0,272.0,8934.0
STAT,V12.0.0,20260820_055425,INANWP,NA,000000,20260729_130000,000000,20260729_130000,20260729_010000,20260729_010000,NA,RAINNC,"(*,*)",hourlyPrecipRateGC,"(*,*)",mm,mm,gt20,gt20,NA,0.05,CNT,10000.0,0.105,5.607,3.607,2.607,3.107,3.607,2.807,0.7429,13.011,3.607,0.5,2.886,0.525,0.9,0.1,1.0,0.5,0.2,0.1,0.05,0.04,0.03,grid_stat_20260729.stat,20260729_130000,,,,,,,,,,,,
STAT,V12.0.0,20260820_055425,INANWP,NA,000000,20260729_130000,000000,20260729_130000,20260729_010000,20260729_010000,NA,RAINNC,"(*,*)",hourlyPrecipRateGC,"(*,*)",mm,mm,gt20,gt20,NA,0.05,CTS,10000.0,,,,,,,,0.85,,,,,,,,,,,,,,,grid_stat_20260729.stat,20260729_130000,0.053,0.45,0.2964,0.15,0.2,0.3964,0.3,0.4,,,,
STAT,V12.0.0,20260820_055425,INANWP,NA,000000,20260729_130000,000000,20260729_130000,20260729_010000,20260729_010000,NA,RAINNC,"(*,*)",hourlyPrecipRateGC,"(*,*)",mm,mm,gt20,gt20,NA,0.05,CTC,10000.0,,,,,,,,,,,,,,,,,,,,,,,grid_stat_20260729.stat,20260729_130000,,,,,,,,,559.0,185.0,276.0,8929.0
STAT,V12.0.0,20260820_055425,INANWP,NA,000000,20260729_130000,000000,20260729_130000,20260729_010000,20260729_010000,NA,RAINNC,"(*,*)",hourlyPrecipRateGC,"(*,*)",mm,mm,gt50,gt50,NA,0.05,CNT,10000.0,0.105,5.607,3.607,2.607,3.107,3.607,2.807,0.7429,13.011,3.607,0.5,2.886,0.525,0.9,0.1,1.0,0.5,0.2,0.1,0.05,0.04,0.03,grid_stat_20260729.stat,20260729_130000,,,,,,,,,,,,
STAT,V12.0.0,20260820_055425,INANWP,NA,000000,20260729_130000,000000,20260729_130000,20260729_010000,20260729_010000,NA,RAINNC,"(*,*)",hourlyPrecipRateGC,"(*,*)",mm,mm,gt50,gt50,NA,0.05,CTS,10000.0,,,,,,,,0.85,,,,,,,,,,,,,,,grid_stat_20260729.stat,20260729_130000,0.053,0.45,0.1464,0.15,0.2,0.2464,0.3,0.4,,,,
STAT,V12.0.0,20260820_055425,INANWP,NA,000000,20260729_130000,000000,20260729_130000,20260729_010000,20260729_010000,NA,RAINNC,"(*,*)",hourlyPrecipRateGC,"(*,*)",mm,mm,gt50,gt50,NA,0.05,CTC,10000.0,,,,,,,,,,,,,,,,,,,,,,,grid_stat_20260729.stat,20260729_130000,,,,,,,,,529.0,192.0,288.0,8914.0
STAT,V12.0.0,20260820_055425,INANWP,NA,000000,20260729_140000,000000,20260729_140000,20260729_020000,20260729_020000,NA,RAINNC,"(*,*)",hourlyPrecipRateGC,"(*,*)",mm,mm,gt0.1,gt0.1,NA,0.05,CNT,10000.0,0.11,5.5,3.5,2.5,3.0,3.5,2.7,0.75,12.25,3.5,0.5,2.8,0.55,0.9,0.1,1.0,0.5,0.2,0.1,0.05,0.04,0.03,grid_stat_20260729.stat,20260729_140000,,,,,,,,,,,,
STAT,V12.0.0,20260820_055425,INANWP,NA,000000,20260729_140000,000000,20260729_140000,20260729_020000,20260729_020000,NA,RAINNC,"(*,*)",hourlyPrecipRateGC,"(*,*)",mm,mm,gt0.1,gt0.1,NA,0.05,CTS,10000.0,,,,,,,,0.85,,,,,,,,,,,,,,,grid_stat_20260729.stat,20260729_140000,0.055,0.45,0.3995,0.15,0.2,0.4995,0.3,0.4,,,,
STAT,V12.0.0,20260820_055425,INANWP,NA,000000,20260729_140000,000000,20260729_140000,20260729_020000,20260729_020000,NA,RAINNC,"(*,*)",hourlyPrecipRateGC,"(*,*)",mm,mm,gt0.1,gt0.1,NA,0.05,CTC,10000.0,,,,,,,,,,,,,,,,,,,,,,,grid_stat_20260729.stat,20260729_140000,,,,,,,,,579.0,180.0,268.0,8939.0
STAT,V12.0.0,20260820_055425,INANWP,NA,000000,20260729_140000,000000,20260729_140000,20260729_020000,20260729_020000,NA,RAINNC,"(*,*)",hourlyPrecipRateGC,"(*,*)",mm,mm,gt1,gt1,NA,0.05,CNT,10000.0,0.11,5.5,3.5,2.5,3.0,3.5,2.7,0.75,12.25,3.5,0.5,2.8,0.55,0.9,0.1,1.0,0.5,0.2,0.1,0.05,0.04,0.03,grid_stat_20260729.stat,20260729_140000,,,,,,,,,,,,
STAT,V12.0.0,20260820_055425,INANWP,NA,000000,20260729_140000,000000,20260729_140000,20260729_020000,20260729_020000,NA,RAINNC,"(*,*)",hourlyPrecipRateGC,"(*,*)",mm,mm,gt1,gt1,NA,0.05,CTS,10000.0,,,,,,,,0.85,,,,,,,,,,,,,,,grid_stat_20260729.stat,20260729_140000,0.055,0.45,0.395,0.15,0.2,0.495,0.3,0.4,,,,
STAT,V12.0.0,20260820_055425,INANWP,NA,000000,20260729_140000,000000,20260729_140000,20260729_020000,20260729_020000,NA,RAINNC,"(*,*)",hourlyPrecipRateGC,"(*,*)",mm,mm,gt1,gt1,NA,0.05,CTC,10000.0,,,,,,,,,,,,,,,,,,,,,,,grid_stat_20260729.stat,20260729_140000,,,,,,,,,579.0,180.0,268.0,8939.0
STAT,V12.0.0,20260820_055425,INANWP,NA,000000,20260729_140000,000000,20260729_140000,20260729_020000,20260729_020000,NA,RAINNC,"(*,*)",hourlyPrecipRateGC,"(*,*)",mm,mm,gt5,gt5,NA,0.05,CNT,10000.0,0.11,5.5,3.5,2.5,3.0,3.5,2.7,0.75,12.25,3.5,0.5,2.8,0.55,0.9,0.1,1.0,0.5,0.2,0.1,0.05,0.04,0.03,grid_stat_20260729.stat,20260729_140000,,,,,,,,,,,,
STAT,V12.0.0,20260820_055425,INANWP,NA,000000,20260729_140000,000000,20260729_140000,20260729_020000,20260729_020000,NA,RAINNC,"(*,*)",hourlyPrecipRateGC,"(*,*)",mm,mm,gt5,gt5,NA,0.05,CTS,10000.0,,,,,,,,0.85,,,,,,,,,,,,,,,grid_stat_20260729.stat,20260729_140000,0.055,0.45,0.375,0.15,0.2,0.475,0.3,0.4,,,,
STAT,V12.0.0,20260820_055425,INANWP,NA,000000,20260729_140000,000000,20260729_140000,20260729_020000,20260729_020000,NA,RAINNC,"(*,*)",hourlyPrecipRateGC,"(*,*)",mm,mm,gt5,gt5,NA,0.05,CTC,10000.0,,,,,,,,,,,,,,,,,,,,,,,grid_stat_20260729.stat,20260729_140000,,,,,,,,,575.0,181.0,270.0,8937.0
STAT,V12.0.0,20260820_055425,INANWP,NA,000000,20260729_140000,000000,20260729_140000,20260729_020000,20260729_020000,NA,RAINNC,"(*,*)",hourlyPrecipRateGC,"(*,*)",mm,mm,gt10,gt10,NA,0.05,CNT,10000.0,0.11,5.5,3.5,2.5,3.0,3.5,2.7,0.75,12.25,3.5,0.5,2.8,0.55,0.9,0.1,1.0,0.5,0.2,0.1,0.05,0.04,0.03,grid_stat_20260729.stat,20260729_140000,,,,,,,,,,,,
STAT,V12.0.0,20260820_055425,INANWP,NA,000000,20260729_140000,000000,20260729_140000,20260729_020000,20260729_020000,NA,RAINNC,"(*,*)",hourlyPrecipRateGC,"(*,*)",mm,mm,gt10,gt10,NA,0.05,CTS,10000.0,,,,,,,,0.85,,,,,,,,,,,,,,,grid_stat_20260729.stat,20260729_140000,0.055,0.45,0.35,0.15,0.2,0.45,0.3,0.4,,,,
STAT,V12.0.0,20260820_055425,INANWP,NA,000000,20260729_140000,000000,20260729_140000,20260729_020000,20260729_020000,NA,RAINNC,"(*,*)",hourlyPrecipRateGC,"(*,*)",mm,mm,gt10,gt10,NA,0.05,CTC,10000.0,,,,,,,,,,,,,,,,,,,,,,,grid_stat_20260729.stat,20260729_140000,,,,,,,,,570.0,182.0,272.0,8935.0
STAT,V12.0.0,20260820_055425,INANWP,NA,000000,20260729_140000,000000,20260729_140000,20260729_020000,20260729_020000,NA,RAINNC,"(*,*)",hourlyPrecipRateGC,"(*,*)",mm,mm,gt20,gt20,NA,0.05,CNT,10000.0,0.11,5.5,3.5,2.5,3.0,3.5,2.7,0.75,12.25,3.5,0.5,2.8,0.55,0.9,0.1,1.0,0.5,0.2,0.1,0.05,0.04,0.03,grid_stat_20260729.stat,20260729_140000,,,,,,,,,,,,
STAT,V12.0.0,20260820_055425,INANWP,NA,000000,20260729_140000,000000,20260729_140000,20260729_020000,20260729_020000,NA,RAINNC,"(*,*)",hourlyPrecipRateGC,"(*,*)",mm,mm,gt20,gt20,NA,0.05,CTS,10000.0,,,,,,,,0.85,,,,,,,,,,,,,,,grid_stat_20260729.stat,20260729_140000,0.055,0.45,0.3,0.15,0.2,0.4,0.3,0.4,,,,
STAT,V12.0.0,20260820_055425,INANWP,NA,000000,20260729_140000,000000,20260729_140000,20260729_020000,20260729_020000,NA,RAINNC,"(*,*)",hourlyPrecipRateGC,"(*,*)",mm,mm,gt20,gt20,NA,0.05,CTC,10000.0,,,,,,,,,,,,,,,,,,,,,,,grid_stat_20260729.stat,20260729_140000,,,,,,,,,560.0,185.0,276.0,8930.0
STAT,V12.0.0,20260820_055425,INANWP,NA,000000,20260729_140000,000000,20260729_140000,20260729_020000,20260729_020000,NA,RAINNC,"(*,*)",hourlyPrecipRateGC,"(*,*)",mm,mm,gt50,gt50,NA,0.05,CNT,10000.0,0.11,5.5,3.5,2.5,3.0,3.5,2.7,0.75,12.25,3.5,0.5,2.8,0.55,0.9,0.1,1.0,0.5,0.2,0.1,0.05,0.04,0.03,grid_stat_20260729.stat,20260729_140000,,,,,,,,,,,,
STAT,V12.0.0,20260820_055425,INANWP,NA,000000,20260729_140000,000000,20260729_140000,20260729_020000,20260729_020000,NA,RAINNC,"(*,*)",hourlyPrecipRateGC,"(*,*)",mm,mm,gt50,gt50,NA,0.05,CTS,10000.0,,,,,,,,0.85,,,,,,,,,,,,,,,grid_stat_20260729.stat,20260729_140000,0.055,0.45,0.15,0.15,0.2,0.25,0.3,0.4,,,,
STAT,V12.0.0,20260820_055425,INANWP,NA,000000,20260729_140000,000000,20260729_140000,20260729_020000,20260729_020000,NA,RAINNC,"(*,*)",hourlyPrecipRateGC,"(*,*)",mm,mm,gt50,gt50,NA,0.05,CTC,10000.0,,,,,,,,,,,,,,,,,,,,,,,grid_stat_20260729.stat,20260729_140000,,,,,,,,,530.0,192.0,288.0,8915.0
STAT,V12.0.0,20260820_055425,INANWP,NA,000000,20260729_150000,000000,20260729_150000,20260729_030000,20260729_030000,NA,RAINNC,"(*,*)",hourlyPrecipRateGC,"(*,*)",mm,mm,gt0.1,gt0.1,NA,0.05,CNT,10000.0,0.115,5.607,3.607,2.607,3.107,3.607,2.807,0.7429,13.011,3.607,0.5,2.886,0.575,0.9,0.1,1.0,0.5,0.2,0.1,0.05,0.04,0.03,grid_stat_20260729.stat,20260729_150000,,,,,,,,,,,,
STAT,V12.0.0,20260820_055425,INANWP,NA,000000,20260729_150000,000000,20260729_150000,20260729_030000,20260729_030000,NA,RAINNC,"(*,*)",hourlyPrecipRateGC,"(*,*)",mm,mm,gt0.1,gt0.1,NA,0.05,CTS,10000.0,,,,,,,,0.85,,,,,,,,,,,,,,,grid_stat_20260729.stat,20260729_150000,0.057,0.45,0.3959,0.15,0.2,0.4959,0.3,0.4,,,,
STAT,V12.0.0,20260820_055425,INANWP,NA,000000,20260729_150000,000000,20260729_150000,20260729_030000,20260729_030000,NA,RAINNC,"(*,*)",hourlyPrecipRateGC,"(*,*)",mm,mm,gt0.1,gt0.1,NA,0.05,CTC,10000.0,,,,,,,,,,,,,,,,,,,,,,,grid_stat_20260729.stat,20260729_150000,,,,,,,,,579.0,180.0,268.0,8939.0
STAT,V12.0.0,20260820_055425,INANWP,NA,000000,20260729_150000,000000,20260729_150000,20260729_030000,20260729_030000,NA,RAINNC,"(*,*)",hourlyPrecipRateGC,"(*,*)",mm,mm,gt1,gt1,NA,0.05,CNT,10000.0,0.115,5.607,3.607,2.607,3.107,3.607,2.807,0.7429,13.011,3.607,0.5,2.886,0.575,0.9,0.1,1.0,0.5,0.2,0.1,0.05,0.04,0.03,grid_stat_20260729.stat,20260729_150000,,,,,,,,,,,,
STAT,V12.0.0,20260820_055425,INANWP,NA,000000,20260729_150000,000000,20260729_150000,20260729_030000,20260729_030000,NA,RAINNC,"(*,*)",hourlyPrecipRateGC,"(*,*)",mm,mm,gt1,gt1,NA,0.05,CTS,10000.0,,,,,,,,0.85,,,,,,,,,,,,,,,grid_stat_20260729.stat,20260729_150000,0.057,0.45,0.3914,0.15,0.2,0.4914,0.3,0.4,,,,
STAT,V12.0.0,20260820_055425,INANWP,NA,000000,20260729_150000,000000,20260729_150000,20260729_030000,20260729_030000,NA,RAINNC,"(*,*)",hourlyPrecipRateGC,"(*,*)",mm,mm,gt1,gt1,NA,0.05,CTC,10000.0,,,,,,,,,,,,,,,,,,,,,,,grid_stat_20260729.stat,20260729_150000,,,,,,,,,578.0,180.0,268.0,8939.0
STAT,V12.0.0,20260820_055425,INANWP,NA,000000,20260729_150000,000000,20260729_150000,20260729_030000,20260729_030000,NA,RAINNC,"(*,*)",hourlyPrecipRateGC,"(*,*)",mm,mm,gt5,gt5,NA,0.05,CNT,10000.0,0.115,5.607,3.607,2.607,3.107,3.607,2.807,0.7429,13.011,3.607,0.5,2.886,0.575,0.9,0.1,1.0,0.5,0.2,0.1,0.05,0.04,0.03,grid_stat_20260729.stat,20260729_150000,,,,,,,,,,,,
STAT,V12.0.0,20260820_055425,INANWP,NA,000000,20260729_150000,000000,20260729_150000,20260729_030000,20260729_030000,NA,RAINNC,"(*,*)",hourlyPrecipRateGC,"(*,*)",mm,mm,gt5,gt5,NA,0.05,CTS,10000.0,,,,,,,,0.85,,,,,,,,,,,,,,,grid_stat_20260729.stat,20260729_150000,0.057,0.45,0.3714,0.15,0.2,0.4714,0.3,0.4,,,,
STAT,V12.0.0,20260820_055425,INANWP,NA,000000,20260729_150000,000000,20260729_150000,20260729_030000,20260729_030000,NA,RAINNC,"(*,*)",hourlyPrecipRateGC,"(*,*)",mm,mm,gt5,gt5,NA,0.05,CTC,10000.0,,,,,,,,,,,,,,,,,,,,,,,grid_stat_20260729.stat,20260729_150000,,,,,,,,,574.0,181.0,270.0,8937.0
STAT,V12.0.0,20260820_055425,INANWP,NA,000000,20260729_150000,000000,20260729_150000,20260729_030000,20260729_030000,NA,RAINNC,"(*,*)",hourlyPrecipRateGC,"(*,*)",mm,mm,gt10,gt10,NA,0.05,CNT,10000.0,0.115,5.607,3.607,2.607,3.107,3.607,2.807,0.7429,13.011,3.607,0.5,2.886,0.575,0.9,0.1,1.0,0.5,0.2,0.1,0.05,0.04,0.03,grid_stat_20260729.stat,20260729_150000,,,,,,,,,,,,
STAT,V12.0.0,20260820_055425,INANWP,NA,000000,20260729_150000,000000,20260729_150000,20260729_030000,20260729_030000,NA,RAINNC,"(*,*)",hourlyPrecipRateGC,"(*,*)",mm,mm,gt10,gt10,NA,0.05,CTS,10000.0,,,,,,,,0.85,,,,,,,,,,,,,,,grid_stat_20260729.stat,20260729_150000,0.057,0.45,0.3464,0.15,0.2,0.4464,0.3,0.4,,,,
STAT,V12.0.0,20260820_055425,INANWP,NA,000000,20260729_150000,000000,20260729_150000,20260729_030000,20260729_030000,NA,RAINNC,"(*,*)",hourlyPrecipRateGC,"(*,*)",mm,mm,gt10,gt10,NA,0.05,CTC,10000.0,,,,,,,,,,,,,,,,,,,,,,,grid_stat_20260729.stat,20260729_150000,,,,,,,,,569.0,182.0,272.0,8934.0
STAT,V12.0.0,20260820_055425,INANWP,NA,000000,20260729_150000,000000,20260729_150000,20260729_030000,20260729_030000,NA,RAINNC,"(*,*)",hourlyPrecipRateGC,"(*,*)",mm,mm,gt20,gt20,NA,0.05,CNT,10000.0,0.115,5.607,3.607,2.607,3.107,3.607,2.807,0.7429,13.011,3.607,0.5,2.886,0.575,0.9,0.1,1.0,0.5,0.2,0.1,0.05,0.04,0.03,grid_stat_20260729.stat,20260729_150000,,,,,,,,,,,,
STAT,V12.0.0,20260820_055425,INANWP,NA,000000,20260729_150000,000000,20260729_150000,20260729_030000,20260729_030000,NA,RAINNC,"(*,*)",hourlyPrecipRateGC,"(*,*)",mm,mm,gt20,gt20,NA,0.05,CTS,10000.0,,,,,,,,0.85,,,,,,,,,,,,,,,grid_stat_20260729.stat,20260729_150000,0.057,0.45,0.2964,0.15,0.2,0.3964,0.3,0.4,,,,
STAT,V12.0.0,20260820_055425,INANWP,NA,000000,20260729_150000,000000,20260729_150000,20260729_030000,20260729_030000,NA,RAINNC,"(*,*)",hourlyPrecipRateGC,"(*,*)",mm,mm,gt20,gt20,NA,0.05,CTC,10000.0,,,,,,,,,,,,,,,,,,,,,,,grid_stat_20260729.stat,20260729_150000,,,,,,,,,559.0,185.0,276.0,8929.0
STAT,V12.0.0,20260820_055425,INANWP,NA,000000,20260729_150000,000000,20260729_150000,20260729_030000,20260729_030000,NA,RAINNC,"(*,*)",hourlyPrecipRateGC,"(*,*)",mm,mm,gt50,gt50,NA,0.05,CNT,10000.0,0.115,5.607,3.607,2.607,3.107,3.607,2.807,0.7429,13.011,3.607,0.5,2.886,0.575,0.9,0.1,1.0,0.5,0.2,0.1,0.05,0.04,0.03,grid_stat_20260729.stat,20260729_150000,,,,,,,,,,,,
STAT,V12.0.0,20260820_055425,INANWP,NA,000000,20260729_150000,000000,20260729_150000,20260729_030000,20260729_030000,NA,RAINNC,"(*,*)",hourlyPrecipRateGC,"(*,*)",mm,mm,gt50,gt50,NA,0.05,CTS,10000.0,,,,,,,,0.85,,,,,,,,,,,,,,,grid_stat_20260729.stat,20260729_150000,0.057,0.45,0.1464,0.15,0.2,0.2464,0.3,0.4,,,,
STAT,V12.0.0,20260820_055425,INANWP,NA,000000,20260729_150000,000000,20260729_150000,20260729_030000,20260729_030000,NA,RAINNC,"(*,*)",hourlyPrecipRateGC,"(*,*)",mm,mm,gt50,gt50,NA,0.05,CTC,10000.0,,,,,,,,,,,,,,,,,,,,,,,grid_stat_20260729.stat,20260729_150000,,,,,,,,,529.0,192.0,288.0,8914.0
STAT,V12.0.0,20260820_055425,INANWP,NA,000000,20260729_160000,000000,20260729_160000,20260729_040000,20260729_040000,NA,RAINNC,"(*,*)",hourlyPrecipRateGC,"(*,*)",mm,mm,gt0.1,gt0.1,NA,0.05,CNT,10000.0,0.12,5.714,3.714,2.714,3.214,3.714,2.914,0.7357,13.796,3.714,0.5,2.971,0.6,0.9,0.1,1.0,0.5,0.2,0.1,0.05,0.04,0.03,grid_stat_20260729.stat,20260729_160000,,,,,,,,,,,,
STAT,V12.0.0,20260820_055425,INANWP,NA,000000,20260729_160000,000000,20260729_160000,20260729_040000,20260729_040000,NA,RAINNC,"(*,*)",hourlyPrecipRateGC,"(*,*)",mm,mm,gt0.1,gt0.1,NA,0.05,CTS,10000.0,,,,,,,,0.85,,,,,,,,,,,,,,,grid_stat_20260729.stat,20260729_160000,0.06,0.45,0.3924,0.15,0.2,0.4924,0.3,0.4,,,,
STAT,V12.0.0,20260820_055425,INANWP,NA,000000,20260729_160000,000000,20260729_160000,20260729_040000,20260729_040000,NA,RAINNC,"(*,*)",hourlyPrecipRateGC,"(*,*)",mm,mm,gt0.1,gt0.1,NA,0.05,CTC,10000.0,,,,,,,,,,,,,,,,,,,,,,,grid_stat_20260729.stat,20260729_160000,,,,,,,,,578.0,180.0,268.0,8939.0
STAT,V12.0.0,20260820_055425,INANWP,NA,000000,20260729_160000,000000,20260729_160000,20260729_040000,20260729_040000,NA,RAINNC,"(*,*)",hourlyPrecipRateGC,"(*,*)",mm,mm,gt1,gt1,NA,0.05,CNT,10000.0,0.12,5.714,3.714,2.714,3.214,3.714,2.914,0.7357,13.796,3.714,0.5,2.971,0.6,0.9,0.1,1.0,0.5,0.2,0.1,0.05,0.04,0.03,grid_stat_20260729.stat,20260729_160000,,,,,,,,,,,,
STAT,V12.0.0,20260820_055425,INANWP,NA,000000,20260729_160000,000000,20260729_160000,20260729_040000,20260729_040000,NA,RAINNC,"(*,*)",hourlyPrecipRateGC,"(*,*)",mm,mm,gt1,gt1,NA,0.05,CTS,10000.0,,,,,,,,0.85,,,,,,,,,,,,,,,grid_stat_20260729.stat,20260729_160000,0.06,0.45,0.3879,0.15,0.2,0.4879,0.3,0.4,,,,
STAT,V12.0.0,20260820_055425,INANWP,NA,000000,20260729_160000,000000,20260729_160000,20260729_040000,20260729_040000,NA,RAINNC,"(*,*)",hourlyPrecipRateGC,"(*,*)",mm,mm,gt1,gt1,NA,0.05,CTC,10000.0,,,,,,,,,,,,,,,,,,,,,,,grid_stat_20260729.stat,20260729_160000,,,,,,,,,577.0,180.0,268.0,8938.0
STAT,V12.0.0,20260820_055425,INANWP,NA,000000,20260729_160000,000000,20260729_160000,20260729_040000,20260729_040000,NA,RAINNC,"(*,*)",hourlyPrecipRateGC,"(*,*)",mm,mm,gt5,gt5,NA,0.05,CNT,10000.0,0.12,5.714,3.714,2.714,3.214,3.714,2.914,0.7357,13.796,3.714,0.5,2.971,0.6,0.9,0.1,1.0,0.5,0.2,0.1,0.05,0.04,0.03,grid_stat_20260729.stat,20260729_160000,,,,,,,,,,,,
STAT,V12.0.0,20260820_055425,INANWP,NA,000000,20260729_160000,000000,20260729_160000,20260729_040000,20260729_040000,NA,RAINNC,"(*,*)",hourlyPrecipRateGC,"(*,*)",mm,mm,gt5,gt5,NA,0.05,CTS,10000.0,,,,,,,,0.85,,,,,,,,,,,,,,,grid_stat_20260729.stat,20260729_160000,0.06,0.45,0.3679,0.15,0.2,0.4679,0.3,0.4,,,,
STAT,V12.0.0,20260820_055425,INANWP,NA,000000,20260729_160000,000000,20260729_160000,20260729_040000,20260729_040000,NA,RAINNC,"(*,*)",hourlyPrecipRateGC,"(*,*)",mm,mm,gt5,gt5,NA,0.05,CTC,10000.0,,,,,,,,,,,,,,,,,,,,,,,grid_stat_20260729.stat,20260729_160000,,,,,,,,,573.0,181.0,270.0,8936.0
STAT,V12.0.0,20260820_055425,INANWP,NA,000000,20260729_160000,000000,20260729_160000,20260729_040000,20260729_040000,NA,RAINNC,"(*,*)",hourlyPrecipRateGC,"(*,*)",mm,mm,gt10,gt10,NA,0.05,CNT,10000.0,0.12,5.714,3.714,2.714,3.214,3.714,2.914,0.7357,13.796,3.714,0.5,2.971,0.6,0.9,0.1,1.0,0.5,0.2,0.1,0.05,0.04,0.03,grid_stat_20260729.stat,20260729_160000,,,,,,,,,,,,
STAT,V12.0.0,20260820_055425,INANWP,NA,000000,20260729_160000,000000,20260729_160000,20260729_040000,20260729_040000,NA,RAINNC,"(*,*)",hourlyPrecipRateGC,"(*,*)",mm,mm,gt10,gt10,NA,0.05,CTS,10000.0,,,,,,,,0.85,,,,,,,,,,,,,,,grid_stat_20260729.stat,20260729_160000,0.06,0.45,0.3429,0.15,0.2,0.4429,0.3,0.4,,,,
STAT,V12.0.0,20260820_055425,INANWP,NA,000000,20260729_160000,000000,20260729_160000,20260729_040000,20260729_040000,NA,RAINNC,"(*,*)",hourlyPrecipRateGC,"(*,*)",mm,mm,gt10,gt10,NA,0.05,CTC,10000.0,,,,,,,,,,,,,,,,,,,,,,,grid_stat_20260729.stat,20260729_160000,,,,,,,,,568.0,182.0,272.0,8934.0
STAT,V12.0.0,20260820_055425,INANWP,NA,000000,20260729_160000,000000,20260729_160000,20260729_040000,20260729_040000,NA,RAINNC,"(*,*)",hourlyPrecipRateGC,"(*,*)",mm,mm,gt20,gt20,NA,0.05,CNT,10000.0,0.12,5.714,3.714,2.714,3.214,3.714,2.914,0.7357,13.796,3.714,0.5,2.971,0.6,0.9,0.1,1.0,0.5,0.2,0.1,0.05,0.04,0.03,grid_stat_20260729.stat,20260729_160000,,,,,,,,,,,,
STAT,V12.0.0,20260820_055425,INANWP,NA,000000,20260729_160000,000000,20260729_160000,20260729_040000,20260729_040000,NA,RAINNC,"(*,*)",hourlyPrecipRateGC,"(*,*)",mm,mm,gt20,gt20,NA,0.05,CTS,10000.0,,,,,,,,0.85,,,,,,,,,,,,,,,grid_stat_20260729.stat,20260729_160000,0.06,0.45,0.2929,0.15,0.2,0.3929,0.3,0.4,,,,
STAT,V12.0.0,20260820_055425,INANWP,NA,000000,20260729_160000,000000,20260729_160000,20260729_040000,20260729_040000,NA,RAINNC,"(*,*)",hourlyPrecipRateGC,"(*,*)",mm,mm,gt20,gt20,NA,0.05,CTC,10000.0,,,,,,,,,,,,,,,,,,,,,,,grid_stat_20260729.stat,20260729_160000,,,,,,,,,558.0,185.0,276.0,8929.0
STAT,V12.0.0,20260820_055425,INANWP,NA,000000,20260729_160000,000000,20260729_160000,20260729_040000,20260729_040000,NA,RAINNC,"(*,*)",hourlyPrecipRateGC,"(*,*)",mm,mm,gt50,gt50,NA,0.05,CNT,10000.0,0.12,5.714,3.714,2.714,3.214,3.714,2.914,0.7357,13.796,3.714,0.5,2.971,0.6,0.9,0.1,1.0,0.5,0.2,0.1,0.05,0.04,0.03,grid_stat_20260729.stat,20260729_160000,,,,,,,,,,,,
STAT,V12.0.0,20260820_055425,INANWP,NA,000000,20260729_160000,000000,20260729_160000,20260729_040000,20260729_040000,NA,RAINNC,"(*,*)",hourlyPrecipRateGC,"(*,*)",mm,mm,gt50,gt50,NA,0.05,CTS,10000.0,,,,,,,,0.85,,,,,,,,,,,,,,,grid_stat_20260729.stat,20260729_160000,0.06,0.45,0.1429,0.15,0.2,0.2429,0.3,0.4,,,,
STAT,V12.0.0,20260820_055425,INANWP,NA,000000,20260729_160000,000000,20260729_160000,20260729_040000,20260729_040000,NA,RAINNC,"(*,*)",hourlyPrecipRateGC,"(*,*)",mm,mm,gt50,gt50,NA,0.05,CTC,10000.0,,,,,,,,,,,,,,,,,,,,,,,grid_stat_20260729.stat,20260729_160000,,,,,,,,,528.0,192.0,288.0,8914.0
STAT,V12.0.0,20260820_055425,INANWP,NA,000000,20260729_170000,000000,20260729_170000,20260729_050000,20260729_050000,NA,RAINNC,"(*,*)",hourlyPrecipRateGC,"(*,*)",mm,mm,gt0.1,gt0.1,NA,0.05,CNT,10000.0,0.125,5.821,3.821,2.821,3.321,3.821,3.021,0.7286,14.603,3.821,0.5,3.057,0.625,0.9,0.1,1.0,0.5,0.2,0.1,0.05,0.04,0.03,grid_stat_20260729.stat,20260729_170000,,,,,,,,,,,,
STAT,V12.0.0,20260820_055425,INANWP,NA,000000,20260729_170000,000000,20260729_170000,20260729_050000,20260729_050000,NA,RAINNC,"(*,*)",hourlyPrecipRateGC,"(*,*)",mm,mm,gt0.1,gt0.1,NA,0.05,CTS,10000.0,,,,,,,,0.85,,,,,,,,,,,,,,,grid_stat_20260729.stat,20260729_170000,0.062,0.45,0.3888,0.15,0.2,0.4888,0.3,0.4,,,,
STAT,V12.0.0,20260820_055425,INANWP,NA,000000,20260729_170000,000000,20260729_170000,20260729_050000,20260729_050000,NA,RAINNC,"(*,*)",hourlyPrecipRateGC,"(*,*)",mm,mm,gt0.1,gt0.1,NA,0.05,CTC,10000.0,,,,,,,,,,,,,,,,,,,,,,,grid_stat_20260729.stat,20260729_170000,,,,,,,,,577.0,180.0,268.0,8938.0
STAT,V12.0.0,20260820_055425,INANWP,NA,000000,20260729_170000,000000,20260729_170000,20260729_050000,20260729_050000,NA,RAINNC,"(*,*)",hourlyPrecipRateGC,"(*,*)",mm,mm,gt1,gt1,NA,0.05,CNT,10000.0,0.125,5.821,3.821,2.821,3.321,3.821,3.021,0.7286,14.603,3.821,0.5,3.057,0.625,0.9,0.1,1.0,0.5,0.2,0.1,0.05,0.04,0.03,grid_stat_20260729.stat,20260729_170000,,,,,,,,,,,,
STAT,V12.0.0,20260820_055425,INANWP,NA,000000,20260729_170000,000000,20260729_170000,20260729_050000,20260729_050000,NA,RAINNC,"(*,*)",hourlyPrecipRateGC,"(*,*)",mm,mm,gt1,gt1,NA,0.05,CTS,10000.0,,,,,,,,0.85,,,,,,,,,,,,,,,grid_stat_20260729.stat,20260729_170000,0.062,0.45,0.3843,0.15,0.2,0.4843,0.3,0.4,,,,
STAT,V12.0.0,20260820_055425,INANWP,NA,000000,20260729_170000,000000,20260729_170000,20260729_050000,20260729_050000,NA,RAINNC,"(*,*)",hourlyPrecipRateGC,"(*,*)",mm,mm,gt1,gt1,NA,0.05,CTC,10000.0,,,,,,,,,,,,,,,,,,,,,,,grid_stat_20260729.stat,20260729_170000,,,,,,,,,576.0,180.0,269.0,8938.0
STAT,V12.0.0,20260820_055425,INANWP,NA,000000,20260729_170000,000000,20260729_170000,20260729_050000,20260729_050000,NA,RAINNC,"(*,*)",hourlyPrecipRateGC,"(*,*)",mm,mm,gt5,gt5,NA,0.05,CNT,10000.0,0.125,5.821,3.821,2.821,3.321,3.821,3.021,0.7286,14.603,3.821,0.5,3.057,0.625,0.9,0.1,1.0,0.5,0.2,0.1,0.05,0.04,0.03,grid_stat_20260729.stat,20260729_170000,,,,,,,,,,,,
STAT,V12.0.0,20260820_055425,INANWP,NA,000000,20260729_170000,000000,20260729_170000,20260729_050000,20260729_050000,NA,RAINNC,"(*,*)",hourlyPrecipRateGC,"(*,*)",mm,mm,gt5,gt5,NA,0.05,CTS,10000.0,,,,,,,,0.85,,,,,,,,,,,,,,,grid_stat_20260729.stat,20260729_170000,0.062,0.45,0.3643,0.15,0.2,0.4643,0.3,0.4,,,,
STAT,V12.0.0,20260820_055425,INANWP,NA,000000,20260729_170000,000000,20260729_170000,20260729_050000,20260729_050000,NA,RAINNC,"(*,*)",hourlyPrecipRateGC,"(*,*)",mm,mm,gt5,gt5,NA,0.05,CTC,10000.0,,,,,,,,,,,,,,,,,,,,,,,grid_stat_20260729.stat,20260729_170000,,,,,,,,,572.0,181.0,270.0,8936.0
STAT,V12.0.0,20260820_055425,INANWP,NA,000000,20260729_170000,000000,20260729_170000,20260729_050000,20260729_050000,NA,RAINNC,"(*,*)",hourlyPrecipRateGC,"(*,*)",mm,mm,gt10,gt10,NA,0.05,CNT,10000.0,0.125,5.821,3.821,2.821,3.321,3.821,3.021,0.7286,14.603,3.821,0.5,3.057,0.625,0.9,0.1,1.0,0.5,0.2,0.1,0.05,0.04,0.03,grid_stat_20260729.stat,20260729_170000,,,,,,,,,,,,
STAT,V12.0.0,20260820_055425,INANWP,NA,000000,20260729_170000,000000,20260729_170000,20260729_050000,20260729_050000,NA,RAINNC,"(*,*)",hourlyPrecipRateGC,"(*,*)",mm,mm,gt10,gt10,NA,0.05,CTS,10000.0,,,,,,,,0.85,,,,,,,,,,,,,,,grid_stat_20260729.stat,20260729_170000,0.062,0.45,0.3393,0.15,0.2,0.4393,0.3,0.4,,,,
STAT,V12.0.0,20260820_055425,INANWP,NA,000000,20260729_170000,000000,20260729_170000,20260729_050000,20260729_050000,NA,RAINNC,"(*,*)",hourlyPrecipRateGC,"(*,*)",mm,mm,gt10,gt10,NA,0.05,CTC,10000.0,,,,,,,,,,,,,,,,,,,,,,,grid_stat_20260729.stat,20260729_170000,,,,,,,,,567.0,183.0,272.0,8933.0
STAT,V12.0.0,20260820_055425,INANWP,NA,000000,20260729_170000,000000,20260729_170000,20260729_050000,20260729_050000,NA,RAINNC,"(*,*)",hourlyPrecipRateGC,"(*,*)",mm,mm,gt20,gt20,NA,0.05,CNT,10000.0,0.125,5.821,3.821,2.821,3.321,3.821,3.021,0.7286,14.603,3.821,0.5,3.057,0.625,0.9,0.1,1.0,0.5,0.2,0.1,0.05,0.04,0.03,grid_stat_20260729.stat,20260729_170000,,,,,,,,,,,,
STAT,V12.0.0,20260820_055425,INANWP,NA,000000,20260729_170000,000000,20260729_170000,20260729_050000,20260729_050000,NA,RAINNC,"(*,*)",hourlyPrecipRateGC,"(*,*)",mm,mm,gt20,gt20,NA,0.05,CTS,10000.0,,,,,,,,0.85,,,,,,,,,,,,,,,grid_stat_20260729.stat,20260729_170000,0.062,0.45,0.2893,0.15,0.2,0.3893,0.3,0.4,,,,
STAT,V12.0.0,20260820_055425,INANWP,NA,000000,20260729_170000,000000,20260729_170000,20260729_050000,20260729_050000,NA,RAINNC,"(*,*)",hourlyPrecipRateGC,"(*,*)",mm,mm,gt20,gt20,NA,0.05,CTC,10000.0,,,,,,,,,,,,,,,,,,,,,,,grid_stat_20260729.stat,20260729_170000,,,,,,,,,557.0,185.0,276.0,8928.0
STAT,V12.0.0,20260820_055425,INANWP,NA,000000,20260729_170000,000000,20260729_170000,20260729_050000,20260729_050000,NA,RAINNC,"(*,*)",hourlyPrecipRateGC,"(*,*)",mm,mm,gt50,gt50,NA,0.05,CNT,10000.0,0.125,5.821,3.821,2.821,3.321,3.821,3.021,0.7286,14.603,3.821,0.5,3.057,0.625,0.9,0.1,1.0,0.5,0.2,0.1,0.05,0.04,0.03,grid_stat_20260729.stat,20260729_170000,,,,,,,,,,,,
STAT,V12.0.0,20260820_055425,INANWP,NA,000000,20260729_170000,000000,20260729_170000,20260729_050000,20260729_050000,NA,RAINNC,"(*,*)",hourlyPrecipRateGC,"(*,*)",mm,mm,gt50,gt50,NA,0.05,CTS,10000.0,,,,,,,,0.85,,,,,,,,,,,,,,,grid_stat_20260729.stat,20260729_170000,0.062,0.45,0.1393,0.15,0.2,0.2393,0.3,0.4,,,,
STAT,V12.0.0,20260820_055425,INANWP,NA,000000,20260729_170000,000000,20260729_170000,20260729_050000,20260729_050000,NA,RAINNC,"(*,*)",hourlyPrecipRateGC,"(*,*)",mm,mm,gt50,gt50,NA,0.05,CTC,10000.0,,,,,,,,,,,,,,,,,,,,,,,grid_stat_20260729.stat,20260729_170000,,,,,,,,,527.0,193.0,288.0,8913.0
STAT,V12.0.0,20260820_055425,INANWP,NA,000000,20260729_180000,000000,20260729_180000,20260729_060000,20260729_060000,NA,RAINNC,"(*,*)",hourlyPrecipRateGC,"(*,*)",mm,mm,gt0.1,gt0.1,NA,0.05,CNT,10000.0,0.13,5.929,3.929,2.929,3.429,3.929,3.129,0.7214,15.434,3.929,0.5,3.143,0.65,0.9,0.1,1.0,0.5,0.2,0.1,0.05,0.04,0.03,grid_stat_20260729.stat,20260729_180000,,,,,,,,,,,,
STAT,V12.0.0,20260820_055425,INANWP,NA,000000,20260729_180000,000000,20260729_180000,20260729_060000,20260729_060000,NA,RAINNC,"(*,*)",hourlyPrecipRateGC,"(*,*)",mm,mm,gt0.1,gt0.1,NA,0.05,CTS,10000.0,,,,,,,,0.85,,,,,,,,,,,,,,,grid_stat_20260729.stat,20260729_180000,0.065,0.45,0.3852,0.15,0.2,0.4852,0.3,0.4,,,,
STAT,V12.0.0,20260820_055425,INANWP,NA,000000,20260729_180000,000000,20260729_180000,20260729_060000,20260729_060000,NA,RAINNC,"(*,*)",hourlyPrecipRateGC,"(*,*)",mm,mm,gt0.1,gt0.1,NA,0.05,CTC,10000.0,,,,,,,,,,,,,,,,,,,,,,,grid_stat_20260729.stat,20260729_180000,,,,,,,,,577.0,180.0,269.0,8938.0
STAT,V12.0.0,20260820_055425,INANWP,NA,000000,20260729_180000,000000,20260729_180000,20260729_060000,20260729_060000,NA,RAINNC,"(*,*)",hourlyPrecipRateGC,"(*,*)",mm,mm,gt1,gt1,NA,0.05,CNT,10000.0,0.13,5.929,3.929,2.929,3.429,3.929,3.129,0.7214,15.434,3.929,0.5,3.143,0.65,0.9,0.1,1.0,0.5,0.2,0.1,0.05,0.04,0.03,grid_stat_20260729.stat,20260729_180000,,,,,,,,,,,,
STAT,V12.0.0,20260820_055425,INANWP,NA,000000,20260729_180000,000000,20260729_180000,20260729_060000,20260729_060000,NA,RAINNC,"(*,*)",hourlyPrecipRateGC,"(*,*)",mm,mm,gt1,gt1,NA,0.05,CTS,10000.0,,,,,,,,0.85,,,,,,,,,,,,,,,grid_stat_20260729.stat,20260729_180000,0.065,0.45,0.3807,0.15,0.2,0.4807,0.3,0.4,,,,
STAT,V12.0.0,20260820_055425,INANWP,NA,000000,20260729_180000,000000,20260729_180000,20260729_060000,20260729_060000,NA,RAINNC,"(*,*)",hourlyPrecipRateGC,"(*,*)",mm,mm,gt1,gt1,NA,0.05,CTC,10000.0,,,,,,,,,,,,,,,,,,,,,,,grid_stat_20260729.stat,20260729_180000,,,,,,,,,576.0,180.0,269.0,8938.0
STAT,V12.0.0,20260820_055425,INANWP,NA,000000,20260729_180000,000000,20260729_180000,20260729_060000,20260729_060000,NA,RAINNC,"(*,*)",hourlyPrecipRateGC,"(*,*)",mm,mm,gt5,gt5,NA,0.05,CNT,10000.0,0.13,5.929,3.929,2.929,3.429,3.929,3.129,0.7214,15.434,3.929,0.5,3.143,0.65,0.9,0.1,1.0,0.5,0.2,0.1,0.05,0.04,0.03,grid_stat_20260729.stat,20260729_180000,,,,,,,,,,,,
STAT,V12.0.0,20260820_055425,INANWP,NA,000000,20260729_180000,000000,20260729_180000,20260729_060000,20260729_060000,NA,RAINNC,"(*,*)",hourlyPrecipRateGC,"(*,*)",mm,mm,gt5,gt5,NA,0.05,CTS,10000.0,,,,,,,,0.85,,,,,,,,,,,,,,,grid_stat_20260729.stat,20260729_180000,0.065,0.45,0.3607,0.15,0.2,0.4607,0.3,0.4,,,,
STAT,V12.0.0,20260820_055425,INANWP,NA,000000,20260729_180000,000000,20260729_180000,20260729_060000,20260729_060000,NA,RAINNC,"(*,*)",hourlyPrecipRateGC,"(*,*)",mm,mm,gt5,gt5,NA,0.05,CTC,10000.0,,,,,,,,,,,,,,,,,,,,,,,grid_stat_20260729.stat,20260729_180000,,,,,,,,,572.0,181.0,271.0,8936.0
STAT,V12.0.0,20260820_055425,INANWP,NA,000000,20260729_180000,000000,20260729_180000,20260729_060000,20260729_060000,NA,RAINNC,"(*,*)",hourlyPrecipRateGC,"(*,*)",mm,mm,gt10,gt10,NA,0.05,CNT,10000.0,0.13,5.929,3.929,2.929,3.429,3.929,3.129,0.7214,15.434,3.929,0.5,3.143,0.65,0.9,0.1,1.0,0.5,0.2,0.1,0.05,0.04,0.03,grid_stat_20260729.stat,20260729_180000,,,,,,,,,,,,
STAT,V12.0.0,20260820_055425,INANWP,NA,000000,20260729_180000,000000,20260729_180000,20260729_060000,20260729_060000,NA,RAINNC,"(*,*)",hourlyPrecipRateGC,"(*,*)",mm,mm,gt10,gt10,NA,0.05,CTS,10000.0,,,,,,,,0.85,,,,,,,,,,,,,,,grid_stat_20260729.stat,20260729_180000,0.065,0.45,0.3357,0.15,0.2,0.4357,0.3,0.4,,,,
STAT,V12.0.0,20260820_055425,INANWP,NA,000000,20260729_180000,000000,20260729_180000,20260729_060000,20260729_060000,NA,RAINNC,"(*,*)",hourlyPrecipRateGC,"(*,*)",mm,mm,gt10,gt10,NA,0.05,CTC,10000.0,,,,,,,,,,,,,,,,,,,,,,,grid_stat_20260729.stat,20260729_180000,,,,,,,,,567.0,183.0,273.0,8933.0
STAT,V12.0.0,20260820_055425,INANWP,NA,000000,20260729_180000,000000,20260729_180000,20260729_060000,20260729_060000,NA,RAINNC,"(*,*)",hourlyPrecipRateGC,"(*,*)",mm,mm,gt20,gt20,NA,0.05,CNT,10000.0,0.13,5.929,3.929,2.929,3.429,3.929,3.129,0.7214,15.434,3.929,0.5,3.143,0.65,0.9,0.1,1.0,0.5,0.2,0.1,0.05,0.04,0.03,grid_stat_20260729.stat,20260729_180000,,,,,,,,,,,,
STAT,V12.0.0,20260820_055425,INANWP,NA,000000,20260729_180000,000000,20260729_180000,20260729_060000,20260729_060000,NA,RAINNC,"(*,*)",hourlyPrecipRateGC,"(*,*)",mm,mm,gt20,gt20,NA,0.05,CTS,10000.0,,,,,,,,0.85,,,,,,,,,,,,,,,grid_stat_20260729.stat,20260729_180000,0.065,0.45,0.2857,0.15,0.2,0.3857,0.3,0.4,,,,
STAT,V12.0.0,20260820_055425,INANWP,NA,000000,20260729_180000,000000,20260729_180000,20260729_060000,20260729_060000,NA,RAINNC,"(*,*)",hourlyPrecipRateGC,"(*,*)",mm,mm,gt20,gt20,NA,0.05,CTC,10000.0,,,,,,,,,,,,,,,,,,,,,,,grid_stat_20260729.stat,20260729_180000,,,,,,,,,557.0,185.0,277.0,8928.0
STAT,V12.0.0,20260820_055425,INANWP,NA,000000,20260729_180000,000000,20260729_180000,20260729_060000,20260729_060000,NA,RAINNC,"(*,*)",hourlyPrecipRateGC,"(*,*)",mm,mm,gt50,gt50,NA,0.05,CNT,10000.0,0.13,5.929,3.929,2.929,3.429,3.929,3.129,0.7214,15.434,3.929,0.5,3.143,0.65,0.9,0.1,1.0,0.5,0.2,0.1,0.05,0.04,0.03,grid_stat_20260729.stat,20260729_180000,,,,,,,,,,,,
STAT,V12.0.0,20260820_055425,INANWP,NA,000000,20260729_180000,000000,20260729_180000,20260729_060000,20260729_060000,NA,RAINNC,"(*,*)",hourlyPrecipRateGC,"(*,*)",mm,mm,gt50,gt50,NA,0.05,CTS,10000.0,,,,,,,,0.85,,,,,,,,,,,,,,,grid_stat_20260729.stat,20260729_180000,0.065,0.45,0.1357,0.15,0.2,0.2357,0.3,0.4,,,,
STAT,V12.0.0,20260820_055425,INANWP,NA,000000,20260729_180000,000000,20260729_180000,20260729_060000,20260729_060000,NA,RAINNC,"(*,*)",hourlyPrecipRateGC,"(*,*)",mm,mm,gt50,gt50,NA,0.05,CTC,10000.0,,,,,,,,,,,,,,,,,,,,,,,grid_stat_20260729.stat,20260729_180000,,,,,,,,,527.0,193.0,289.0,8913.0
STAT,V12.0.0,20260820_055425,INANWP,NA,000000,20260729_190000,000000,20260729_190000,20260729_070000,20260729_070000,NA,RAINNC,"(*,*)",hourlyPrecipRateGC,"(*,*)",mm,mm,gt0.1,gt0.1,NA,0.05,CNT,10000.0,0.135,6.036,4.036,3.036,3.536,4.036,3.236,0.7143,16.287,4.036,0.5,3.229,0.675,0.9,0.1,1.0,0.5,0.2,0.1,0.05,0.04,0.03,grid_stat_20260729.stat,20260729_190000,,,,,,,,,,,,
STAT,V12.0.0,20260820_055425,INANWP,NA,000000,20260729_190000,000000,20260729_190000,20260729_070000,20260729_070000,NA,RAINNC,"(*,*)",hourlyPrecipRateGC,"(*,*)",mm,mm,gt0.1,gt0.1,NA,0.05,CTS,10000.0,,,,,,,,0.85,,,,,,,,,,,,,,,grid_stat_20260729.stat,20260729_190000,0.068,0.45,0.3816,0.15,0.2,0.4816,0.3,0.4,,,,
STAT,V12.0.0,20260820_055425,INANWP,NA,000000,20260729_190000,000000,20260729_190000,20260729_070000,20260729_070000,NA,RAINNC,"(*,*)",hourlyPrecipRateGC,"(*,*)",mm,mm,gt0.1,gt0.1,NA,0.05,CTC,10000.0,,,,,,,,,,,,,,,,,,,,,,,grid_stat_20260729.stat,20260729_190000,,,,,,,,,576.0,180.0,269.0,8938.0
STAT,V12.0.0,20260820_055425,INANWP,NA,000000,20260729_190000,000000,20260729_190000,20260729_070000,20260729_070000,NA,RAINNC,"(*,*)",hourlyPrecipRateGC,"(*,*)",mm,mm,gt1,gt1,NA,0.05,CNT,10000.0,0.135,6.036,4.036,3.036,3.536,4.036,3.236,0.7143,16.287,4.036,0.5,3.229,0.675,0.9,0.1,1.0,0.5,0.2,0.1,0.05,0.04,0.03,grid_stat_20260729.stat,20260729_190000,,,,,,,,,,,,
STAT,V12.0.0,20260820_055425,INANWP,NA,000000,20260729_190000,000000,20260729_190000,20260729_070000,20260729_070000,NA,RAINNC,"(*,*)",hourlyPrecipRateGC,"(*,*)",mm,mm,gt1,gt1,NA,0.05,CTS,10000.0,,,,,,,,0.85,,,,,,,,,,,,,,,grid_stat_20260729.stat,20260729_190000,0.068,0.45,0.3771,0.15,0.2,0.4771,0.3,0.4,,,,
STAT,V12.0.0,20260820_055425,INANWP,NA,000000,20260729_190000,000000,20260729_190000,20260729_070000,20260729_070000,NA,RAINNC,"(*,*)",hourlyPrecipRateGC,"(*,*)",mm,mm,gt1,gt1,NA,0.05,CTC,10000.0,,,,,,,,,,,,,,,,,,,,,,,grid_stat_20260729.stat,20260729_190000,,,,,,,,,575.0,181.0,269.0,8937.0
STAT,V12.0.0,20260820_055425,INANWP,NA,000000,20260729_190000,000000,20260729_190000,20260729_070000,20260729_070000,NA,RAINNC,"(*,*)",hourlyPrecipRateGC,"(*,*)",mm,mm,gt5,gt5,NA,0.05,CNT,10000.0,0.135,6.036,4.036,3.036,3.536,4.036,3.236,0.7143,16.287,4.036,0.5,3.229,0.675,0.9,0.1,1.0,0.5,0.2,0.1,0.05,0.04,0.03,grid_stat_20260729.stat,20260729_190000,,,,,,,,,,,,
STAT,V12.0.0,20260820_055425,INANWP,NA,000000,20260729_190000,000000,20260729_190000,20260729_070000,20260729_070000,NA,RAINNC,"(*,*)",hourlyPrecipRateGC,"(*,*)",mm,mm,gt5,gt5,NA,0.05,CTS,10000.0,,,,,,,,0.85,,,,,,,,,,,,,,,grid_stat_20260729.stat,20260729_190000,0.068,0.45,0.3571,0.15,0.2,0.4571,0.3,0.4,,,,
STAT,V12.0.0,20260820_055425,INANWP,NA,000000,20260729_190000,000000,20260729_190000,20260729_070000,20260729_070000,NA,RAINNC,"(*,*)",hourlyPrecipRateGC,"(*,*)",mm,mm,gt5,gt5,NA,0.05,CTC,10000.0,,,,,,,,,,,,,,,,,,,,,,,grid_stat_20260729.stat,20260729_190000,,,,,,,,,571.0,182.0,271.0,8935.0
STAT,V12.0.0,20260820_055425,INANWP,NA,000000,20260729_190000,000000,20260729_190000,20260729_070000,20260729_070000,NA,RAINNC,"(*,*)",hourlyPrecipRateGC,"(*,*)",mm,mm,gt10,gt10,NA,0.05,CNT,10000.0,0.135,6.036,4.036,3.036,3.536,4.036,3.236,0.7143,16.287,4.036,0.5,3.229,0.675,0.9,0.1,1.0,0.5,0.2,0.1,0.05,0.04,0.03,grid_stat_20260729.stat,20260729_190000,,,,,,,,,,,,
STAT,V12.0.0,20260820_055425,INANWP,NA,000000,20260729_190000,000000,20260729_190000,20260729_070000,20260729_070000,NA,RAINNC,"(*,*)",hourlyPrecipRateGC,"(*,*)",mm,mm,gt10,gt10,NA,0.05,CTS,10000.0,,,,,,,,0.85,,,,,,,,,,,,,,,grid_stat_20260729.stat,20260729_190000,0.068,0.45,0.3321,0.15,0.2,0.4321,0.3,0.4,,,,
STAT,V12.0.0,20260820_055425,INANWP,NA,000000,20260729_190000,000000,20260729_190000,20260729_070000,20260729_070000,NA,RAINNC,"(*,*)",hourlyPrecipRateGC,"(*,*)",mm,mm,gt10,gt10,NA,0.05,CTC,10000.0,,,,,,,,,,,,,,,,,,,,,,,grid_stat_20260729.stat,20260729_190000,,,,,,,,,566.0,183.0,273.0,8933.0
STAT,V12.0.0,20260820_055425,INANWP,NA,000000,20260729_190000,000000,20260729_190000,20260729_070000,20260729_070000,NA,RAINNC,"(*,*)",hourlyPrecipRateGC,"(*,*)",mm,mm,gt20,gt20,NA,0.05,CNT,10000.0,0.135,6.036,4.036,3.036,3.536,4.036,3.236,0.7143,16.287,4.036,0.5,3.229,0.675,0.9,0.1,1.0,0.5,0.2,0.1,0.05,0.04,0.03,grid_stat_20260729.stat,20260729_190000,,,,,,,,,,,,
STAT,V12.0.0,20260820_055425,INANWP,NA,000000,20260729_190000,000000,20260729_190000,20260729_070000,20260729_070000,NA,RAINNC,"(*,*)",hourlyPrecipRateGC,"(*,*)",mm,mm,gt20,gt20,NA,0.05,CTS,10000.0,,,,,,,,0.85,,,,,,,,,,,,,,,grid_stat_20260729.stat,20260729_190000,0.068,0.45,0.2821,0.15,0.2,0.3821,0.3,0.4,,,,
STAT,V12.0.0,20260820_055425,INANWP,NA,000000,20260729_190000,000000,20260729_190000,20260729_070000,20260729_070000,NA,RAINNC,"(*,*)",hourlyPrecipRateGC,"(*,*)",mm,mm,gt20,gt20,NA,0.05,CTC,10000.0,,,,,,,,,,,,,,,,,,,,,,,grid_stat_20260729.stat,20260729_190000,,,,,,,,,556.0,185.0,277.0,8928.0
STAT,V12.0.0,20260820_055425,INANWP,NA,000000,20260729_190000,000000,20260729_190000,20260729_070000,20260729_070000,NA,RAINNC,"(*,*)",hourlyPrecipRateGC,"(*,*)",mm,mm,gt50,gt50,NA,0.05,CNT,10000.0,0.135,6.036,4.036,3.036,3.536,4.036,3.236,0.7143,16.287,4.036,0.5,3.229,0.675,0.9,0.1,1.0,0.5,0.2,0.1,0.05,0.04,0.03,grid_stat_20260729.stat,20260729_190000,,,,,,,,,,,,
STAT,V12.0.0,20260820_055425,INANWP,NA,000000,20260729_190000,000000,20260729_190000,20260729_070000,20260729_070000,NA,RAINNC,"(*,*)",hourlyPrecipRateGC,"(*,*)",mm,mm,gt50,gt50,NA,0.05,CTS,10000.0,,,,,,,,0.85,,,,,,,,,,,,,,,grid_stat_20260729.stat,20260729_190000,0.068,0.45,0.1321,0.15,0.2,0.2321,0.3,0.4,,,,
STAT,V12.0.0,20260820_055425,INANWP,NA,000000,20260729_190000,000000,20260729_190000,20260729_070000,20260729_070000,NA,RAINNC,"(*,*)",hourlyPrecipRateGC,"(*,*)",mm,mm,gt50,gt50,NA,0.05,CTC,10000.0,,,,,,,,,,,,,,,,,,,,,,,grid_stat_20260729.stat,20260729_190000,,,,,,,,,526.0,193.0,289.0,8913.0
STAT,V12.0.0,20260820_055425,INANWP,NA,000000,20260729_200000,000000,20260729_200000,20260729_080000,20260729_080000,NA,RAINNC,"(*,*)",hourlyPrecipRateGC,"(*,*)",mm,mm,gt0.1,gt0.1,NA,0.05,CNT,10000.0,0.14,6.143,4.143,3.143,3.643,4.143,3.343,0.7071,17.163,4.143,0.5,3.314,0.7,0.9,0.1,1.0,0.5,0.2,0.1,0.05,0.04,0.03,grid_stat_20260729.stat,20260729_200000,,,,,,,,,,,,
STAT,V12.0.0,20260820_055425,INANWP,NA,000000,20260729_200000,000000,20260729_200000,20260729_080000,20260729_080000,NA,RAINNC,"(*,*)",hourlyPrecipRateGC,"(*,*)",mm,mm,gt0.1,gt0.1,NA,0.05,CTS,10000.0,,,,,,,,0.85,,,,,,,,,,,,,,,grid_stat_20260729.stat,20260729_200000,0.07,0.45,0.3781,0.15,0.2,0.4781,0.3,0.4,,,,
STAT,V12.0.0,20260820_055425,INANWP,NA,000000,20260729_200000,000000,20260729_200000,20260729_080000,20260729_080000,NA,RAINNC,"(*,*)",hourlyPrecipRateGC,"(*,*)",mm,mm,gt0.1,gt0.1,NA,0.05,CTC,10000.0,,,,,,,,,,,,,,,,,,,,,,,grid_stat_20260729.stat,20260729_200000,,,,,,,,,575.0,181.0,269.0,8937.0
STAT,V12.0.0,20260820_055425,INANWP,NA,000000,20260729_200000,000000,20260729_200000,20260729_080000,20260729_080000,NA,RAINNC,"(*,*)",hourlyPrecipRateGC,"(*,*)",mm,mm,gt1,gt1,NA,0.05,CNT,10000.0,0.14,6.143,4.143,3.143,3.643,4.143,3.343,0.7071,17.163,4.143,0.5,3.314,0.7,0.9,0.1,1.0,0.5,0.2,0.1,0.05,0.04,0.03,grid_stat_20260729.stat,20260729_200000,,,,,,,,,,,,
STAT,V12.0.0,20260820_055425,INANWP,NA,000000,20260729_200000,000000,20260729_200000,20260729_080000,20260729_080000,NA,RAINNC,"(*,*)",hourlyPrecipRateGC,"(*,*)",mm,mm,gt1,gt1,NA,0.05,CTS,10000.0,,,,,,,,0.85,,,,,,,,,,,,,,,grid_stat_20260729.stat,20260729_200000,0.07,0.45,0.3736,0.15,0.2,0.4736,0.3,0.4,,,,
STAT,V12.0.0,20260820_055425,INANWP,NA,000000,20260729_200000,000000,20260729_200000,20260729_080000,20260729_080000,NA,RAINNC,"(*,*)",hourlyPrecipRateGC,"(*,*)",mm,mm,gt1,gt1,NA,0.05,CTC,10000.0,,,,,,,,,,,,,,,,,,,,,,,grid_stat_20260729.stat,20260729_200000,,,,,,,,,574.0,181.0,270.0,8937.0
STAT,V12.0.0,20260820_055425,INANWP,NA,000000,20260729_200000,000000,20260729_200000,20260729_080000,20260729_080000,NA,RAINNC,"(*,*)",hourlyPrecipRateGC,"(*,*)",mm,mm,gt5,gt5,NA,0.05,CNT,10000.0,0.14,6.143,4.143,3.143,3.643,4.143,3.343,0.7071,17.163,4.143,0.5,3.314,0.7,0.9,0.1,1.0,0.5,0.2,0.1,0.05,0.04,0.03,grid_stat_20260729.stat,20260729_200000,,,,,,,,,,,,
STAT,V12.0.0,20260820_055425,INANWP,NA,000000,20260729_200000,000000,20260729_200000,20260729_080000,20260729_080000,NA,RAINNC,"(*,*)",hourlyPrecipRateGC,"(*,*)",mm,mm,gt5,gt5,NA,0.05,CTS,10000.0,,,,,,,,0.85,,,,,,,,,,,,,,,grid_stat_20260729.stat,20260729_200000,0.07,0.45,0.3536,0.15,0.2,0.4536,0.3,0.4,,,,
STAT,V12.0.0,20260820_055425,INANWP,NA,000000,20260729_200000,000000,20260729_200000,20260729_080000,20260729_080000,NA,RAINNC,"(*,*)",hourlyPrecipRateGC,"(*,*)",mm,mm,gt5,gt5,NA,0.05,CTC,10000.0,,,,,,,,,,,,,,,,,,,,,,,grid_stat_20260729.stat,20260729_200000,,,,,,,,,570.0,182.0,271.0,8935.0
STAT,V12.0.0,20260820_055425,INANWP,NA,000000,20260729_200000,000000,20260729_200000,20260729_080000,20260729_080000,NA,RAINNC,"(*,*)",hourlyPrecipRateGC,"(*,*)",mm,mm,gt10,gt10,NA,0.05,CNT,10000.0,0.14,6.143,4.143,3.143,3.643,4.143,3.343,0.7071,17.163,4.143,0.5,3.314,0.7,0.9,0.1,1.0,0.5,0.2,0.1,0.05,0.04,0.03,grid_stat_20260729.stat,20260729_200000,,,,,,,,,,,,
STAT,V12.0.0,20260820_055425,INANWP,NA,000000,20260729_200000,000000,20260729_200000,20260729_080000,20260729_080000,NA,RAINNC,"(*,*)",hourlyPrecipRateGC,"(*,*)",mm,mm,gt10,gt10,NA,0.05,CTS,10000.0,,,,,,,,0.85,,,,,,,,,,,,,,,grid_stat_20260729.stat,20260729_200000,0.07,0.45,0.3286,0.15,0.2,0.4286,0.3,0.4,,,,
STAT,V12.0.0,20260820_055425,INANWP,NA,000000,20260729_200000,000000,20260729_200000,20260729_080000,20260729_080000,NA,RAINNC,"(*,*)",hourlyPrecipRateGC,"(*,*)",mm,mm,gt10,gt10,NA,0.05,CTC,10000.0,,,,,,,,,,,,,,,,,,,,,,,grid_stat_20260729.stat,20260729_200000,,,,,,,,,565.0,183.0,273.0,8932.0
STAT,V12.0.0,20260820_055425,INANWP,NA,000000,20260729_200000,000000,20260729_200000,20260729_080000,20260729_080000,NA,RAINNC,"(*,*)",hourlyPrecipRateGC,"(*,*)",mm,mm,gt20,gt20,NA,0.05,CNT,10000.0,0.14,6.143,4.143,3.143,3.643,4.143,3.343,0.7071,17.163,4.143,0.5,3.314,0.7,0.9,0.1,1.0,0.5,0.2,0.1,0.05,0.04,0.03,grid_stat_20260729.stat,20260729_200000,,,,,,,,,,,,
STAT,V12.0.0,20260820_055425,INANWP,NA,000000,20260729_200000,000000,20260729_200000,20260729_080000,20260729_080000,NA,RAINNC,"(*,*)",hourlyPrecipRateGC,"(*,*)",mm,mm,gt20,gt20,NA,0.05,CTS,10000.0,,,,,,,,0.85,,,,,,,,,,,,,,,grid_stat_20260729.stat,20260729_200000,0.07,0.45,0.2786,0.15,0.2,0.3786,0.3,0.4,,,,
STAT,V12.0.0,20260820_055425,INANWP,NA,000000,20260729_200000,000000,20260729_200000,20260729_080000,20260729_080000,NA,RAINNC,"(*,*)",hourlyPrecipRateGC,"(*,*)",mm,mm,gt20,gt20,NA,0.05,CTC,10000.0,,,,,,,,,,,,,,,,,,,,,,,grid_stat_20260729.stat,20260729_200000,,,,,,,,,555.0,186.0,277.0,8927.0
STAT,V12.0.0,20260820_055425,INANWP,NA,000000,20260729_200000,000000,20260729_200000,20260729_080000,20260729_080000,NA,RAINNC,"(*,*)",hourlyPrecipRateGC,"(*,*)",mm,mm,gt50,gt50,NA,0.05,CNT,10000.0,0.14,6.143,4.143,3.143,3.643,4.143,3.343,0.7071,17.163,4.143,0.5,3.314,0.7,0.9,0.1,1.0,0.5,0.2,0.1,0.05,0.04,0.03,grid_stat_20260729.stat,20260729_200000,,,,,,,,,,,,
STAT,V12.0.0,20260820_055425,INANWP,NA,000000,20260729_200000,000000,20260729_200000,20260729_080000,20260729_080000,NA,RAINNC,"(*,*)",hourlyPrecipRateGC,"(*,*)",mm,mm,gt50,gt50,NA,0.05,CTS,10000.0,,,,,,,,0.85,,,,,,,,,,,,,,,grid_stat_20260729.stat,20260729_200000,0.07,0.45,0.1286,0.15,0.2,0.2286,0.3,0.4,,,,
STAT,V12.0.0,20260820_055425,INANWP,NA,000000,20260729_200000,000000,20260729_200000,20260729_080000,20260729_080000,NA,RAINNC,"(*,*)",hourlyPrecipRateGC,"(*,*)",mm,mm,gt50,gt50,NA,0.05,CTC,10000.0,,,,,,,,,,,,,,,,,,,,,,,grid_stat_20260729.stat,20260729_200000,,,,,,,,,525.0,193.0,289.0,8912.0
STAT,V12.0.0,20260820_055425,INANWP,NA,000000,20260729_210000,000000,20260729_210000,20260729_090000,20260729_090000,NA,RAINNC,"(*,*)",hourlyPrecipRateGC,"(*,*)",mm,mm,gt0.1,gt0.1,NA,0.05,CNT,10000.0,0.145,6.25,4.25,3.25,3.75,4.25,3.45,0.7,18.062,4.25,0.5,3.4,0.725,0.9,0.1,1.0,0.5,0.2,0.1,0.05,0.04,0.03,grid_stat_20260729.stat,20260729_210000,,,,,,,,,,,,
STAT,V12.0.0,20260820_055425,INANWP,NA,000000,20260729_210000,000000,20260729_210000,20260729_090000,20260729_090000,NA,RAINNC,"(*,*)",hourlyPrecipRateGC,"(*,*)",mm,mm,gt0.1,gt0.1,NA,0.05,CTS,10000.0,,,,,,,,0.85,,,,,,,,,,,,,,,grid_stat_20260729.stat,20260729_210000,0.072,0.45,0.3745,0.15,0.2,0.4745,0.3,0.4,,,,
STAT,V12.0.0,20260820_055425,INANWP,NA,000000,20260729_210000,000000,20260729_210000,20260729_090000,20260729_090000,NA,RAINNC,"(*,*)",hourlyPrecipRateGC,"(*,*)",mm,mm,gt0.1,gt0.1,NA,0.05,CTC,10000.0,,,,,,,,,,,,,,,,,,,,,,,grid_stat_20260729.stat,20260729_210000,,,,,,,,,574.0,181.0,270.0,8937.0
STAT,V12.0.0,20260820_055425,INANWP,NA,000000,20260729_210000,000000,20260729_210000,20260729_090000,20260729_090000,NA,RAINNC,"(*,*)",hourlyPrecipRateGC,"(*,*)",mm,mm,gt1,gt1,NA,0.05,CNT,10000.0,0.145,6.25,4.25,3.25,3.75,4.25,3.45,0.7,18.062,4.25,0.5,3.4,0.725,0.9,0.1,1.0,0.5,0.2,0.1,0.05,0.04,0.03,grid_stat_20260729.stat,20260729_210000,,,,,,,,,,,,
STAT,V12.0.0,20260820_055425,INANWP,NA,000000,20260729_210000,000000,20260729_210000,20260729_090000,20260729_090000,NA,RAINNC,"(*,*)",hourlyPrecipRateGC,"(*,*)",mm,mm,gt1,gt1,NA,0.05,CTS,10000.0,,,,,,,,0.85,,,,,,,,,,,,,,,grid_stat_20260729.stat,20260729_210000,0.072,0.45,0.37,0.15,0.2,0.47,0.3,0.4,,,,
STAT,V12.0.0,20260820_055425,INANWP,NA,000000,20260729_210000,000000,20260729_210000,20260729_090000,20260729_090000,NA,RAINNC,"(*,*)",hourlyPrecipRateGC,"(*,*)",mm,mm,gt1,gt1,NA,0.05,CTC,10000.0,,,,,,,,,,,,,,,,,,,,,,,grid_stat_20260729.stat,20260729_210000,,,,,,,,,574.0,181.0,270.0,8937.0
STAT,V12.0.0,20260820_055425,INANWP,NA,000000,20260729_210000,000000,20260729_210000,20260729_090000,20260729_090000,NA,RAINNC,"(*,*)",hourlyPrecipRateGC,"(*,*)",mm,mm,gt5,gt5,NA,0.05,CNT,10000.0,0.145,6.25,4.25,3.25,3.75,4.25,3.45,0.7,18.062,4.25,0.5,3.4,0.725,0.9,0.1,1.0,0.5,0.2,0.1,0.05,0.04,0.03,grid_stat_20260729.stat,20260729_210000,,,,,,,,,,,,
STAT,V12.0.0,20260820_055425,INANWP,NA,000000,20260729_210000,000000,20260729_210000,20260729_090000,20260729_090000,NA,RAINNC,"(*,*)",hourlyPrecipRateGC,"(*,*)",mm,mm,gt5,gt5,NA,0.05,CTS,10000.0,,,,,,,,0.85,,,,,,,,,,,,,,,grid_stat_20260729.stat,20260729_210000,0.072,0.45,0.35,0.15,0.2,0.45,0.3,0.4,,,,
STAT,V12.0.0,20260820_055425,INANWP,NA,000000,20260729_210000,000000,20260729_210000,20260729_090000,20260729_090000,NA,RAINNC,"(*,*)",hourlyPrecipRateGC,"(*,*)",mm,mm,gt5,gt5,NA,0.05,CTC,10000.0,,,,,,,,,,,,,,,,,,,,,,,grid_stat_20260729.stat,20260729_210000,,,,,,,,,570.0,182.0,272.0,8935.0
STAT,V12.0.0,20260820_055425,INANWP,NA,000000,20260729_210000,000000,20260729_210000,20260729_090000,20260729_090000,NA,RAINNC,"(*,*)",hourlyPrecipRateGC,"(*,*)",mm,mm,gt10,gt10,NA,0.05,CNT,10000.0,0.145,6.25,4.25,3.25,3.75,4.25,3.45,0.7,18.062,4.25,0.5,3.4,0.725,0.9,0.1,1.0,0.5,0.2,0.1,0.05,0.04,0.03,grid_stat_20260729.stat,20260729_210000,,,,,,,,,,,,
STAT,V12.0.0,20260820_055425,INANWP,NA,000000,20260729_210000,000000,20260729_210000,20260729_090000,20260729_090000,NA,RAINNC,"(*,*)",hourlyPrecipRateGC,"(*,*)",mm,mm,gt10,gt10,NA,0.05,CTS,10000.0,,,,,,,,0.85,,,,,,,,,,,,,,,grid_stat_20260729.stat,20260729_210000,0.072,0.45,0.325,0.15,0.2,0.425,0.3,0.4,,,,
STAT,V12.0.0,20260820_055425,INANWP,NA,000000,20260729_210000,000000,20260729_210000,20260729_090000,20260729_090000,NA,RAINNC,"(*,*)",hourlyPrecipRateGC,"(*,*)",mm,mm,gt10,gt10,NA,0.05,CTC,10000.0,,,,,,,,,,,,,,,,,,,,,,,grid_stat_20260729.stat,20260729_210000,,,,,,,,,565.0,183.0,274.0,8932.0
STAT,V12.0.0,20260820_055425,INANWP,NA,000000,20260729_210000,000000,20260729_210000,20260729_090000,20260729_090000,NA,RAINNC,"(*,*)",hourlyPrecipRateGC,"(*,*)",mm,mm,gt20,gt20,NA,0.05,CNT,10000.0,0.145,6.25,4.25,3.25,3.75,4.25,3.45,0.7,18.062,4.25,0.5,3.4,0.725,0.9,0.1,1.0,0.5,0.2,0.1,0.05,0.04,0.03,grid_stat_20260729.stat,20260729_210000,,,,,,,,,,,,
STAT,V12.0.0,20260820_055425,INANWP,NA,000000,20260729_210000,000000,20260729_210000,20260729_090000,20260729_090000,NA,RAINNC,"(*,*)",hourlyPrecipRateGC,"(*,*)",mm,mm,gt20,gt20,NA,0.05,CTS,10000.0,,,,,,,,0.85,,,,,,,,,,,,,,,grid_stat_20260729.stat,20260729_210000,0.072,0.45,0.275,0.15,0.2,0.375,0.3,0.4,,,,
STAT,V12.0.0,20260820_055425,INANWP,NA,000000,20260729_210000,000000,20260729_210000,20260729_090000,20260729_090000,NA,RAINNC,"(*,*)",hourlyPrecipRateGC,"(*,*)",mm,mm,gt20,gt20,NA,0.05,CTC,10000.0,,,,,,,,,,,,,,,,,,,,,,,grid_stat_20260729.stat,20260729_210000,,,,,,,,,555.0,186.0,278.0,8927.0
STAT,V12.0.0,20260820_055425,INANWP,NA,000000,20260729_210000,000000,20260729_210000,20260729_090000,20260729_090000,NA,RAINNC,"(*,*)",hourlyPrecipRateGC,"(*,*)",mm,mm,gt50,gt50,NA,0.05,CNT,10000.0,0.145,6.25,4.25,3.25,3.75,4.25,3.45,0.7,18.062,4.25,0.5,3.4,0.725,0.9,0.1,1.0,0.5,0.2,0.1,0.05,0.04,0.03,grid_stat_20260729.stat,20260729_210000,,,,,,,,,,,,
STAT,V12.0.0,20260820_055425,INANWP,NA,000000,20260729_210000,000000,20260729_210000,20260729_090000,20260729_090000,NA,RAINNC,"(*,*)",hourlyPrecipRateGC,"(*,*)",mm,mm,gt50,gt50,NA,0.05,CTS,10000.0,,,,,,,,0.85,,,,,,,,,,,,,,,grid_stat_20260729.stat,20260729_210000,0.072,0.45,0.125,0.15,0.2,0.225,0.3,0.4,,,,
STAT,V12.0.0,20260820_055425,INANWP,NA,000000,20260729_210000,000000,20260729_210000,20260729_090000,20260729_090000,NA,RAINNC,"(*,*)",hourlyPrecipRateGC,"(*,*)",mm,mm,gt50,gt50,NA,0.05,CTC,10000.0,,,,,,,,,,,,,,,,,,,,,,,grid_stat_20260729.stat,20260729_210000,,,,,,,,,525.0,193.0,290.0,8912.0
STAT,V12.0.0,20260820_055425,INANWP,NA,000000,20260729_220000,000000,20260729_220000,20260729_100000,20260729_100000,NA,RAINNC,"(*,*)",hourlyPrecipRateGC,"(*,*)",mm,mm,gt0.1,gt0.1,NA,0.05,CNT,10000.0,0.15,6.357,4.357,3.357,3.857,4.357,3.557,0.6929,18.985,4.357,0.5,3.486,0.75,0.9,0.1,1.0,0.5,0.2,0.1,0.05,0.04,0.03,grid_stat_20260729.stat,20260729_220000,,,,,,,,,,,,
STAT,V12.0.0,20260820_055425,INANWP,NA,000000,20260729_220000,000000,20260729_220000,20260729_100000,20260729_100000,NA,RAINNC,"(*,*)",hourlyPrecipRateGC,"(*,*)",mm,mm,gt0.1,gt0.1,NA,0.05,CTS,10000.0,,,,,,,,0.85,,,,,,,,,,,,,,,grid_stat_20260729.stat,20260729_220000,0.075,0.45,0.3709,0.15,0.2,0.4709,0.3,0.4,,,,
STAT,V12.0.0,20260820_055425,INANWP,NA,000000,20260729_220000,000000,20260729_220000,20260729_100000,20260729_100000,NA,RAINNC,"(*,*)",hourlyPrecipRateGC,"(*,*)",mm,mm,gt0.1,gt0.1,NA,0.05,CTC,10000.0,,,,,,,,,,,,,,,,,,,,,,,grid_stat_20260729.stat,20260729_220000,,,,,,,,,574.0,181.0,270.0,8937.0
STAT,V12.0.0,20260820_055425,INANWP,NA,000000,20260729_220000,000000,20260729_220000,20260729_100000,20260729_100000,NA,RAINNC,"(*,*)",hourlyPrecipRateGC,"(*,*)",mm,mm,gt1,gt1,NA,0.05,CNT,10000.0,0.15,6.357,4.357,3.357,3.857,4.357,3.557,0.6929,18.985,4.357,0.5,3.486,0.75,0.9,0.1,1.0,0.5,0.2,0.1,0.05,0.04,0.03,grid_stat_20260729.stat,20260729_220000,,,,,,,,,,,,
STAT,V12.0.0,20260820_055425,INANWP,NA,000000,20260729_220000,000000,20260729_220000,20260729_100000,20260729_100000,NA,RAINNC,"(*,*)",hourlyPrecipRateGC,"(*,*)",mm,mm,gt1,gt1,NA,0.05,CTS,10000.0,,,,,,,,0.85,,,,,,,,,,,,,,,grid_stat_20260729.stat,20260729_220000,0.075,0.45,0.3664,0.15,0.2,0.4664,0.3,0.4,,,,
STAT,V12.0.0,20260820_055425,INANWP,NA,000000,20260729_220000,000000,20260729_220000,20260729_100000,20260729_100000,NA,RAINNC,"(*,*)",hourlyPrecipRateGC,"(*,*)",mm,mm,gt1,gt1,NA,0.05,CTC,10000.0,,,,,,,,,,,,,,,,,,,,,,,grid_stat_20260729.stat,20260729_220000,,,,,,,,,573.0,181.0,270.0,8936.0
STAT,V12.0.0,20260820_055425,INANWP,NA,000000,20260729_220000,000000,20260729_220000,20260729_100000,20260729_100000,NA,RAINNC,"(*,*)",hourlyPrecipRateGC,"(*,*)",mm,mm,gt5,gt5,NA,0.05,CNT,10000.0,0.15,6.357,4.357,3.357,3.857,4.357,3.557,0.6929,18.985,4.357,0.5,3.486,0.75,0.9,0.1,1.0,0.5,0.2,0.1,0.05,0.04,0.03,grid_stat_20260729.stat,20260729_220000,,,,,,,,,,,,
STAT,V12.0.0,20260820_055425,INANWP,NA,000000,20260729_220000,000000,20260729_220000,20260729_100000,20260729_100000,NA,RAINNC,"(*,*)",hourlyPrecipRateGC,"(*,*)",mm,mm,gt5,gt5,NA,0.05,CTS,10000.0,,,,,,,,0.85,,,,,,,,,,,,,,,grid_stat_20260729.stat,20260729_220000,0.075,0.45,0.3464,0.15,0.2,0.4464,0.3,0.4,,,,
STAT,V12.0.0,20260820_055425,INANWP,NA,000000,20260729_220000,000000,20260729_220000,20260729_100000,20260729_100000,NA,RAINNC,"(*,*)",hourlyPrecipRateGC,"(*,*)",mm,mm,gt5,gt5,NA,0.05,CTC,10000.0,,,,,,,,,,,,,,,,,,,,,,,grid_stat_20260729.stat,20260729_220000,,,,,,,,,569.0,182.0,272.0,8934.0
STAT,V12.0.0,20260820_055425,INANWP,NA,000000,20260729_220000,000000,20260729_220000,20260729_100000,20260729_100000,NA,RAINNC,"(*,*)",hourlyPrecipRateGC,"(*,*)",mm,mm,gt10,gt10,NA,0.05,CNT,10000.0,0.15,6.357,4.357,3.357,3.857,4.357,3.557,0.6929,18.985,4.357,0.5,3.486,0.75,0.9,0.1,1.0,0.5,0.2,0.1,0.05,0.04,0.03,grid_stat_20260729.stat,20260729_220000,,,,,,,,,,,,
STAT,V12.0.0,20260820_055425,INANWP,NA,000000,20260729_220000,000000,20260729_220000,20260729_100000,20260729_100000,NA,RAINNC,"(*,*)",hourlyPrecipRateGC,"(*,*)",mm,mm,gt10,gt10,NA,0.05,CTS,10000.0,,,,,,,,0.85,,,,,,,,,,,,,,,grid_stat_20260729.stat,20260729_220000,0.075,0.45,0.3214,0.15,0.2,0.4214,0.3,0.4,,,,
STAT,V12.0.0,20260820_055425,INANWP,NA,000000,20260729_220000,000000,20260729_220000,20260729_100000,20260729_100000,NA,RAINNC,"(*,*)",hourlyPrecipRateGC,"(*,*)",mm,mm,gt10,gt10,NA,0.05,CTC,10000.0,,,,,,,,,,,,,,,,,,,,,,,grid_stat_20260729.stat,20260729_220000,,,,,,,,,564.0,183.0,274.0,8932.0
STAT,V12.0.0,20260820_055425,INANWP,NA,000000,20260729_220000,000000,20260729_220000,20260729_100000,20260729_100000,NA,RAINNC,"(*,*)",hourlyPrecipRateGC,"(*,*)",mm,mm,gt20,gt20,NA,0.05,CNT,10000.0,0.15,6.357,4.357,3.357,3.857,4.357,3.557,0.6929,18.985,4.357,0.5,3.486,0.75,0.9,0.1,1.0,0.5,0.2,0.1,0.05,0.04,0.03,grid_stat_20260729.stat,20260729_220000,,,,,,,,,,,,
STAT,V12.0.0,20260820_055425,INANWP,NA,000000,20260729_220000,000000,20260729_220000,20260729_100000,20260729_100000,NA,RAINNC,"(*,*)",hourlyPrecipRateGC,"(*,*)",mm,mm,gt20,gt20,NA,0.05,CTS,10000.0,,,,,,,,0.85,,,,,,,,,,,,,,,grid_stat_20260729.stat,20260729_220000,0.075,0.45,0.2714,0.15,0.2,0.3714,0.3,0.4,,,,
STAT,V12.0.0,20260820_055425,INANWP,NA,000000,20260729_220000,000000,20260729_220000,20260729_100000,20260729_100000,NA,RAINNC,"(*,*)",hourlyPrecipRateGC,"(*,*)",mm,mm,gt20,gt20,NA,0.05,CTC,10000.0,,,,,,,,,,,,,,,,,,,,,,,grid_stat_20260729.stat,20260729_220000,,,,,,,,,554.0,186.0,278.0,8927.0
STAT,V12.0.0,20260820_055425,INANWP,NA,000000,20260729_220000,000000,20260729_220000,20260729_100000,20260729_100000,NA,RAINNC,"(*,*)",hourlyPrecipRateGC,"(*,*)",mm,mm,gt50,gt50,NA,0.05,CNT,10000.0,0.15,6.357,4.357,3.357,3.857,4.357,3.557,0.6929,18.985,4.357,0.5,3.486,0.75,0.9,0.1,1.0,0.5,0.2,0.1,0.05,0.04,0.03,grid_stat_20260729.stat,20260729_220000,,,,,,,,,,,,
STAT,V12.0.0,20260820_055425,INANWP,NA,000000,20260729_220000,000000,20260729_220000,20260729_100000,20260729_100000,NA,RAINNC,"(*,*)",hourlyPrecipRateGC,"(*,*)",mm,mm,gt50,gt50,NA,0.05,CTS,10000.0,,,,,,,,0.85,,,,,,,,,,,,,,,grid_stat_20260729.stat,20260729_220000,0.075,0.45,0.1214,0.15,0.2,0.2214,0.3,0.4,,,,
STAT,V12.0.0,20260820_055425,INANWP,NA,000000,20260729_220000,000000,20260729_220000,20260729_100000,20260729_100000,NA,RAINNC,"(*,*)",hourlyPrecipRateGC,"(*,*)",mm,mm,gt50,gt50,NA,0.05,CTC,10000.0,,,,,,,,,,,,,,,,,,,,,,,grid_stat_20260729.stat,20260729_220000,,,,,,,,,524.0,193.0,290.0,8912.0
STAT,V12.0.0,20260820_055425,INANWP,NA,000000,20260729_230000,000000,20260729_230000,20260729_110000,20260729_110000,NA,RAINNC,"(*,*)",hourlyPrecipRateGC,"(*,*)",mm,mm,gt0.1,gt0.1,NA,0.05,CNT,10000.0,0.155,6.464,4.464,3.464,3.964,4.464,3.664,0.6857,19.93,4.464,0.5,3.571,0.775,0.9,0.1,1.0,0.5,0.2,0.1,0.05,0.04,0.03,grid_stat_20260729.stat,20260729_230000,,,,,,,,,,,,
STAT,V12.0.0,20260820_055425,INANWP,NA,000000,20260729_230000,000000,20260729_230000,20260729_110000,20260729_110000,NA,RAINNC,"(*,*)",hourlyPrecipRateGC,"(*,*)",mm,mm,gt0.1,gt0.1,NA,0.05,CTS,10000.0,,,,,,,,0.85,,,,,,,,,,,,,,,grid_stat_20260729.stat,20260729_230000,0.077,0.45,0.3674,0.15,0.2,0.4674,0.3,0.4,,,,
STAT,V12.0.0,20260820_055425,INANWP,NA,000000,20260729_230000,000000,20260729_230000,20260729_110000,20260729_110000,NA,RAINNC,"(*,*)",hourlyPrecipRateGC,"(*,*)",mm,mm,gt0.1,gt0.1,NA,0.05,CTC,10000.0,,,,,,,,,,,,,,,,,,,,,,,grid_stat_20260729.stat,20260729_230000,,,,,,,,,573.0,181.0,270.0,8936.0
STAT,V12.0.0,20260820_055425,INANWP,NA,000000,20260729_230000,000000,20260729_230000,20260729_110000,20260729_110000,NA,RAINNC,"(*,*)",hourlyPrecipRateGC,"(*,*)",mm,mm,gt1,gt1,NA,0.05,CNT,10000.0,0.155,6.464,4.464,3.464,3.964,4.464,3.664,0.6857,19.93,4.464,0.5,3.571,0.775,0.9,0.1,1.0,0.5,0.2,0.1,0.05,0.04,0.03,grid_stat_20260729.stat,20260729_230000,,,,,,,,,,,,
STAT,V12.0.0,20260820_055425,INANWP,NA,000000,20260729_230000,000000,20260729_230000,20260729_110000,20260729_110000,NA,RAINNC,"(*,*)",hourlyPrecipRateGC,"(*,*)",mm,mm,gt1,gt1,NA,0.05,CTS,10000.0,,,,,,,,0.85,,,,,,,,,,,,,,,grid_stat_20260729.stat,20260729_230000,0.077,0.45,0.3629,0.15,0.2,0.4629,0.3,0.4,,,,
STAT,V12.0.0,20260820_055425,INANWP,NA,000000,20260729_230000,000000,20260729_230000,20260729_110000,20260729_110000,NA,RAINNC,"(*,*)",hourlyPrecipRateGC,"(*,*)",mm,mm,gt1,gt1,NA,0.05,CTC,10000.0,,,,,,,,,,,,,,,,,,,,,,,grid_stat_20260729.stat,20260729_230000,,,,,,,,,572.0,181.0,270.0,8936.0
STAT,V12.0.0,20260820_055425,INANWP,NA,000000,20260729_230000,000000,20260729_230000,20260729_110000,20260729_110000,NA,RAINNC,"(*,*)",hourlyPrecipRateGC,"(*,*)",mm,mm,gt5,gt5,NA,0.05,CNT,10000.0,0.155,6.464,4.464,3.464,3.964,4.464,3.664,0.6857,19.93,4.464,0.5,3.571,0.775,0.9,0.1,1.0,0.5,0.2,0.1,0.05,0.04,0.03,grid_stat_20260729.stat,20260729_230000,,,,,,,,,,,,
STAT,V12.0.0,20260820_055425,INANWP,NA,000000,20260729_230000,000000,20260729_230000,20260729_110000,20260729_110000,NA,RAINNC,"(*,*)",hourlyPrecipRateGC,"(*,*)",mm,mm,gt5,gt5,NA,0.05,CTS,10000.0,,,,,,,,0.85,,,,,,,,,,,,,,,grid_stat_20260729.stat,20260729_230000,0.077,0.45,0.3429,0.15,0.2,0.4429,0.3,0.4,,,,
STAT,V12.0.0,20260820_055425,INANWP,NA,000000,20260729_230000,000000,20260729_230000,20260729_110000,20260729_110000,NA,RAINNC,"(*,*)",hourlyPrecipRateGC,"(*,*)",mm,mm,gt5,gt5,NA,0.05,CTC,10000.0,,,,,,,,,,,,,,,,,,,,,,,grid_stat_20260729.stat,20260729_230000,,,,,,,,,568.0,182.0,272.0,8934.0
STAT,V12.0.0,20260820_055425,INANWP,NA,000000,20260729_230000,000000,20260729_230000,20260729_110000,20260729_110000,NA,RAINNC,"(*,*)",hourlyPrecipRateGC,"(*,*)",mm,mm,gt10,gt10,NA,0.05,CNT,10000.0,0.155,6.464,4.464,3.464,3.964,4.464,3.664,0.6857,19.93,4.464,0.5,3.571,0.775,0.9,0.1,1.0,0.5,0.2,0.1,0.05,0.04,0.03,grid_stat_20260729.stat,20260729_230000,,,,,,,,,,,,
STAT,V12.0.0,20260820_055425,INANWP,NA,000000,20260729_230000,000000,20260729_230000,20260729_110000,20260729_110000,NA,RAINNC,"(*,*)",hourlyPrecipRateGC,"(*,*)",mm,mm,gt10,gt10,NA,0.05,CTS,10000.0,,,,,,,,0.85,,,,,,,,,,,,,,,grid_stat_20260729.stat,20260729_230000,0.077,0.45,0.3179,0.15,0.2,0.4179,0.3,0.4,,,,
STAT,V12.0.0,20260820_055425,INANWP,NA,000000,20260729_230000,000000,20260729_230000,20260729_110000,20260729_110000,NA,RAINNC,"(*,*)",hourlyPrecipRateGC,"(*,*)",mm,mm,gt10,gt10,NA,0.05,CTC,10000.0,,,,,,,,,,,,,,,,,,,,,,,grid_stat_20260729.stat,20260729_230000,,,,,,,,,563.0,184.0,274.0,8931.0
STAT,V12.0.0,20260820_055425,INANWP,NA,000000,20260729_230000,000000,20260729_230000,20260729_110000,20260729_110000,NA,RAINNC,"(*,*)",hourlyPrecipRateGC,"(*,*)",mm,mm,gt20,gt20,NA,0.05,CNT,10000.0,0.155,6.464,4.464,3.464,3.964,4.464,3.664,0.6857,19.93,4.464,0.5,3.571,0.775,0.9,0.1,1.0,0.5,0.2,0.1,0.05,0.04,0.03,grid_stat_20260729.stat,20260729_230000,,,,,,,,,,,,
STAT,V12.0.0,20260820_055425,INANWP,NA,000000,20260729_230000,000000,20260729_230000,20260729_110000,20260729_110000,NA,RAINNC,"(*,*)",hourlyPrecipRateGC,"(*,*)",mm,mm,gt20,gt20,NA,0.05,CTS,10000.0,,,,,,,,0.85,,,,,,,,,,,,,,,grid_stat_20260729.stat,20260729_230000,0.077,0.45,0.2679,0.15,0.2,0.3679,0.3,0.4,,,,
STAT,V12.0.0,20260820_055425,INANWP,NA,000000,20260729_230000,000000,20260729_230000,20260729_110000,20260729_110000,NA,RAINNC,"(*,*)",hourlyPrecipRateGC,"(*,*)",mm,mm,gt20,gt20,NA,0.05,CTC,10000.0,,,,,,,,,,,,,,,,,,,,,,,grid_stat_20260729.stat,20260729_230000,,,,,,,,,553.0,186.0,278.0,8926.0
STAT,V12.0.0,20260820_055425,INANWP,NA,000000,20260729_230000,000000,20260729_230000,20260729_110000,20260729_110000,NA,RAINNC,"(*,*)",hourlyPrecipRateGC,"(*,*)",mm,mm,gt50,gt50,NA,0.05,CNT,10000.0,0.155,6.464,4.464,3.464,3.964,4.464,3.664,0.6857,19.93,4.464,0.5,3.571,0.775,0.9,0.1,1.0,0.5,0.2,0.1,0.05,0.04,0.03,grid_stat_20260729.stat,20260729_230000,,,,,,,,,,,,
STAT,V12.0.0,20260820_055425,INANWP,NA,000000,20260729_230000,000000,20260729_230000,20260729_110000,20260729_110000,NA,RAINNC,"(*,*)",hourlyPrecipRateGC,"(*,*)",mm,mm,gt50,gt50,NA,0.05,CTS,10000.0,,,,,,,,0.85,,,,,,,,,,,,,,,grid_stat_20260729.stat,20260729_230000,0.077,0.45,0.1179,0.15,0.2,0.2179,0.3,0.4,,,,
STAT,V12.0.0,20260820_055425,INANWP,NA,000000,20260729_230000,000000,20260729_230000,20260729_110000,20260729_110000,NA,RAINNC,"(*,*)",hourlyPrecipRateGC,"(*,*)",mm,mm,gt50,gt50,NA,0.05,CTC,10000.0,,,,,,,,,,,,,,,,,,,,,,,grid_stat_20260729.stat,20260729_230000,,,,,,,,,523.0,194.0,290.0,8911.0
STAT,V12.0.0,20260820_055425,INANWP,NA,000000,20260730_000000,000000,20260730_000000,20260729_120000,20260729_120000,NA,RAINNC,"(*,*)",hourlyPrecipRateGC,"(*,*)",mm,mm,gt0.1,gt0.1,NA,0.05,CNT,10000.0,0.04,7.0,5.0,4.0,4.5,5.0,4.2,0.65,25.0,5.0,0.5,4.0,0.2,0.9,0.1,1.0,0.5,0.2,0.1,0.05,0.04,0.03,grid_stat_20260729.stat,20260730_000000,,,,,,,,,,,,
STAT,V12.0.0,20260820_055425,INANWP,NA,000000,20260730_000000,000000,20260730_000000,20260729_120000,20260729_120000,NA,RAINNC,"(*,*)",hourlyPrecipRateGC,"(*,*)",mm,mm,gt0.1,gt0.1,NA,0.05,CTS,10000.0,,,,,,,,0.85,,,,,,,,,,,,,,,grid_stat_20260729.stat,20260730_000000,0.02,0.45,0.3495,0.15,0.2,0.4495,0.3,0.4,,,,
STAT,V12.0.0,20260820_055425,INANWP,NA,000000,20260730_000000,000000,20260730_000000,20260729_120000,20260729_120000,NA,RAINNC,"(*,*)",hourlyPrecipRateGC,"(*,*)",mm,mm,gt0.1,gt0.1,NA,0.05,CTC,10000.0,,,,,,,,,,,,,,,,,,,,,,,grid_stat_20260729.stat,20260730_000000,,,,,,,,,569.0,182.0,272.0,8934.0
STAT,V12.0.0,20260820_055425,INANWP,NA,000000,20260730_000000,000000,20260730_000000,20260729_120000,20260729_120000,NA,RAINNC,"(*,*)",hourlyPrecipRateGC,"(*,*)",mm,mm,gt1,gt1,NA,0.05,CNT,10000.0,0.04,7.0,5.0,4.0,4.5,5.0,4.2,0.65,25.0,5.0,0.5,4.0,0.2,0.9,0.1,1.0,0.5,0.2,0.1,0.05,0.04,0.03,grid_stat_20260729.stat,20260730_000000,,,,,,,,,,,,
STAT,V12.0.0,20260820_055425,INANWP,NA,000000,20260730_000000,000000,20260730_000000,20260729_120000,20260729_120000,NA,RAINNC,"(*,*)",hourlyPrecipRateGC,"(*,*)",mm,mm,gt1,gt1,NA,0.05,CTS,10000.0,,,,,,,,0.85,,,,,,,,,,,,,,,grid_stat_20260729.stat,20260730_000000,0.02,0.45,0.345,0.15,0.2,0.445,0.3,0.4,,,,
STAT,V12.0.0,20260820_055425,INANWP,NA,000000,20260730_000000,000000,20260730_000000,20260729_120000,20260729_120000,NA,RAINNC,"(*,*)",hourlyPrecipRateGC,"(*,*)",mm,mm,gt1,gt1,NA,0.05,CTC,10000.0,,,,,,,,,,,,,,,,,,,,,,,grid_stat_20260729.stat,20260730_000000,,,,,,,,,569.0,182.0,272.0,8934.0
STAT,V12.0.0,20260820_055425,INANWP,NA,000000,20260730_000000,000000,20260730_000000,20260729_120000,20260729_120000,NA,RAINNC,"(*,*)",hourlyPrecipRateGC,"(*,*)",mm,mm,gt5,gt5,NA,0.05,CNT,10000.0,0.04,7.0,5.0,4.0,4.5,5.0,4.2,0.65,25.0,5.0,0.5,4.0,0.2,0.9,0.1,1.0,0.5,0.2,0.1,0.05,0.04,0.03,grid_stat_20260729.stat,20260730_000000,,,,,,,,,,,,
STAT,V12.0.0,20260820_055425,INANWP,NA,000000,20260730_000000,000000,20260730_000000,20260729_120000,20260729_120000,NA,RAINNC,"(*,*)",hourlyPrecipRateGC,"(*,*)",mm,mm,gt5,gt5,NA,0.05,CTS,10000.0,,,,,,,,0.85,,,,,,,,,,,,,,,grid_stat_20260729.stat,20260730_000000,0.02,0.45,0.325,0.15,0.2,0.425,0.3,0.4,,,,
STAT,V12.0.0,20260820_055425,INANWP,NA,000000,20260730_000000,000000,20260730_000000,20260729_120000,20260729_120000,NA,RAINNC,"(*,*)",hourlyPrecipRateGC,"(*,*)",mm,mm,gt5,gt5,NA,0.05,CTC,10000.0,,,,,,,,,,,,,,,,,,,,,,,grid_stat_20260729.stat,20260730_000000,,,,,,,,,565.0,183.0,274.0,8932.0
STAT,V12.0.0,20260820_055425,INANWP,NA,000000,20260730_000000,000000,20260730_000000,20260729_120000,20260729_120000,NA,RAINNC,"(*,*)",hourlyPrecipRateGC,"(*,*)",mm,mm,gt10,gt10,NA,0.05,CNT,10000.0,0.04,7.0,5.0,4.0,4.5,5.0,4.2,0.65,25.0,5.0,0.5,4.0,0.2,0.9,0.1,1.0,0.5,0.2,0.1,0.05,0.04,0.03,grid_stat_20260729.stat,20260730_000000,,,,,,,,,,,,
STAT,V12.0.0,20260820_055425,INANWP,NA,000000,20260730_000000,000000,20260730_000000,20260729_120000,20260729_120000,NA,RAINNC,"(*,*)",hourlyPrecipRateGC,"(*,*)",mm,mm,gt10,gt10,NA,0.05,CTS,10000.0,,,,,,,,0.85,,,,,,,,,,,,,,,grid_stat_20260729.stat,20260730_000000,0.02,0.45,0.3,0.15,0.2,0.4,0.3,0.4,,,,
STAT,V12.0.0,20260820_055425,INANWP,NA,000000,20260730_000000,000000,20260730_000000,20260729_120000,20260729_120000,NA,RAINNC,"(*,*)",hourlyPrecipRateGC,"(*,*)",mm,mm,gt10,gt10,NA,0.05,CTC,10000.0,,,,,,,,,,,,,,,,,,,,,,,grid_stat_20260729.stat,20260730_000000,,,,,,,,,560.0,185.0,276.0,8930.0
STAT,V12.0.0,20260820_055425,INANWP,NA,000000,20260730_000000,000000,20260730_000000,20260729_120000,20260729_120000,NA,RAINNC,"(*,*)",hourlyPrecipRateGC,"(*,*)",mm,mm,gt20,gt20,NA,0.05,CNT,10000.0,0.04,7.0,5.0,4.0,4.5,5.0,4.2,0.65,25.0,5.0,0.5,4.0,0.2,0.9,0.1,1.0,0.5,0.2,0.1,0.05,0.04,0.03,grid_stat_20260729.stat,20260730_000000,,,,,,,,,,,,
STAT,V12.0.0,20260820_055425,INANWP,NA,000000,20260730_000000,000000,20260730_000000,20260729_120000,20260729_120000,NA,RAINNC,"(*,*)",hourlyPrecipRateGC,"(*,*)",mm,mm,gt20,gt20,NA,0.05,CTS,10000.0,,,,,,,,0.85,,,,,,,,,,,,,,,grid_stat_20260729.stat,20260730_000000,0.02,0.45,0.25,0.15,0.2,0.35,0.3,0.4,,,,
STAT,V12.0.0,20260820_055425,INANWP,NA,000000,20260730_000000,000000,20260730_000000,20260729_120000,20260729_120000,NA,RAINNC,"(*,*)",hourlyPrecipRateGC,"(*,*)",mm,mm,gt20,gt20,NA,0.05,CTC,10000.0,,,,,,,,,,,,,,,,,,,,,,,grid_stat_20260729.stat,20260730_000000,,,,,,,,,550.0,187.0,280.0,8925.0
STAT,V12.0.0,20260820_055425,INANWP,NA,000000,20260730_000000,000000,20260730_000000,20260729_120000,20260729_120000,NA,RAINNC,"(*,*)",hourlyPrecipRateGC,"(*,*)",mm,mm,gt50,gt50,NA,0.05,CNT,10000.0,0.04,7.0,5.0,4.0,4.5,5.0,4.2,0.65,25.0,5.0,0.5,4.0,0.2,0.9,0.1,1.0,0.5,0.2,0.1,0.05,0.04,0.03,grid_stat_20260729.stat,20260730_000000,,,,,,,,,,,,
STAT,V12.0.0,20260820_055425,INANWP,NA,000000,20260730_000000,000000,20260730_000000,20260729_120000,20260729_120000,NA,RAINNC,"(*,*)",hourlyPrecipRateGC,"(*,*)",mm,mm,gt50,gt50,NA,0.05,CTS,10000.0,,,,,,,,0.85,,,,,,,,,,,,,,,grid_stat_20260729.stat,20260730_000000,0.02,0.45,0.1,0.15,0.2,0.2,0.3,0.4,,,,
STAT,V12.0.0,20260820_055425,INANWP,NA,000000,20260730_000000,000000,20260730_000000,20260729_120000,20260729_120000,NA,RAINNC,"(*,*)",hourlyPrecipRateGC,"(*,*)",mm,mm,gt50,gt50,NA,0.05,CTC,10000.0,,,,,,,,,,,,,,,,,,,,,,,grid_stat_20260729.stat,20260730_000000,,,,,,,,,520.0,195.0,292.0,8910.0
STAT,V12.0.0,20260820_055425,INANWP,NA,000000,20260730_010000,000000,20260730_010000,20260729_130000,20260729_130000,NA,RAINNC,"(*,*)",hourlyPrecipRateGC,"(*,*)",mm,mm,gt0.1,gt0.1,NA,0.05,CNT,10000.0,0.045,6.893,4.893,3.893,4.393,4.893,4.093,0.6571,23.94,4.893,0.5,3.914,0.225,0.9,0.1,1.0,0.5,0.2,0.1,0.05,0.04,0.03,grid_stat_20260729.stat,20260730_010000,,,,,,,,,,,,
STAT,V12.0.0,20260820_055425,INANWP,NA,000000,20260730_010000,000000,20260730_010000,20260729_130000,20260729_130000,NA,RAINNC,"(*,*)",hourlyPrecipRateGC,"(*,*)",mm,mm,gt0.1,gt0.1,NA,0.05,CTS,10000.0,,,,,,,,0.85,,,,,,,,,,,,,,,grid_stat_20260729.stat,20260730_010000,0.023,0.45,0.3531,0.15,0.2,0.4531,0.3,0.4,,,,
STAT,V12.0.0,20260820_055425,INANWP,NA,000000,20260730_010000,000000,20260730_010000,20260729_130000,20260729_130000,NA,RAINNC,"(*,*)",hourlyPrecipRateGC,"(*,*)",mm,mm,gt0.1,gt0.1,NA,0.05,CTC,10000.0,,,,,,,,,,,,,,,,,,,,,,,grid_stat_20260729.stat,20260730_010000,,,,,,,,,570.0,182.0,271.0,8935.0
STAT,V12.0.0,20260820_055425,INANWP,NA,000000,20260730_010000,000000,20260730_010000,20260729_130000,20260729_130000,NA,RAINNC,"(*,*)",hourlyPrecipRateGC,"(*,*)",mm,mm,gt1,gt1,NA,0.05,CNT,10000.0,0.045,6.893,4.893,3.893,4.393,4.893,4.093,0.6571,23.94,4.893,0.5,3.914,0.225,0.9,0.1,1.0,0.5,0.2,0.1,0.05,0.04,0.03,grid_stat_20260729.stat,20260730_010000,,,,,,,,,,,,
STAT,V12.0.0,20260820_055425,INANWP,NA,000000,20260730_010000,000000,20260730_010000,20260729_130000,20260729_130000,NA,RAINNC,"(*,*)",hourlyPrecipRateGC,"(*,*)",mm,mm,gt1,gt1,NA,0.05,CTS,10000.0,,,,,,,,0.85,,,,,,,,,,,,,,,grid_stat_20260729.stat,20260730_010000,0.023,0.45,0.3486,0.15,0.2,0.4486,0.3,0.4,,,,
STAT,V12.0.0,20260820_055425,INANWP,NA,000000,20260730_010000,000000,20260730_010000,20260729_130000,20260729_130000,NA,RAINNC,"(*,*)",hourlyPrecipRateGC,"(*,*)",mm,mm,gt1,gt1,NA,0.05,CTC,10000.0,,,,,,,,,,,,,,,,,,,,,,,grid_stat_20260729.stat,20260730_010000,,,,,,,,,569.0,182.0,272.0,8934.0
STAT,V12.0.0,20260820_055425,INANWP,NA,000000,20260730_010000,000000,20260730_010000,20260729_130000,20260729_130000,NA,RAINNC,"(*,*)",hourlyPrecipRateGC,"(*,*)",mm,mm,gt5,gt5,NA,0.05,CNT,10000.0,0.045,6.893,4.893,3.893,4.393,4.893,4.093,0.6571,23.94,4.893,0.5,3.914,0.225,0.9,0.1,1.0,0.5,0.2,0.1,0.05,0.04,0.03,grid_stat_20260729.stat,20260730_010000,,,,,,,,,,,,
STAT,V12.0.0,20260820_055425,INANWP,NA,000000,20260730_010000,000000,20260730_010000,20260729_130000,20260729_130000,NA,RAINNC,"(*,*)",hourlyPrecipRateGC,"(*,*)",mm,mm,gt5,gt5,NA,0.05,CTS,10000.0,,,,,,,,0.85,,,,,,,,,,,,,,,grid_stat_20260729.stat,20260730_010000,0.023,0.45,0.3286,0.15,0.2,0.4286,0.3,0.4,,,,
STAT,V12.0.0,20260820_055425,INANWP,NA,000000,20260730_010000,000000,20260730_010000,20260729_130000,20260729_130000,NA,RAINNC,"(*,*)",hourlyPrecipRateGC,"(*,*)",mm,mm,gt5,gt5,NA,0.05,CTC,10000.0,,,,,,,,,,,,,,,,,,,,,,,grid_stat_20260729.stat,20260730_010000,,,,,,,,,565.0,183.0,273.0,8932.0
STAT,V12.0.0,20260820_055425,INANWP,NA,000000,20260730_010000,000000,20260730_010000,20260729_130000,20260729_130000,NA,RAINNC,"(*,*)",hourlyPrecipRateGC,"(*,*)",mm,mm,gt10,gt10,NA,0.05,CNT,10000.0,0.045,6.893,4.893,3.893,4.393,4.893,4.093,0.6571,23.94,4.893,0.5,3.914,0.225,0.9,0.1,1.0,0.5,0.2,0.1,0.05,0.04,0.03,grid_stat_20260729.stat,20260730_010000,,,,,,,,,,,,
STAT,V12.0.0,20260820_055425,INANWP,NA,000000,20260730_010000,000000,20260730_010000,20260729_130000,20260729_130000,NA,RAINNC,"(*,*)",hourlyPrecipRateGC,"(*,*)",mm,mm,gt10,gt10,NA,0.05,CTS,10000.0,,,,,,,,0.85,,,,,,,,,,,,,,,grid_stat_20260729.stat,20260730_010000,0.023,0.45,0.3036,0.15,0.2,0.4036,0.3,0.4,,,,
STAT,V12.0.0,20260820_055425,INANWP,NA,000000,20260730_010000,000000,20260730_010000,20260729_130000,20260729_130000,NA,RAINNC,"(*,*)",hourlyPrecipRateGC,"(*,*)",mm,mm,gt10,gt10,NA,0.05,CTC,10000.0,,,,,,,,,,,,,,,,,,,,,,,grid_stat_20260729.stat,20260730_010000,,,,,,,,,560.0,184.0,275.0,8930.0
STAT,V12.0.0,20260820_055425,INANWP,NA,000000,20260730_010000,000000,20260730_010000,20260729_130000,20260729_130000,NA,RAINNC,"(*,*)",hourlyPrecipRateGC,"(*,*)",mm,mm,gt20,gt20,NA,0.05,CNT,10000.0,0.045,6.893,4.893,3.893,4.393,4.893,4.093,0.6571,23.94,4.893,0.5,3.914,0.225,0.9,0.1,1.0,0.5,0.2,0.1,0.05,0.04,0.03,grid_stat_20260729.stat,20260730_010000,,,,,,,,,,,,
STAT,V12.0.0,20260820_055425,INANWP,NA,000000,20260730_010000,000000,20260730_010000,20260729_130000,20260729_130000,NA,RAINNC,"(*,*)",hourlyPrecipRateGC,"(*,*)",mm,mm,gt20,gt20,NA,0.05,CTS,10000.0,,,,,,,,0.85,,,,,,,,,,,,,,,grid_stat_20260729.stat,20260730_010000,0.023,0.45,0.2536,0.15,0.2,0.3536,0.3,0.4,,,,
STAT,V12.0.0,20260820_055425,INANWP,NA,000000,20260730_010000,000000,20260730_010000,20260729_130000,20260729_130000,NA,RAINNC,"(*,*)",hourlyPrecipRateGC,"(*,*)",mm,mm,gt20,gt20,NA,0.05,CTC,10000.0,,,,,,,,,,,,,,,,,,,,,,,grid_stat_20260729.stat,20260730_010000,,,,,,,,,550.0,187.0,279.0,8925.0
STAT,V12.0.0,20260820_055425,INANWP,NA,000000,20260730_010000,000000,20260730_010000,20260729_130000,20260729_130000,NA,RAINNC,"(*,*)",hourlyPrecipRateGC,"(*,*)",mm,mm,gt50,gt50,NA,0.05,CNT,10000.0,0.045,6.893,4.893,3.893,4.393,4.893,4.093,0.6571,23.94,4.893,0.5,3.914,0.225,0.9,0.1,1.0,0.5,0.2,0.1,0.05,0.04,0.03,grid_stat_20260729.stat,20260730_010000,,,,,,,,,,,,
STAT,V12.0.0,20260820_055425,INANWP,NA,000000,20260730_010000,000000,20260730_010000,20260729_130000,20260729_130000,NA,RAINNC,"(*,*)",hourlyPrecipRateGC,"(*,*)",mm,mm,gt50,gt50,NA,0.05,CTS,10000.0,,,,,,,,0.85,,,,,,,,,,,,,,,grid_stat_20260729.stat,20260730_010000,0.023,0.45,0.1036,0.15,0.2,0.2036,0.3,0.4,,,,
STAT,V12.0.0,20260820_055425,INANWP,NA,000000,20260730_010000,000000,20260730_010000,20260729_130000,20260729_130000,NA,RAINNC,"(*,*)",hourlyPrecipRateGC,"(*,*)",mm,mm,gt50,gt50,NA,0.05,CTC,10000.0,,,,,,,,,,,,,,,,,,,,,,,grid_stat_20260729.stat,20260730_010000,,,,,,,,,520.0,194.0,291.0,8910.0
STAT,V12.0.0,20260820_055425,INANWP,NA,000000,20260730_020000,000000,20260730_020000,20260729_140000,20260729_140000,NA,RAINNC,"(*,*)",hourlyPrecipRateGC,"(*,*)",mm,mm,gt0.1,gt0.1,NA,0.05,CNT,10000.0,0.05,6.786,4.786,3.786,4.286,4.786,3.986,0.6643,22.903,4.786,0.5,3.829,0.25,0.9,0.1,1.0,0.5,0.2,0.1,0.05,0.04,0.03,grid_stat_20260729.stat,20260730_020000,,,,,,,,,,,,
STAT,V12.0.0,20260820_055425,INANWP,NA,000000,20260730_020000,000000,20260730_020000,20260729_140000,20260729_140000,NA,RAINNC,"(*,*)",hourlyPrecipRateGC,"(*,*)",mm,mm,gt0.1,gt0.1,NA,0.05,CTS,10000.0,,,,,,,,0.85,,,,,,,,,,,,,,,grid_stat_20260729.stat,20260730_020000,0.025,0.45,0.3566,0.15,0.2,0.4566,0.3,0.4,,,,
STAT,V12.0.0,20260820_055425,INANWP,NA,000000,20260730_020000,000000,20260730_020000,20260729_140000,20260729_140000,NA,RAINNC,"(*,*)",hourlyPrecipRateGC,"(*,*)",mm,mm,gt0.1,gt0.1,NA,0.05,CTC,10000.0,,,,,,,,,,,,,,,,,,,,,,,grid_stat_20260729.stat,20260730_020000,,,,,,,,,571.0,182.0,271.0,8935.0
STAT,V12.0.0,20260820_055425,INANWP,NA,000000,20260730_020000,000000,20260730_020000,20260729_140000,20260729_140000,NA,RAINNC,"(*,*)",hourlyPrecipRateGC,"(*,*)",mm,mm,gt1,gt1,NA,0.05,CNT,10000.0,0.05,6.786,4.786,3.786,4.286,4.786,3.986,0.6643,22.903,4.786,0.5,3.829,0.25,0.9,0.1,1.0,0.5,0.2,0.1,0.05,0.04,0.03,grid_stat_20260729.stat,20260730_020000,,,,,,,,,,,,
STAT,V12.0.0,20260820_055425,INANWP,NA,000000,20260730_020000,000000,20260730_020000,20260729_140000,20260729_140000,NA,RAINNC,"(*,*)",hourlyPrecipRateGC,"(*,*)",mm,mm,gt1,gt1,NA,0.05,CTS,10000.0,,,,,,,,0.85,,,,,,,,,,,,,,,grid_stat_20260729.stat,20260730_020000,0.025,0.45,0.3521,0.15,0.2,0.4521,0.3,0.4,,,,
STAT,V12.0.0,20260820_055425,INANWP,NA,000000,20260730_020000,000000,20260730_020000,20260729_140000,20260729_140000,NA,RAINNC,"(*,*)",hourlyPrecipRateGC,"(*,*)",mm,mm,gt1,gt1,NA,0.05,CTC,10000.0,,,,,,,,,,,,,,,,,,,,,,,grid_stat_20260729.stat,20260730_020000,,,,,,,,,570.0,182.0,271.0,8935.0
STAT,V12.0.0,20260820_055425,INANWP,NA,000000,20260730_020000,000000,20260730_020000,20260729_140000,20260729_140000,NA,RAINNC,"(*,*)",hourlyPrecipRateGC,"(*,*)",mm,mm,gt5,gt5,NA,0.05,CNT,10000.0,0.05,6.786,4.786,3.786,4.286,4.786,3.986,0.6643,22.903,4.786,0.5,3.829,0.25,0.9,0.1,1.0,0.5,0.2,0.1,0.05,0.04,0.03,grid_stat_20260729.stat,20260730_020000,,,,,,,,,,,,
STAT,V12.0.0,20260820_055425,INANWP,NA,000000,20260730_020000,000000,20260730_020000,20260729_140000,20260729_140000,NA,RAINNC,"(*,*)",hourlyPrecipRateGC,"(*,*)",mm,mm,gt5,gt5,NA,0.05,CTS,10000.0,,,,,,,,0.85,,,,,,,,,,,,,,,grid_stat_20260729.stat,20260730_020000,0.025,0.45,0.3321,0.15,0.2,0.4321,0.3,0.4,,,,
STAT,V12.0.0,20260820_055425,INANWP,NA,000000,20260730_020000,000000,20260730_020000,20260729_140000,20260729_140000,NA,RAINNC,"(*,*)",hourlyPrecipRateGC,"(*,*)",mm,mm,gt5,gt5,NA,0.05,CTC,10000.0,,,,,,,,,,,,,,,,,,,,,,,grid_stat_20260729.stat,20260730_020000,,,,,,,,,566.0,183.0,273.0,8933.0
STAT,V12.0.0,20260820_055425,INANWP,NA,000000,20260730_020000,000000,20260730_020000,20260729_140000,20260729_140000,NA,RAINNC,"(*,*)",hourlyPrecipRateGC,"(*,*)",mm,mm,gt10,gt10,NA,0.05,CNT,10000.0,0.05,6.786,4.786,3.786,4.286,4.786,3.986,0.6643,22.903,4.786,0.5,3.829,0.25,0.9,0.1,1.0,0.5,0.2,0.1,0.05,0.04,0.03,grid_stat_20260729.stat,20260730_020000,,,,,,,,,,,,
STAT,V12.0.0,20260820_055425,INANWP,NA,000000,20260730_020000,000000,20260730_020000,20260729_140000,20260729_140000,NA,RAINNC,"(*,*)",hourlyPrecipRateGC,"(*,*)",mm,mm,gt10,gt10,NA,0.05,CTS,10000.0,,,,,,,,0.85,,,,,,,,,,,,,,,grid_stat_20260729.stat,20260730_020000,0.025,0.45,0.3071,0.15,0.2,0.4071,0.3,0.4,,,,
STAT,V12.0.0,20260820_055425,INANWP,NA,000000,20260730_020000,000000,20260730_020000,20260729_140000,20260729_140000,NA,RAINNC,"(*,*)",hourlyPrecipRateGC,"(*,*)",mm,mm,gt10,gt10,NA,0.05,CTC,10000.0,,,,,,,,,,,,,,,,,,,,,,,grid_stat_20260729.stat,20260730_020000,,,,,,,,,561.0,184.0,275.0,8930.0
STAT,V12.0.0,20260820_055425,INANWP,NA,000000,20260730_020000,000000,20260730_020000,20260729_140000,20260729_140000,NA,RAINNC,"(*,*)",hourlyPrecipRateGC,"(*,*)",mm,mm,gt20,gt20,NA,0.05,CNT,10000.0,0.05,6.786,4.786,3.786,4.286,4.786,3.986,0.6643,22.903,4.786,0.5,3.829,0.25,0.9,0.1,1.0,0.5,0.2,0.1,0.05,0.04,0.03,grid_stat_20260729.stat,20260730_020000,,,,,,,,,,,,
STAT,V12.0.0,20260820_055425,INANWP,NA,000000,20260730_020000,000000,20260730_020000,20260729_140000,20260729_140000,NA,RAINNC,"(*,*)",hourlyPrecipRateGC,"(*,*)",mm,mm,gt20,gt20,NA,0.05,CTS,10000.0,,,,,,,,0.85,,,,,,,,,,,,,,,grid_stat_20260729.stat,20260730_020000,0.025,0.45,0.2571,0.15,0.2,0.3571,0.3,0.4,,,,
STAT,V12.0.0,20260820_055425,INANWP,NA,000000,20260730_020000,000000,20260730_020000,20260729_140000,20260729_140000,NA,RAINNC,"(*,*)",hourlyPrecipRateGC,"(*,*)",mm,mm,gt20,gt20,NA,0.05,CTC,10000.0,,,,,,,,,,,,,,,,,,,,,,,grid_stat_20260729.stat,20260730_020000,,,,,,,,,551.0,187.0,279.0,8925.0
STAT,V12.0.0,20260820_055425,INANWP,NA,000000,20260730_020000,000000,20260730_020000,20260729_140000,20260729_140000,NA,RAINNC,"(*,*)",hourlyPrecipRateGC,"(*,*)",mm,mm,gt50,gt50,NA,0.05,CNT,10000.0,0.05,6.786,4.786,3.786,4.286,4.786,3.986,0.6643,22.903,4.786,0.5,3.829,0.25,0.9,0.1,1.0,0.5,0.2,0.1,0.05,0.04,0.03,grid_stat_20260729.stat,20260730_020000,,,,,,,,,,,,
STAT,V12.0.0,20260820_055425,INANWP,NA,000000,20260730_020000,000000,20260730_020000,20260729_140000,20260729_140000,NA,RAINNC,"(*,*)",hourlyPrecipRateGC,"(*,*)",mm,mm,gt50,gt50,NA,0.05,CTS,10000.0,,,,,,,,0.85,,,,,,,,,,,,,,,grid_stat_20260729.stat,20260730_020000,0.025,0.45,0.1071,0.15,0.2,0.2071,0.3,0.4,,,,
STAT,V12.0.0,20260820_055425,INANWP,NA,000000,20260730_020000,000000,20260730_020000,20260729_140000,20260729_140000,NA,RAINNC,"(*,*)",hourlyPrecipRateGC,"(*,*)",mm,mm,gt50,gt50,NA,0.05,CTC,10000.0,,,,,,,,,,,,,,,,,,,,,,,grid_stat_20260729.stat,20260730_020000,,,,,,,,,521.0,194.0,291.0,8910.0
STAT,V12.0.0,20260820_055425,INANWP,NA,000000,20260730_030000,000000,20260730_030000,20260729_150000,20260729_150000,NA,RAINNC,"(*,*)",hourlyPrecipRateGC,"(*,*)",mm,mm,gt0.1,gt0.1,NA,0.05,CNT,10000.0,0.055,6.679,4.679,3.679,4.179,4.679,3.879,0.6714,21.889,4.679,0.5,3.743,0.275,0.9,0.1,1.0,0.5,0.2,0.1,0.05,0.04,0.03,grid_stat_20260729.stat,20260730_030000,,,,,,,,,,,,
STAT,V12.0.0,20260820_055425,INANWP,NA,000000,20260730_030000,000000,20260730_030000,20260729_150000,20260729_150000,NA,RAINNC,"(*,*)",hourlyPrecipRateGC,"(*,*)",mm,mm,gt0.1,gt0.1,NA,0.05,CTS,10000.0,,,,,,,,0.85,,,,,,,,,,,,,,,grid_stat_20260729.stat,20260730_030000,0.028,0.45,0.3602,0.15,0.2,0.4602,0.3,0.4,,,,
STAT,V12.0.0,20260820_055425,INANWP,NA,000000,20260730_030000,000000,20260730_030000,20260729_150000,20260729_150000,NA,RAINNC,"(*,*)",hourlyPrecipRateGC,"(*,*)",mm,mm,gt0.1,gt0.1,NA,0.05,CTC,10000.0,,,,,,,,,,,,,,,,,,,,,,,grid_stat_20260729.stat,20260730_030000,,,,,,,,,572.0,181.0,271.0,8936.0
STAT,V12.0.0,20260820_055425,INANWP,NA,000000,20260730_030000,000000,20260730_030000,20260729_150000,20260729_150000,NA,RAINNC,"(*,*)",hourlyPrecipRateGC,"(*,*)",mm,mm,gt1,gt1,NA,0.05,CNT,10000.0,0.055,6.679,4.679,3.679,4.179,4.679,3.879,0.6714,21.889,4.679,0.5,3.743,0.275,0.9,0.1,1.0,0.5,0.2,0.1,0.05,0.04,0.03,grid_stat_20260729.stat,20260730_030000,,,,,,,,,,,,
STAT,V12.0.0,20260820_055425,INANWP,NA,000000,20260730_030000,000000,20260730_030000,20260729_150000,20260729_150000,NA,RAINNC,"(*,*)",hourlyPrecipRateGC,"(*,*)",mm,mm,gt1,gt1,NA,0.05,CTS,10000.0,,,,,,,,0.85,,,,,,,,,,,,,,,grid_stat_20260729.stat,20260730_030000,0.028,0.45,0.3557,0.15,0.2,0.4557,0.3,0.4,,,,
STAT,V12.0.0,20260820_055425,INANWP,NA,000000,20260730_030000,000000,20260730_030000,20260729_150000,20260729_150000,NA,RAINNC,"(*,*)",hourlyPrecipRateGC,"(*,*)",mm,mm,gt1,gt1,NA,0.05,CTC,10000.0,,,,,,,,,,,,,,,,,,,,,,,grid_stat_20260729.stat,20260730_030000,,,,,,,,,571.0,182.0,271.0,8935.0
STAT,V12.0.0,20260820_055425,INANWP,NA,000000,20260730_030000,000000,20260730_030000,20260729_150000,20260729_150000,NA,RAINNC,"(*,*)",hourlyPrecipRateGC,"(*,*)",mm,mm,gt5,gt5,NA,0.05,CNT,10000.0,0.055,6.679,4.679,3.679,4.179,4.679,3.879,0.6714,21.889,4.679,0.5,3.743,0.275,0.9,0.1,1.0,0.5,0.2,0.1,0.05,0.04,0.03,grid_stat_20260729.stat,20260730_030000,,,,,,,,,,,,
STAT,V12.0.0,20260820_055425,INANWP,NA,000000,20260730_030000,000000,20260730_030000,20260729_150000,20260729_150000,NA,RAINNC,"(*,*)",hourlyPrecipRateGC,"(*,*)",mm,mm,gt5,gt5,NA,0.05,CTS,10000.0,,,,,,,,0.85,,,,,,,,,,,,,,,grid_stat_20260729.stat,20260730_030000,0.028,0.45,0.3357,0.15,0.2,0.4357,0.3,0.4,,,,
STAT,V12.0.0,20260820_055425,INANWP,NA,000000,20260730_030000,000000,20260730_030000,20260729_150000,20260729_150000,NA,RAINNC,"(*,*)",hourlyPrecipRateGC,"(*,*)",mm,mm,gt5,gt5,NA,0.05,CTC,10000.0,,,,,,,,,,,,,,,,,,,,,,,grid_stat_20260729.stat,20260730_030000,,,,,,,,,567.0,183.0,273.0,8933.0
STAT,V12.0.0,20260820_055425,INANWP,NA,000000,20260730_030000,000000,20260730_030000,20260729_150000,20260729_150000,NA,RAINNC,"(*,*)",hourlyPrecipRateGC,"(*,*)",mm,mm,gt10,gt10,NA,0.05,CNT,10000.0,0.055,6.679,4.679,3.679,4.179,4.679,3.879,0.6714,21.889,4.679,0.5,3.743,0.275,0.9,0.1,1.0,0.5,0.2,0.1,0.05,0.04,0.03,grid_stat_20260729.stat,20260730_030000,,,,,,,,,,,,
STAT,V12.0.0,20260820_055425,INANWP,NA,000000,20260730_030000,000000,20260730_030000,20260729_150000,20260729_150000,NA,RAINNC,"(*,*)",hourlyPrecipRateGC,"(*,*)",mm,mm,gt10,gt10,NA,0.05,CTS,10000.0,,,,,,,,0.85,,,,,,,,,,,,,,,grid_stat_20260729.stat,20260730_030000,0.028,0.45,0.3107,0.15,0.2,0.4107,0.3,0.4,,,,
STAT,V12.0.0,20260820_055425,INANWP,NA,000000,20260730_030000,000000,20260730_030000,20260729_150000,20260729_150000,NA,RAINNC,"(*,*)",hourlyPrecipRateGC,"(*,*)",mm,mm,gt10,gt10,NA,0.05,CTC,10000.0,,,,,,,,,,,,,,,,,,,,,,,grid_stat_20260729.stat,20260730_030000,,,,,,,,,562.0,184.0,275.0,8931.0
STAT,V12.0.0,20260820_055425,INANWP,NA,000000,20260730_030000,000000,20260730_030000,20260729_150000,20260729_150000,NA,RAINNC,"(*,*)",hourlyPrecipRateGC,"(*,*)",mm,mm,gt20,gt20,NA,0.05,CNT,10000.0,0.055,6.679,4.679,3.679,4.179,4.679,3.879,0.6714,21.889,4.679,0.5,3.743,0.275,0.9,0.1,1.0,0.5,0.2,0.1,0.05,0.04,0.03,grid_stat_20260729.stat,20260730_030000,,,,,,,,,,,,
STAT,V12.0.0,20260820_055425,INANWP,NA,000000,20260730_030000,000000,20260730_030000,20260729_150000,20260729_150000,NA,RAINNC,"(*,*)",hourlyPrecipRateGC,"(*,*)",mm,mm,gt20,gt20,NA,0.05,CTS,10000.0,,,,,,,,0.85,,,,,,,,,,,,,,,grid_stat_20260729.stat,20260730_030000,0.028,0.45,0.2607,0.15,0.2,0.3607,0.3,0.4,,,,
STAT,V12.0.0,20260820_055425,INANWP,NA,000000,20260730_030000,000000,20260730_030000,20260729_150000,20260729_150000,NA,RAINNC,"(*,*)",hourlyPrecipRateGC,"(*,*)",mm,mm,gt20,gt20,NA,0.05,CTC,10000.0,,,,,,,,,,,,,,,,,,,,,,,grid_stat_20260729.stat,20260730_030000,,,,,,,,,552.0,186.0,279.0,8926.0
STAT,V12.0.0,20260820_055425,INANWP,NA,000000,20260730_030000,000000,20260730_030000,20260729_150000,20260729_150000,NA,RAINNC,"(*,*)",hourlyPrecipRateGC,"(*,*)",mm,mm,gt50,gt50,NA,0.05,CNT,10000.0,0.055,6.679,4.679,3.679,4.179,4.679,3.879,0.6714,21.889,4.679,0.5,3.743,0.275,0.9,0.1,1.0,0.5,0.2,0.1,0.05,0.04,0.03,grid_stat_20260729.stat,20260730_030000,,,,,,,,,,,,
STAT,V12.0.0,20260820_055425,INANWP,NA,000000,20260730_030000,000000,20260730_030000,20260729_150000,20260729_150000,NA,RAINNC,"(*,*)",hourlyPrecipRateGC,"(*,*)",mm,mm,gt50,gt50,NA,0.05,CTS,10000.0,,,,,,,,0.85,,,,,,,,,,,,,,,grid_stat_20260729.stat,20260730_030000,0.028,0.45,0.1107,0.15,0.2,0.2107,0.3,0.4,,,,
STAT,V12.0.0,20260820_055425,INANWP,NA,000000,20260730_030000,000000,20260730_030000,20260729_150000,20260729_150000,NA,RAINNC,"(*,*)",hourlyPrecipRateGC,"(*,*)",mm,mm,gt50,gt50,NA,0.05,CTC,10000.0,,,,,,,,,,,,,,,,,,,,,,,grid_stat_20260729.stat,20260730_030000,,,,,,,,,522.0,194.0,291.0,8911.0
STAT,V12.0.0,20260820_055425,INANWP,NA,000000,20260730_040000,000000,20260730_040000,20260729_160000,20260729_160000,NA,RAINNC,"(*,*)",hourlyPrecipRateGC,"(*,*)",mm,mm,gt0.1,gt0.1,NA,0.05,CNT,10000.0,0.06,6.571,4.571,3.571,4.071,4.571,3.771,0.6786,20.898,4.571,0.5,3.657,0.3,0.9,0.1,1.0,0.5,0.2,0.1,0.05,0.04,0.03,grid_stat_20260729.stat,20260730_040000,,,,,,,,,,,,
STAT,V12.0.0,20260820_055425,INANWP,NA,000000,20260730_040000,000000,20260730_040000,20260729_160000,20260729_160000,NA,RAINNC,"(*,*)",hourlyPrecipRateGC,"(*,*)",mm,mm,gt0.1,gt0.1,NA,0.05,CTS,10000.0,,,,,,,,0.85,,,,,,,,,,,,,,,grid_stat_20260729.stat,20260730_040000,0.03,0.45,0.3638,0.15,0.2,0.4638,0.3,0.4,,,,
STAT,V12.0.0,20260820_055425,INANWP,NA,000000,20260730_040000,000000,20260730_040000,20260729_160000,20260729_160000,NA,RAINNC,"(*,*)",hourlyPrecipRateGC,"(*,*)",mm,mm,gt0.1,gt0.1,NA,0.05,CTC,10000.0,,,,,,,,,,,,,,,,,,,,,,,grid_stat_20260729.stat,20260730_040000,,,,,,,,,572.0,181.0,270.0,8936.0
STAT,V12.0.0,20260820_055425,INANWP,NA,000000,20260730_040000,000000,20260730_040000,20260729_160000,20260729_160000,NA,RAINNC,"(*,*)",hourlyPrecipRateGC,"(*,*)",mm,mm,gt1,gt1,NA,0.05,CNT,10000.0,0.06,6.571,4.571,3.571,4.071,4.571,3.771,0.6786,20.898,4.571,0.5,3.657,0.3,0.9,0.1,1.0,0.5,0.2,0.1,0.05,0.04,0.03,grid_stat_20260729.stat,20260730_040000,,,,,,,,,,,,
STAT,V12.0.0,20260820_055425,INANWP,NA,000000,20260730_040000,000000,20260730_040000,20260729_160000,20260729_160000,NA,RAINNC,"(*,*)",hourlyPrecipRateGC,"(*,*)",mm,mm,gt1,gt1,NA,0.05,CTS,10000.0,,,,,,,,0.85,,,,,,,,,,,,,,,grid_stat_20260729.stat,20260730_040000,0.03,0.45,0.3593,0.15,0.2,0.4593,0.3,0.4,,,,
STAT,V12.0.0,20260820_055425,INANWP,NA,000000,20260730_040000,000000,20260730_040000,20260729_160000,20260729_160000,NA,RAINNC,"(*,*)",hourlyPrecipRateGC,"(*,*)",mm,mm,gt1,gt1,NA,0.05,CTC,10000.0,,,,,,,,,,,,,,,,,,,,,,,grid_stat_20260729.stat,20260730_040000,,,,,,,,,571.0,182.0,271.0,8935.0
STAT,V12.0.0,20260820_055425,INANWP,NA,000000,20260730_040000,000000,20260730_040000,20260729_160000,20260729_160000,NA,RAINNC,"(*,*)",hourlyPrecipRateGC,"(*,*)",mm,mm,gt5,gt5,NA,0.05,CNT,10000.0,0.06,6.571,4.571,3.571,4.071,4.571,3.771,0.6786,20.898,4.571,0.5,3.657,0.3,0.9,0.1,1.0,0.5,0.2,0.1,0.05,0.04,0.03,grid_stat_20260729.stat,20260730_040000,,,,,,,,,,,,
STAT,V12.0.0,20260820_055425,INANWP,NA,000000,20260730_040000,000000,20260730_040000,20260729_160000,20260729_160000,NA,RAINNC,"(*,*)",hourlyPrecipRateGC,"(*,*)",mm,mm,gt5,gt5,NA,0.05,CTS,10000.0,,,,,,,,0.85,,,,,,,,,,,,,,,grid_stat_20260729.stat,20260730_040000,0.03,0.45,0.3393,0.15,0.2,0.4393,0.3,0.4,,,,
STAT,V12.0.0,20260820_055425,INANWP,NA,000000,20260730_040000,000000,20260730_040000,20260729_160000,20260729_160000,NA,RAINNC,"(*,*)",hourlyPrecipRateGC,"(*,*)",mm,mm,gt5,gt5,NA,0.05,CTC,10000.0,,,,,,,,,,,,,,,,,,,,,,,grid_stat_20260729.stat,20260730_040000,,,,,,,,,567.0,183.0,272.0,8933.0
STAT,V12.0.0,20260820_055425,INANWP,NA,000000,20260730_040000,000000,20260730_040000,20260729_160000,20260729_160000,NA,RAINNC,"(*,*)",hourlyPrecipRateGC,"(*,*)",mm,mm,gt10,gt10,NA,0.05,CNT,10000.0,0.06,6.571,4.571,3.571,4.071,4.571,3.771,0.6786,20.898,4.571,0.5,3.657,0.3,0.9,0.1,1.0,0.5,0.2,0.1,0.05,0.04,0.03,grid_stat_20260729.stat,20260730_040000,,,,,,,,,,,,
STAT,V12.0.0,20260820_055425,INANWP,NA,000000,20260730_040000,000000,20260730_040000,20260729_160000,20260729_160000,NA,RAINNC,"(*,*)",hourlyPrecipRateGC,"(*,*)",mm,mm,gt10,gt10,NA,0.05,CTS,10000.0,,,,,,,,0.85,,,,,,,,,,,,,,,grid_stat_20260729.stat,20260730_040000,0.03,0.45,0.3143,0.15,0.2,0.4143,0.3,0.4,,,,
STAT,V12.0.0,20260820_055425,INANWP,NA,000000,20260730_040000,000000,20260730_040000,20260729_160000,20260729_160000,NA,RAINNC,"(*,*)",hourlyPrecipRateGC,"(*,*)",mm,mm,gt10,gt10,NA,0.05,CTC,10000.0,,,,,,,,,,,,,,,,,,,,,,,grid_stat_20260729.stat,20260730_040000,,,,,,,,,562.0,184.0,274.0,8931.0
STAT,V12.0.0,20260820_055425,INANWP,NA,000000,20260730_040000,000000,20260730_040000,20260729_160000,20260729_160000,NA,RAINNC,"(*,*)",hourlyPrecipRateGC,"(*,*)",mm,mm,gt20,gt20,NA,0.05,CNT,10000.0,0.06,6.571,4.571,3.571,4.071,4.571,3.771,0.6786,20.898,4.571,0.5,3.657,0.3,0.9,0.1,1.0,0.5,0.2,0.1,0.05,0.04,0.03,grid_stat_20260729.stat,20260730_040000,,,,,,,,,,,,
STAT,V12.0.0,20260820_055425,INANWP,NA,000000,20260730_040000,000000,20260730_040000,20260729_160000,20260729_160000,NA,RAINNC,"(*,*)",hourlyPrecipRateGC,"(*,*)",mm,mm,gt20,gt20,NA,0.05,CTS,10000.0,,,,,,,,0.85,,,,,,,,,,,,,,,grid_stat_20260729.stat,20260730_040000,0.03,0.45,0.2643,0.15,0.2,0.3643,0.3,0.4,,,,
STAT,V12.0.0,20260820_055425,INANWP,NA,000000,20260730_040000,000000,20260730_040000,20260729_160000,20260729_160000,NA,RAINNC,"(*,*)",hourlyPrecipRateGC,"(*,*)",mm,mm,gt20,gt20,NA,0.05,CTC,10000.0,,,,,,,,,,,,,,,,,,,,,,,grid_stat_20260729.stat,20260730_040000,,,,,,,,,552.0,186.0,278.0,8926.0
STAT,V12.0.0,20260820_055425,INANWP,NA,000000,20260730_040000,000000,20260730_040000,20260729_160000,20260729_160000,NA,RAINNC,"(*,*)",hourlyPrecipRateGC,"(*,*)",mm,mm,gt50,gt50,NA,0.05,CNT,10000.0,0.06,6.571,4.571,3.571,4.071,4.571,3.771,0.6786,20.898,4.571,0.5,3.657,0.3,0.9,0.1,1.0,0.5,0.2,0.1,0.05,0.04,0.03,grid_stat_20260729.stat,20260730_040000,,,,,,,,,,,,
STAT,V12.0.0,20260820_055425,INANWP,NA,000000,20260730_040000,000000,20260730_040000,20260729_160000,20260729_160000,NA,RAINNC,"(*,*)",hourlyPrecipRateGC,"(*,*)",mm,mm,gt50,gt50,NA,0.05,CTS,10000.0,,,,,,,,0.85,,,,,,,,,,,,,,,grid_stat_20260729.stat,20260730_040000,0.03,0.45,0.1143,0.15,0.2,0.2143,0.3,0.4,,,,
STAT,V12.0.0,20260820_055425,INANWP,NA,000000,20260730_040000,000000,20260730_040000,20260729_160000,20260729_160000,NA,RAINNC,"(*,*)",hourlyPrecipRateGC,"(*,*)",mm,mm,gt50,gt50,NA,0.05,CTC,10000.0,,,,,,,,,,,,,,,,,,,,,,,grid_stat_20260729.stat,20260730_040000,,,,,,,,,522.0,194.0,290.0,8911.0
STAT,V12.0.0,20260820_055425,INANWP,NA,000000,20260730_050000,000000,20260730_050000,20260729_170000,20260729_170000,NA,RAINNC,"(*,*)",hourlyPrecipRateGC,"(*,*)",mm,mm,gt0.1,gt0.1,NA,0.05,CNT,10000.0,0.065,6.464,4.464,3.464,3.964,4.464,3.664,0.6857,19.93,4.464,0.5,3.571,0.325,0.9,0.1,1.0,0.5,0.2,0.1,0.05,0.04,0.03,grid_stat_20260729.stat,20260730_050000,,,,,,,,,,,,
STAT,V12.0.0,20260820_055425,INANWP,NA,000000,20260730_050000,000000,20260730_050000,20260729_170000,20260729_170000,NA,RAINNC,"(*,*)",hourlyPrecipRateGC,"(*,*)",mm,mm,gt0.1,gt0.1,NA,0.05,CTS,10000.0,,,,,,,,0.85,,,,,,,,,,,,,,,grid_stat_20260729.stat,20260730_050000,0.032,0.45,0.3674,0.15,0.2,0.4674,0.3,0.4,,,,
STAT,V12.0.0,20260820_055425,INANWP,NA,000000,20260730_050000,000000,20260730_050000,20260729_170000,20260729_170000,NA,RAINNC,"(*,*)",hourlyPrecipRateGC,"(*,*)",mm,mm,gt0.1,gt0.1,NA,0.05,CTC,10000.0,,,,,,,,,,,,,,,,,,,,,,,grid_stat_20260729.stat,20260730_050000,,,,,,,,,573.0,181.0,270.0,8936.0
STAT,V12.0.0,20260820_055425,INANWP,NA,000000,20260730_050000,000000,20260730_050000,20260729_170000,20260729_170000,NA,RAINNC,"(*,*)",hourlyPrecipRateGC,"(*,*)",mm,mm,gt1,gt1,NA,0.05,CNT,10000.0,0.065,6.464,4.464,3.464,3.964,4.464,3.664,0.6857,19.93,4.464,0.5,3.571,0.325,0.9,0.1,1.0,0.5,0.2,0.1,0.05,0.04,0.03,grid_stat_20260729.stat,20260730_050000,,,,,,,,,,,,
STAT,V12.0.0,20260820_055425,INANWP,NA,000000,20260730_050000,000000,20260730_050000,20260729_170000,20260729_170000,NA,RAINNC,"(*,*)",hourlyPrecipRateGC,"(*,*)",mm,mm,gt1,gt1,NA,0.05,CTS,10000.0,,,,,,,,0.85,,,,,,,,,,,,,,,grid_stat_20260729.stat,20260730_050000,0.032,0.45,0.3629,0.15,0.2,0.4629,0.3,0.4,,,,
STAT,V12.0.0,20260820_055425,INANWP,NA,000000,20260730_050000,000000,20260730_050000,20260729_170000,20260729_170000,NA,RAINNC,"(*,*)",hourlyPrecipRateGC,"(*,*)",mm,mm,gt1,gt1,NA,0.05,CTC,10000.0,,,,,,,,,,,,,,,,,,,,,,,grid_stat_20260729.stat,20260730_050000,,,,,,,,,572.0,181.0,270.0,8936.0
STAT,V12.0.0,20260820_055425,INANWP,NA,000000,20260730_050000,000000,20260730_050000,20260729_170000,20260729_170000,NA,RAINNC,"(*,*)",hourlyPrecipRateGC,"(*,*)",mm,mm,gt5,gt5,NA,0.05,CNT,10000.0,0.065,6.464,4.464,3.464,3.964,4.464,3.664,0.6857,19.93,4.464,0.5,3.571,0.325,0.9,0.1,1.0,0.5,0.2,0.1,0.05,0.04,0.03,grid_stat_20260729.stat,20260730_050000,,,,,,,,,,,,
STAT,V12.0.0,20260820_055425,INANWP,NA,000000,20260730_050000,000000,20260730_050000,20260729_170000,20260729_170000,NA,RAINNC,"(*,*)",hourlyPrecipRateGC,"(*,*)",mm,mm,gt5,gt5,NA,0.05,CTS,10000.0,,,,,,,,0.85,,,,,,,,,,,,,,,grid_stat_20260729.stat,20260730_050000,0.032,0.45,0.3429,0.15,0.2,0.4429,0.3,0.4,,,,
STAT,V12.0.0,20260820_055425,INANWP,NA,000000,20260730_050000,000000,20260730_050000,20260729_170000,20260729_170000,NA,RAINNC,"(*,*)",hourlyPrecipRateGC,"(*,*)",mm,mm,gt5,gt5,NA,0.05,CTC,10000.0,,,,,,,,,,,,,,,,,,,,,,,grid_stat_20260729.stat,20260730_050000,,,,,,,,,568.0,182.0,272.0,8934.0
STAT,V12.0.0,20260820_055425,INANWP,NA,000000,20260730_050000,000000,20260730_050000,20260729_170000,20260729_170000,NA,RAINNC,"(*,*)",hourlyPrecipRateGC,"(*,*)",mm,mm,gt10,gt10,NA,0.05,CNT,10000.0,0.065,6.464,4.464,3.464,3.964,4.464,3.664,0.6857,19.93,4.464,0.5,3.571,0.325,0.9,0.1,1.0,0.5,0.2,0.1,0.05,0.04,0.03,grid_stat_20260729.stat,20260730_050000,,,,,,,,,,,,
STAT,V12.0.0,20260820_055425,INANWP,NA,000000,20260730_050000,000000,20260730_050000,20260729_170000,20260729_170000,NA,RAINNC,"(*,*)",hourlyPrecipRateGC,"(*,*)",mm,mm,gt10,gt10,NA,0.05,CTS,10000.0,,,,,,,,0.85,,,,,,,,,,,,,,,grid_stat_20260729.stat,20260730_050000,0.032,0.45,0.3179,0.15,0.2,0.4179,0.3,0.4,,,,
STAT,V12.0.0,20260820_055425,INANWP,NA,000000,20260730_050000,000000,20260730_050000,20260729_170000,20260729_170000,NA,RAINNC,"(*,*)",hourlyPrecipRateGC,"(*,*)",mm,mm,gt10,gt10,NA,0.05,CTC,10000.0,,,,,,,,,,,,,,,,,,,,,,,grid_stat_20260729.stat,20260730_050000,,,,,,,,,563.0,184.0,274.0,8931.0
STAT,V12.0.0,20260820_055425,INANWP,NA,000000,20260730_050000,000000,20260730_050000,20260729_170000,20260729_170000,NA,RAINNC,"(*,*)",hourlyPrecipRateGC,"(*,*)",mm,mm,gt20,gt20,NA,0.05,CNT,10000.0,0.065,6.464,4.464,3.464,3.964,4.464,3.664,0.6857,19.93,4.464,0.5,3.571,0.325,0.9,0.1,1.0,0.5,0.2,0.1,0.05,0.04,0.03,grid_stat_20260729.stat,20260730_050000,,,,,,,,,,,,
STAT,V12.0.0,20260820_055425,INANWP,NA,000000,20260730_050000,000000,20260730_050000,20260729_170000,20260729_170000,NA,RAINNC,"(*,*)",hourlyPrecipRateGC,"(*,*)",mm,mm,gt20,gt20,NA,0.05,CTS,10000.0,,,,,,,,0.85,,,,,,,,,,,,,,,grid_stat_20260729.stat,20260730_050000,0.032,0.45,0.2679,0.15,0.2,0.3679,0.3,0.4,,,,
STAT,V12.0.0,20260820_055425,INANWP,NA,000000,20260730_050000,000000,20260730_050000,20260729_170000,20260729_170000,NA,RAINNC,"(*,*)",hourlyPrecipRateGC,"(*,*)",mm,mm,gt20,gt20,NA,0.05,CTC,10000.0,,,,,,,,,,,,,,,,,,,,,,,grid_stat_20260729.stat,20260730_050000,,,,,,,,,553.0,186.0,278.0,8926.0
STAT,V12.0.0,20260820_055425,INANWP,NA,000000,20260730_050000,000000,20260730_050000,20260729_170000,20260729_170000,NA,RAINNC,"(*,*)",hourlyPrecipRateGC,"(*,*)",mm,mm,gt50,gt50,NA,0.05,CNT,10000.0,0.065,6.464,4.464,3.464,3.964,4.464,3.664,0.6857,19.93,4.464,0.5,3.571,0.325,0.9,0.1,1.0,0.5,0.2,0.1,0.05,0.04,0.03,grid_stat_20260729.stat,20260730_050000,,,,,,,,,,,,
STAT,V12.0.0,20260820_055425,INANWP,NA,000000,20260730_050000,000000,20260730_050000,20260729_170000,20260729_170000,NA,RAINNC,"(*,*)",hourlyPrecipRateGC,"(*,*)",mm,mm,gt50,gt50,NA,0.05,CTS,10000.0,,,,,,,,0.85,,,,,,,,,,,,,,,grid_stat_20260729.stat,20260730_050000,0.032,0.45,0.1179,0.15,0.2,0.2179,0.3,0.4,,,,
STAT,V12.0.0,20260820_055425,INANWP,NA,000000,20260730_050000,000000,20260730_050000,20260729_170000,20260729_170000,NA,RAINNC,"(*,*)",hourlyPrecipRateGC,"(*,*)",mm,mm,gt50,gt50,NA,0.05,CTC,10000.0,,,,,,,,,,,,,,,,,,,,,,,grid_stat_20260729.stat,20260730_050000,,,,,,,,,523.0,194.0,290.0,8911.0
STAT,V12.0.0,20260820_055425,INANWP,NA,000000,20260730_060000,000000,20260730_060000,20260729_180000,20260729_180000,NA,RAINNC,"(*,*)",hourlyPrecipRateGC,"(*,*)",mm,mm,gt0.1,gt0.1,NA,0.05,CNT,10000.0,0.07,6.357,4.357,3.357,3.857,4.357,3.557,0.6929,18.985,4.357,0.5,3.486,0.35,0.9,0.1,1.0,0.5,0.2,0.1,0.05,0.04,0.03,grid_stat_20260729.stat,20260730_060000,,,,,,,,,,,,
STAT,V12.0.0,20260820_055425,INANWP,NA,000000,20260730_060000,000000,20260730_060000,20260729_180000,20260729_180000,NA,RAINNC,"(*,*)",hourlyPrecipRateGC,"(*,*)",mm,mm,gt0.1,gt0.1,NA,0.05,CTS,10000.0,,,,,,,,0.85,,,,,,,,,,,,,,,grid_stat_20260729.stat,20260730_060000,0.035,0.45,0.3709,0.15,0.2,0.4709,0.3,0.4,,,,
STAT,V12.0.0,20260820_055425,INANWP,NA,000000,20260730_060000,000000,20260730_060000,20260729_180000,20260729_180000,NA,RAINNC,"(*,*)",hourlyPrecipRateGC,"(*,*)",mm,mm,gt0.1,gt0.1,NA,0.05,CTC,10000.0,,,,,,,,,,,,,,,,,,,,,,,grid_stat_20260729.stat,20260730_060000,,,,,,,,,574.0,181.0,270.0,8937.0
STAT,V12.0.0,20260820_055425,INANWP,NA,000000,20260730_060000,000000,20260730_060000,20260729_180000,20260729_180000,NA,RAINNC,"(*,*)",hourlyPrecipRateGC,"(*,*)",mm,mm,gt1,gt1,NA,0.05,CNT,10000.0,0.07,6.357,4.357,3.357,3.857,4.357,3.557,0.6929,18.985,4.357,0.5,3.486,0.35,0.9,0.1,1.0,0.5,0.2,0.1,0.05,0.04,0.03,grid_stat_20260729.stat,20260730_060000,,,,,,,,,,,,
STAT,V12.0.0,20260820_055425,INANWP,NA,000000,20260730_060000,000000,20260730_060000,20260729_180000,20260729_180000,NA,RAINNC,"(*,*)",hourlyPrecipRateGC,"(*,*)",mm,mm,gt1,gt1,NA,0.05,CTS,10000.0,,,,,,,,0.85,,,,,,,,,,,,,,,grid_stat_20260729.stat,20260730_060000,0.035,0.45,0.3664,0.15,0.2,0.4664,0.3,0.4,,,,
STAT,V12.0.0,20260820_055425,INANWP,NA,000000,20260730_060000,000000,20260730_060000,20260729_180000,20260729_180000,NA,RAINNC,"(*,*)",hourlyPrecipRateGC,"(*,*)",mm,mm,gt1,gt1,NA,0.05,CTC,10000.0,,,,,,,,,,,,,,,,,,,,,,,grid_stat_20260729.stat,20260730_060000,,,,,,,,,573.0,181.0,270.0,8936.0
STAT,V12.0.0,20260820_055425,INANWP,NA,000000,20260730_060000,000000,20260730_060000,20260729_180000,20260729_180000,NA,RAINNC,"(*,*)",hourlyPrecipRateGC,"(*,*)",mm,mm,gt5,gt5,NA,0.05,CNT,10000.0,0.07,6.357,4.357,3.357,3.857,4.357,3.557,0.6929,18.985,4.357,0.5,3.486,0.35,0.9,0.1,1.0,0.5,0.2,0.1,0.05,0.04,0.03,grid_stat_20260729.stat,20260730_060000,,,,,,,,,,,,
STAT,V12.0.0,20260820_055425,INANWP,NA,000000,20260730_060000,000000,20260730_060000,20260729_180000,20260729_180000,NA,RAINNC,"(*,*)",hourlyPrecipRateGC,"(*,*)",mm,mm,gt5,gt5,NA,0.05,CTS,10000.0,,,,,,,,0.85,,,,,,,,,,,,,,,grid_stat_20260729.stat,20260730_060000,0.035,0.45,0.3464,0.15,0.2,0.4464,0.3,0.4,,,,
STAT,V12.0.0,20260820_055425,INANWP,NA,000000,20260730_060000,000000,20260730_060000,20260729_180000,20260729_180000,NA,RAINNC,"(*,*)",hourlyPrecipRateGC,"(*,*)",mm,mm,gt5,gt5,NA,0.05,CTC,10000.0,,,,,,,,,,,,,,,,,,,,,,,grid_stat_20260729.stat,20260730_060000,,,,,,,,,569.0,182.0,272.0,8934.0
STAT,V12.0.0,20260820_055425,INANWP,NA,000000,20260730_060000,000000,20260730_060000,20260729_180000,20260729_180000,NA,RAINNC,"(*,*)",hourlyPrecipRateGC,"(*,*)",mm,mm,gt10,gt10,NA,0.05,CNT,10000.0,0.07,6.357,4.357,3.357,3.857,4.357,3.557,0.6929,18.985,4.357,0.5,3.486,0.35,0.9,0.1,1.0,0.5,0.2,0.1,0.05,0.04,0.03,grid_stat_20260729.stat,20260730_060000,,,,,,,,,,,,
STAT,V12.0.0,20260820_055425,INANWP,NA,000000,20260730_060000,000000,20260730_060000,20260729_180000,20260729_180000,NA,RAINNC,"(*,*)",hourlyPrecipRateGC,"(*,*)",mm,mm,gt10,gt10,NA,0.05,CTS,10000.0,,,,,,,,0.85,,,,,,,,,,,,,,,grid_stat_20260729.stat,20260730_060000,0.035,0.45,0.3214,0.15,0.2,0.4214,0.3,0.4,,,,
STAT,V12.0.0,20260820_055425,INANWP,NA,000000,20260730_060000,000000,20260730_060000,20260729_180000,20260729_180000,NA,RAINNC,"(*,*)",hourlyPrecipRateGC,"(*,*)",mm,mm,gt10,gt10,NA,0.05,CTC,10000.0,,,,,,,,,,,,,,,,,,,,,,,grid_stat_20260729.stat,20260730_060000,,,,,,,,,564.0,183.0,274.0,8932.0
STAT,V12.0.0,20260820_055425,INANWP,NA,000000,20260730_060000,000000,20260730_060000,20260729_180000,20260729_180000,NA,RAINNC,"(*,*)",hourlyPrecipRateGC,"(*,*)",mm,mm,gt20,gt20,NA,0.05,CNT,10000.0,0.07,6.357,4.357,3.357,3.857,4.357,3.557,0.6929,18.985,4.357,0.5,3.486,0.35,0.9,0.1,1.0,0.5,0.2,0.1,0.05,0.04,0.03,grid_stat_20260729.stat,20260730_060000,,,,,,,,,,,,
STAT,V12.0.0,20260820_055425,INANWP,NA,000000,20260730_060000,000000,20260730_060000,20260729_180000,20260729_180000,NA,RAINNC,"(*,*)",hourlyPrecipRateGC,"(*,*)",mm,mm,gt20,gt20,NA,0.05,CTS,10000.0,,,,,,,,0.85,,,,,,,,,,,,,,,grid_stat_20260729.stat,20260730_060000,0.035,0.45,0.2714,0.15,0.2,0.3714,0.3,0.4,,,,
STAT,V12.0.0,20260820_055425,INANWP,NA,000000,20260730_060000,000000,20260730_060000,20260729_180000,20260729_180000,NA,RAINNC,"(*,*)",hourlyPrecipRateGC,"(*,*)",mm,mm,gt20,gt20,NA,0.05,CTC,10000.0,,,,,,,,,,,,,,,,,,,,,,,grid_stat_20260729.stat,20260730_060000,,,,,,,,,554.0,186.0,278.0,8927.0
STAT,V12.0.0,20260820_055425,INANWP,NA,000000,20260730_060000,000000,20260730_060000,20260729_180000,20260729_180000,NA,RAINNC,"(*,*)",hourlyPrecipRateGC,"(*,*)",mm,mm,gt50,gt50,NA,0.05,CNT,10000.0,0.07,6.357,4.357,3.357,3.857,4.357,3.557,0.6929,18.985,4.357,0.5,3.486,0.35,0.9,0.1,1.0,0.5,0.2,0.1,0.05,0.04,0.03,grid_stat_20260729.stat,20260730_060000,,,,,,,,,,,,
STAT,V12.0.0,20260820_055425,INANWP,NA,000000,20260730_060000,000000,20260730_060000,20260729_180000,20260729_180000,NA,RAINNC,"(*,*)",hourlyPrecipRateGC,"(*,*)",mm,mm,gt50,gt50,NA,0.05,CTS,10000.0,,,,,,,,0.85,,,,,,,,,,,,,,,grid_stat_20260729.stat,20260730_060000,0.035,0.45,0.1214,0.15,0.2,0.2214,0.3,0.4,,,,
STAT,V12.0.0,20260820_055425,INANWP,NA,000000,20260730_060000,000000,20260730_060000,20260729_180000,20260729_180000,NA,RAINNC,"(*,*)",hourlyPrecipRateGC,"(*,*)",mm,mm,gt50,gt50,NA,0.05,CTC,10000.0,,,,,,,,,,,,,,,,,,,,,,,grid_stat_20260729.stat,20260730_060000,,,,,,,,,524.0,193.0,290.0,8912.0
STAT,V12.0.0,20260820_055425,INANWP,NA,000000,20260730_070000,000000,20260730_070000,20260729_190000,20260729_190000,NA,RAINNC,"(*,*)",hourlyPrecipRateGC,"(*,*)",mm,mm,gt0.1,gt0.1,NA,0.05,CNT,10000.0,0.075,6.25,4.25,3.25,3.75,4.25,3.45,0.7,18.062,4.25,0.5,3.4,0.375,0.9,0.1,1.0,0.5,0.2,0.1,0.05,0.04,0.03,grid_stat_20260729.stat,20260730_070000,,,,,,,,,,,,
STAT,V12.0.0,20260820_055425,INANWP,NA,000000,20260730_070000,000000,20260730_070000,20260729_190000,20260729_190000,NA,RAINNC,"(*,*)",hourlyPrecipRateGC,"(*,*)",mm,mm,gt0.1,gt0.1,NA,0.05,CTS,10000.0,,,,,,,,0.85,,,,,,,,,,,,,,,grid_stat_20260729.stat,20260730_070000,0.037,0.45,0.3745,0.15,0.2,0.4745,0.3,0.4,,,,
STAT,V12.0.0,20260820_055425,INANWP,NA,000000,20260730_070000,000000,20260730_070000,20260729_190000,20260729_190000,NA,RAINNC,"(*,*)",hourlyPrecipRateGC,"(*,*)",mm,mm,gt0.1,gt0.1,NA,0.05,CTC,10000.0,,,,,,,,,,,,,,,,,,,,,,,grid_stat_20260729.stat,20260730_070000,,,,,,,,,574.0,181.0,270.0,8937.0
STAT,V12.0.0,20260820_055425,INANWP,NA,000000,20260730_070000,000000,20260730_070000,20260729_190000,20260729_190000,NA,RAINNC,"(*,*)",hourlyPrecipRateGC,"(*,*)",mm,mm,gt1,gt1,NA,0.05,CNT,10000.0,0.075,6.25,4.25,3.25,3.75,4.25,3.45,0.7,18.062,4.25,0.5,3.4,0.375,0.9,0.1,1.0,0.5,0.2,0.1,0.05,0.04,0.03,grid_stat_20260729.stat,20260730_070000,,,,,,,,,,,,
STAT,V12.0.0,20260820_055425,INANWP,NA,000000,20260730_070000,000000,20260730_070000,20260729_190000,20260729_190000,NA,RAINNC,"(*,*)",hourlyPrecipRateGC,"(*,*)",mm,mm,gt1,gt1,NA,0.05,CTS,10000.0,,,,,,,,0.85,,,,,,,,,,,,,,,grid_stat_20260729.stat,20260730_070000,0.037,0.45,0.37,0.15,0.2,0.47,0.3,0.4,,,,
STAT,V12.0.0,20260820_055425,INANWP,NA,000000,20260730_070000,000000,20260730_070000,20260729_190000,20260729_190000,NA,RAINNC,"(*,*)",hourlyPrecipRateGC,"(*,*)",mm,mm,gt1,gt1,NA,0.05,CTC,10000.0,,,,,,,,,,,,,,,,,,,,,,,grid_stat_20260729.stat,20260730_070000,,,,,,,,,574.0,181.0,270.0,8937.0
STAT,V12.0.0,20260820_055425,INANWP,NA,000000,20260730_070000,000000,20260730_070000,20260729_190000,20260729_190000,NA,RAINNC,"(*,*)",hourlyPrecipRateGC,"(*,*)",mm,mm,gt5,gt5,NA,0.05,CNT,10000.0,0.075,6.25,4.25,3.25,3.75,4.25,3.45,0.7,18.062,4.25,0.5,3.4,0.375,0.9,0.1,1.0,0.5,0.2,0.1,0.05,0.04,0.03,grid_stat_20260729.stat,20260730_070000,,,,,,,,,,,,
STAT,V12.0.0,20260820_055425,INANWP,NA,000000,20260730_070000,000000,20260730_070000,20260729_190000,20260729_190000,NA,RAINNC,"(*,*)",hourlyPrecipRateGC,"(*,*)",mm,mm,gt5,gt5,NA,0.05,CTS,10000.0,,,,,,,,0.85,,,,,,,,,,,,,,,grid_stat_20260729.stat,20260730_070000,0.037,0.45,0.35,0.15,0.2,0.45,0.3,0.4,,,,
STAT,V12.0.0,20260820_055425,INANWP,NA,000000,20260730_070000,000000,20260730_070000,20260729_190000,20260729_190000,NA,RAINNC,"(*,*)",hourlyPrecipRateGC,"(*,*)",mm,mm,gt5,gt5,NA,0.05,CTC,10000.0,,,,,,,,,,,,,,,,,,,,,,,grid_stat_20260729.stat,20260730_070000,,,,,,,,,570.0,182.0,272.0,8935.0
STAT,V12.0.0,20260820_055425,INANWP,NA,000000,20260730_070000,000000,20260730_070000,20260729_190000,20260729_190000,NA,RAINNC,"(*,*)",hourlyPrecipRateGC,"(*,*)",mm,mm,gt10,gt10,NA,0.05,CNT,10000.0,0.075,6.25,4.25,3.25,3.75,4.25,3.45,0.7,18.062,4.25,0.5,3.4,0.375,0.9,0.1,1.0,0.5,0.2,0.1,0.05,0.04,0.03,grid_stat_20260729.stat,20260730_070000,,,,,,,,,,,,
STAT,V12.0.0,20260820_055425,INANWP,NA,000000,20260730_070000,000000,20260730_070000,20260729_190000,20260729_190000,NA,RAINNC,"(*,*)",hourlyPrecipRateGC,"(*,*)",mm,mm,gt10,gt10,NA,0.05,CTS,10000.0,,,,,,,,0.85,,,,,,,,,,,,,,,grid_stat_20260729.stat,20260730_070000,0.037,0.45,0.325,0.15,0.2,0.425,0.3,0.4,,,,
STAT,V12.0.0,20260820_055425,INANWP,NA,000000,20260730_070000,000000,20260730_070000,20260729_190000,20260729_190000,NA,RAINNC,"(*,*)",hourlyPrecipRateGC,"(*,*)",mm,mm,gt10,gt10,NA,0.05,CTC,10000.0,,,,,,,,,,,,,,,,,,,,,,,grid_stat_20260729.stat,20260730_070000,,,,,,,,,565.0,183.0,274.0,8932.0
STAT,V12.0.0,20260820_055425,INANWP,NA,000000,20260730_070000,000000,20260730_070000,20260729_190000,20260729_190000,NA,RAINNC,"(*,*)",hourlyPrecipRateGC,"(*,*)",mm,mm,gt20,gt20,NA,0.05,CNT,10000.0,0.075,6.25,4.25,3.25,3.75,4.25,3.45,0.7,18.062,4.25,0.5,3.4,0.375,0.9,0.1,1.0,0.5,0.2,0.1,0.05,0.04,0.03,grid_stat_20260729.stat,20260730_070000,,,,,,,,,,,,
STAT,V12.0.0,20260820_055425,INANWP,NA,000000,20260730_070000,000000,20260730_070000,20260729_190000,20260729_190000,NA,RAINNC,"(*,*)",hourlyPrecipRateGC,"(*,*)",mm,mm,gt20,gt20,NA,0.05,CTS,10000.0,,,,,,,,0.85,,,,,,,,,,,,,,,grid_stat_20260729.stat,20260730_070000,0.037,0.45,0.275,0.15,0.2,0.375,0.3,0.4,,,,
STAT,V12.0.0,20260820_055425,INANWP,NA,000000,20260730_070000,000000,20260730_070000,20260729_190000,20260729_190000,NA,RAINNC,"(*,*)",hourlyPrecipRateGC,"(*,*)",mm,mm,gt20,gt20,NA,0.05,CTC,10000.0,,,,,,,,,,,,,,,,,,,,,,,grid_stat_20260729.stat,20260730_070000,,,,,,,,,555.0,186.0,278.0,8927.0
STAT,V12.0.0,20260820_055425,INANWP,NA,000000,20260730_070000,000000,20260730_070000,20260729_190000,20260729_190000,NA,RAINNC,"(*,*)",hourlyPrecipRateGC,"(*,*)",mm,mm,gt50,gt50,NA,0.05,CNT,10000.0,0.075,6.25,4.25,3.25,3.75,4.25,3.45,0.7,18.062,4.25,0.5,3.4,0.375,0.9,0.1,1.0,0.5,0.2,0.1,0.05,0.04,0.03,grid_stat_20260729.stat,20260730_070000,,,,,,,,,,,,
STAT,V12.0.0,20260820_055425,INANWP,NA,000000,20260730_070000,000000,20260730_070000,20260729_190000,20260729_190000,NA,RAINNC,"(*,*)",hourlyPrecipRateGC,"(*,*)",mm,mm,gt50,gt50,NA,0.05,CTS,10000.0,,,,,,,,0.85,,,,,,,,,,,,,,,grid_stat_20260729.stat,20260730_070000,0.037,0.45,0.125,0.15,0.2,0.225,0.3,0.4,,,,
STAT,V12.0.0,20260820_055425,INANWP,NA,000000,20260730_070000,000000,20260730_070000,20260729_190000,20260729_190000,NA,RAINNC,"(*,*)",hourlyPrecipRateGC,"(*,*)",mm,mm,gt50,gt50,NA,0.05,CTC,10000.0,,,,,,,,,,,,,,,,,,,,,,,grid_stat_20260729.stat,20260730_070000,,,,,,,,,525.0,193.0,290.0,8912.0
STAT,V12.0.0,20260820_055425,INANWP,NA,000000,20260730_080000,000000,20260730_080000,20260729_200000,20260729_200000,NA,RAINNC,"(*,*)",hourlyPrecipRateGC,"(*,*)",mm,mm,gt0.1,gt0.1,NA,0.05,CNT,10000.0,0.08,6.143,4.143,3.143,3.643,4.143,3.343,0.7071,17.163,4.143,0.5,3.314,0.4,0.9,0.1,1.0,0.5,0.2,0.1,0.05,0.04,0.03,grid_stat_20260729.stat,20260730_080000,,,,,,,,,,,,
STAT,V12.0.0,20260820_055425,INANWP,NA,000000,20260730_080000,000000,20260730_080000,20260729_200000,20260729_200000,NA,RAINNC,"(*,*)",hourlyPrecipRateGC,"(*,*)",mm,mm,gt0.1,gt0.1,NA,0.05,CTS,10000.0,,,,,,,,0.85,,,,,,,,,,,,,,,grid_stat_20260729.stat,20260730_080000,0.04,0.45,0.3781,0.15,0.2,0.4781,0.3,0.4,,,,
STAT,V12.0.0,20260820_055425,INANWP,NA,000000,20260730_080000,000000,20260730_080000,20260729_200000,20260729_200000,NA,RAINNC,"(*,*)",hourlyPrecipRateGC,"(*,*)",mm,mm,gt0.1,gt0.1,NA,0.05,CTC,10000.0,,,,,,,,,,,,,,,,,,,,,,,grid_stat_20260729.stat,20260730_080000,,,,,,,,,575.0,181.0,269.0,8937.0
STAT,V12.0.0,20260820_055425,INANWP,NA,000000,20260730_080000,000000,20260730_080000,20260729_200000,20260729_200000,NA,RAINNC,"(*,*)",hourlyPrecipRateGC,"(*,*)",mm,mm,gt1,gt1,NA,0.05,CNT,10000.0,0.08,6.143,4.143,3.143,3.643,4.143,3.343,0.7071,17.163,4.143,0.5,3.314,0.4,0.9,0.1,1.0,0.5,0.2,0.1,0.05,0.04,0.03,grid_stat_20260729.stat,20260730_080000,,,,,,,,,,,,
STAT,V12.0.0,20260820_055425,INANWP,NA,000000,20260730_080000,000000,20260730_080000,20260729_200000,20260729_200000,NA,RAINNC,"(*,*)",hourlyPrecipRateGC,"(*,*)",mm,mm,gt1,gt1,NA,0.05,CTS,10000.0,,,,,,,,0.85,,,,,,,,,,,,,,,grid_stat_20260729.stat,20260730_080000,0.04,0.45,0.3736,0.15,0.2,0.4736,0.3,0.4,,,,
STAT,V12.0.0,20260820_055425,INANWP,NA,000000,20260730_080000,000000,20260730_080000,20260729_200000,20260729_200000,NA,RAINNC,"(*,*)",hourlyPrecipRateGC,"(*,*)",mm,mm,gt1,gt1,NA,0.05,CTC,10000.0,,,,,,,,,,,,,,,,,,,,,,,grid_stat_20260729.stat,20260730_080000,,,,,,,,,574.0,181.0,270.0,8937.0
STAT,V12.0.0,20260820_055425,INANWP,NA,000000,20260730_080000,000000,20260730_080000,20260729_200000,20260729_200000,NA,RAINNC,"(*,*)",hourlyPrecipRateGC,"(*,*)",mm,mm,gt5,gt5,NA,0.05,CNT,10000.0,0.08,6.143,4.143,3.143,3.643,4.143,3.343,0.7071,17.163,4.143,0.5,3.314,0.4,0.9,0.1,1.0,0.5,0.2,0.1,0.05,0.04,0.03,grid_stat_20260729.stat,20260730_080000,,,,,,,,,,,,
STAT,V12.0.0,20260820_055425,INANWP,NA,000000,20260730_080000,000000,20260730_080000,20260729_200000,20260729_200000,NA,RAINNC,"(*,*)",hourlyPrecipRateGC,"(*,*)",mm,mm,gt5,gt5,NA,0.05,CTS,10000.0,,,,,,,,0.85,,,,,,,,,,,,,,,grid_stat_20260729.stat,20260730_080000,0.04,0.45,0.3536,0.15,0.2,0.4536,0.3,0.4,,,,
STAT,V12.0.0,20260820_055425,INANWP,NA,000000,20260730_080000,000000,20260730_080000,20260729_200000,20260729_200000,NA,RAINNC,"(*,*)",hourlyPrecipRateGC,"(*,*)",mm,mm,gt5,gt5,NA,0.05,CTC,10000.0,,,,,,,,,,,,,,,,,,,,,,,grid_stat_20260729.stat,20260730_080000,,,,,,,,,570.0,182.0,271.0,8935.0
STAT,V12.0.0,20260820_055425,INANWP,NA,000000,20260730_080000,000000,20260730_080000,20260729_200000,20260729_200000,NA,RAINNC,"(*,*)",hourlyPrecipRateGC,"(*,*)",mm,mm,gt10,gt10,NA,0.05,CNT,10000.0,0.08,6.143,4.143,3.143,3.643,4.143,3.343,0.7071,17.163,4.143,0.5,3.314,0.4,0.9,0.1,1.0,0.5,0.2,0.1,0.05,0.04,0.03,grid_stat_20260729.stat,20260730_080000,,,,,,,,,,,,
STAT,V12.0.0,20260820_055425,INANWP,NA,000000,20260730_080000,000000,20260730_080000,20260729_200000,20260729_200000,NA,RAINNC,"(*,*)",hourlyPrecipRateGC,"(*,*)",mm,mm,gt10,gt10,NA,0.05,CTS,10000.0,,,,,,,,0.85,,,,,,,,,,,,,,,grid_stat_20260729.stat,20260730_080000,0.04,0.45,0.3286,0.15,0.2,0.4286,0.3,0.4,,,,
STAT,V12.0.0,20260820_055425,INANWP,NA,000000,20260730_080000,000000,20260730_080000,20260729_200000,20260729_200000,NA,RAINNC,"(*,*)",hourlyPrecipRateGC,"(*,*)",mm,mm,gt10,gt10,NA,0.05,CTC,10000.0,,,,,,,,,,,,,,,,,,,,,,,grid_stat_20260729.stat,20260730_080000,,,,,,,,,565.0,183.0,273.0,8932.0
STAT,V12.0.0,20260820_055425,INANWP,NA,000000,20260730_080000,000000,20260730_080000,20260729_200000,20260729_200000,NA,RAINNC,"(*,*)",hourlyPrecipRateGC,"(*,*)",mm,mm,gt20,gt20,NA,0.05,CNT,10000.0,0.08,6.143,4.143,3.143,3.643,4.143,3.343,0.7071,17.163,4.143,0.5,3.314,0.4,0.9,0.1,1.0,0.5,0.2,0.1,0.05,0.04,0.03,grid_stat_20260729.stat,20260730_080000,,,,,,,,,,,,
STAT,V12.0.0,20260820_055425,INANWP,NA,000000,20260730_080000,000000,20260730_080000,20260729_200000,20260729_200000,NA,RAINNC,"(*,*)",hourlyPrecipRateGC,"(*,*)",mm,mm,gt20,gt20,NA,0.05,CTS,10000.0,,,,,,,,0.85,,,,,,,,,,,,,,,grid_stat_20260729.stat,20260730_080000,0.04,0.45,0.2786,0.15,0.2,0.3786,0.3,0.4,,,,
STAT,V12.0.0,20260820_055425,INANWP,NA,000000,20260730_080000,000000,20260730_080000,20260729_200000,20260729_200000,NA,RAINNC,"(*,*)",hourlyPrecipRateGC,"(*,*)",mm,mm,gt20,gt20,NA,0.05,CTC,10000.0,,,,,,,,,,,,,,,,,,,,,,,grid_stat_20260729.stat,20260730_080000,,,,,,,,,555.0,186.0,277.0,8927.0
STAT,V12.0.0,20260820_055425,INANWP,NA,000000,20260730_080000,000000,20260730_080000,20260729_200000,20260729_200000,NA,RAINNC,"(*,*)",hourlyPrecipRateGC,"(*,*)",mm,mm,gt50,gt50,NA,0.05,CNT,10000.0,0.08,6.143,4.143,3.143,3.643,4.143,3.343,0.7071,17.163,4.143,0.5,3.314,0.4,0.9,0.1,1.0,0.5,0.2,0.1,0.05,0.04,0.03,grid_stat_20260729.stat,20260730_080000,,,,,,,,,,,,
STAT,V12.0.0,20260820_055425,INANWP,NA,000000,20260730_080000,000000,20260730_080000,20260729_200000,20260729_200000,NA,RAINNC,"(*,*)",hourlyPrecipRateGC,"(*,*)",mm,mm,gt50,gt50,NA,0.05,CTS,10000.0,,,,,,,,0.85,,,,,,,,,,,,,,,grid_stat_20260729.stat,20260730_080000,0.04,0.45,0.1286,0.15,0.2,0.2286,0.3,0.4,,,,
STAT,V12.0.0,20260820_055425,INANWP,NA,000000,20260730_080000,000000,20260730_080000,20260729_200000,20260729_200000,NA,RAINNC,"(*,*)",hourlyPrecipRateGC,"(*,*)",mm,mm,gt50,gt50,NA,0.05,CTC,10000.0,,,,,,,,,,,,,,,,,,,,,,,grid_stat_20260729.stat,20260730_080000,,,,,,,,,525.0,193.0,289.0,8912.0
STAT,V12.0.0,20260820_055425,INANWP,NA,000000,20260730_090000,000000,20260730_090000,20260729_210000,20260729_210000,NA,RAINNC,"(*,*)",hourlyPrecipRateGC,"(*,*)",mm,mm,gt0.1,gt0.1,NA,0.05,CNT,10000.0,0.085,6.036,4.036,3.036,3.536,4.036,3.236,0.7143,16.287,4.036,0.5,3.229,0.425,0.9,0.1,1.0,0.5,0.2,0.1,0.05,0.04,0.03,grid_stat_20260729.stat,20260730_090000,,,,,,,,,,,,
STAT,V12.0.0,20260820_055425,INANWP,NA,000000,20260730_090000,000000,20260730_090000,20260729_210000,20260729_210000,NA,RAINNC,"(*,*)",hourlyPrecipRateGC,"(*,*)",mm,mm,gt0.1,gt0.1,NA,0.05,CTS,10000.0,,,,,,,,0.85,,,,,,,,,,,,,,,grid_stat_20260729.stat,20260730_090000,0.042,0.45,0.3816,0.15,0.2,0.4816,0.3,0.4,,,,
STAT,V12.0.0,20260820_055425,INANWP,NA,000000,20260730_090000,000000,20260730_090000,20260729_210000,20260729_210000,NA,RAINNC,"(*,*)",hourlyPrecipRateGC,"(*,*)",mm,mm,gt0.1,gt0.1,NA,0.05,CTC,10000.0,,,,,,,,,,,,,,,,,,,,,,,grid_stat_20260729.stat,20260730_090000,,,,,,,,,576.0,180.0,269.0,8938.0
STAT,V12.0.0,20260820_055425,INANWP,NA,000000,20260730_090000,000000,20260730_090000,20260729_210000,20260729_210000,NA,RAINNC,"(*,*)",hourlyPrecipRateGC,"(*,*)",mm,mm,gt1,gt1,NA,0.05,CNT,10000.0,0.085,6.036,4.036,3.036,3.536,4.036,3.236,0.7143,16.287,4.036,0.5,3.229,0.425,0.9,0.1,1.0,0.5,0.2,0.1,0.05,0.04,0.03,grid_stat_20260729.stat,20260730_090000,,,,,,,,,,,,
STAT,V12.0.0,20260820_055425,INANWP,NA,000000,20260730_090000,000000,20260730_090000,20260729_210000,20260729_210000,NA,RAINNC,"(*,*)",hourlyPrecipRateGC,"(*,*)",mm,mm,gt1,gt1,NA,0.05,CTS,10000.0,,,,,,,,0.85,,,,,,,,,,,,,,,grid_stat_20260729.stat,20260730_090000,0.042,0.45,0.3771,0.15,0.2,0.4771,0.3,0.4,,,,
STAT,V12.0.0,20260820_055425,INANWP,NA,000000,20260730_090000,000000,20260730_090000,20260729_210000,20260729_210000,NA,RAINNC,"(*,*)",hourlyPrecipRateGC,"(*,*)",mm,mm,gt1,gt1,NA,0.05,CTC,10000.0,,,,,,,,,,,,,,,,,,,,,,,grid_stat_20260729.stat,20260730_090000,,,,,,,,,575.0,181.0,269.0,8937.0
STAT,V12.0.0,20260820_055425,INANWP,NA,000000,20260730_090000,000000,20260730_090000,20260729_210000,20260729_210000,NA,RAINNC,"(*,*)",hourlyPrecipRateGC,"(*,*)",mm,mm,gt5,gt5,NA,0.05,CNT,10000.0,0.085,6.036,4.036,3.036,3.536,4.036,3.236,0.7143,16.287,4.036,0.5,3.229,0.425,0.9,0.1,1.0,0.5,0.2,0.1,0.05,0.04,0.03,grid_stat_20260729.stat,20260730_090000,,,,,,,,,,,,
STAT,V12.0.0,20260820_055425,INANWP,NA,000000,20260730_090000,000000,20260730_090000,20260729_210000,20260729_210000,NA,RAINNC,"(*,*)",hourlyPrecipRateGC,"(*,*)",mm,mm,gt5,gt5,NA,0.05,CTS,10000.0,,,,,,,,0.85,,,,,,,,,,,,,,,grid_stat_20260729.stat,20260730_090000,0.042,0.45,0.3571,0.15,0.2,0.4571,0.3,0.4,,,,
STAT,V12.0.0,20260820_055425,INANWP,NA,000000,20260730_090000,000000,20260730_090000,20260729_210000,20260729_210000,NA,RAINNC,"(*,*)",hourlyPrecipRateGC,"(*,*)",mm,mm,gt5,gt5,NA,0.05,CTC,10000.0,,,,,,,,,,,,,,,,,,,,,,,grid_stat_20260729.stat,20260730_090000,,,,,,,,,571.0,182.0,271.0,8935.0
STAT,V12.0.0,20260820_055425,INANWP,NA,000000,20260730_090000,000000,20260730_090000,20260729_210000,20260729_210000,NA,RAINNC,"(*,*)",hourlyPrecipRateGC,"(*,*)",mm,mm,gt10,gt10,NA,0.05,CNT,10000.0,0.085,6.036,4.036,3.036,3.536,4.036,3.236,0.7143,16.287,4.036,0.5,3.229,0.425,0.9,0.1,1.0,0.5,0.2,0.1,0.05,0.04,0.03,grid_stat_20260729.stat,20260730_090000,,,,,,,,,,,,
STAT,V12.0.0,20260820_055425,INANWP,NA,000000,20260730_090000,000000,20260730_090000,20260729_210000,20260729_210000,NA,RAINNC,"(*,*)",hourlyPrecipRateGC,"(*,*)",mm,mm,gt10,gt10,NA,0.05,CTS,10000.0,,,,,,,,0.85,,,,,,,,,,,,,,,grid_stat_20260729.stat,20260730_090000,0.042,0.45,0.3321,0.15,0.2,0.4321,0.3,0.4,,,,
STAT,V12.0.0,20260820_055425,INANWP,NA,000000,20260730_090000,000000,20260730_090000,20260729_210000,20260729_210000,NA,RAINNC,"(*,*)",hourlyPrecipRateGC,"(*,*)",mm,mm,gt10,gt10,NA,0.05,CTC,10000.0,,,,,,,,,,,,,,,,,,,,,,,grid_stat_20260729.stat,20260730_090000,,,,,,,,,566.0,183.0,273.0,8933.0
STAT,V12.0.0,20260820_055425,INANWP,NA,000000,20260730_090000,000000,20260730_090000,20260729_210000,20260729_210000,NA,RAINNC,"(*,*)",hourlyPrecipRateGC,"(*,*)",mm,mm,gt20,gt20,NA,0.05,CNT,10000.0,0.085,6.036,4.036,3.036,3.536,4.036,3.236,0.7143,16.287,4.036,0.5,3.229,0.425,0.9,0.1,1.0,0.5,0.2,0.1,0.05,0.04,0.03,grid_stat_20260729.stat,20260730_090000,,,,,,,,,,,,
STAT,V12.0.0,20260820_055425,INANWP,NA,000000,20260730_090000,000000,20260730_090000,20260729_210000,20260729_210000,NA,RAINNC,"(*,*)",hourlyPrecipRateGC,"(*,*)",mm,mm,gt20,gt20,NA,0.05,CTS,10000.0,,,,,,,,0.85,,,,,,,,,,,,,,,grid_stat_20260729.stat,20260730_090000,0.042,0.45,0.2821,0.15,0.2,0.3821,0.3,0.4,,,,
STAT,V12.0.0,20260820_055425,INANWP,NA,000000,20260730_090000,000000,20260730_090000,20260729_210000,20260729_210000,NA,RAINNC,"(*,*)",hourlyPrecipRateGC,"(*,*)",mm,mm,gt20,gt20,NA,0.05,CTC,10000.0,,,,,,,,,,,,,,,,,,,,,,,grid_stat_20260729.stat,20260730_090000,,,,,,,,,556.0,185.0,277.0,8928.0
STAT,V12.0.0,20260820_055425,INANWP,NA,000000,20260730_090000,000000,20260730_090000,20260729_210000,20260729_210000,NA,RAINNC,"(*,*)",hourlyPrecipRateGC,"(*,*)",mm,mm,gt50,gt50,NA,0.05,CNT,10000.0,0.085,6.036,4.036,3.036,3.536,4.036,3.236,0.7143,16.287,4.036,0.5,3.229,0.425,0.9,0.1,1.0,0.5,0.2,0.1,0.05,0.04,0.03,grid_stat_20260729.stat,20260730_090000,,,,,,,,,,,,
STAT,V12.0.0,20260820_055425,INANWP,NA,000000,20260730_090000,000000,20260730_090000,20260729_210000,20260729_210000,NA,RAINNC,"(*,*)",hourlyPrecipRateGC,"(*,*)",mm,mm,gt50,gt50,NA,0.05,CTS,10000.0,,,,,,,,0.85,,,,,,,,,,,,,,,grid_stat_20260729.stat,20260730_090000,0.042,0.45,0.1321,0.15,0.2,0.2321,0.3,0.4,,,,
STAT,V12.0.0,20260820_055425,INANWP,NA,000000,20260730_090000,000000,20260730_090000,20260729_210000,20260729_210000,NA,RAINNC,"(*,*)",hourlyPrecipRateGC,"(*,*)",mm,mm,gt50,gt50,NA,0.05,CTC,10000.0,,,,,,,,,,,,,,,,,,,,,,,grid_stat_20260729.stat,20260730_090000,,,,,,,,,526.0,193.0,289.0,8913.0
STAT,V12.0.0,20260820_055425,INANWP,NA,000000,20260730_100000,000000,20260730_100000,20260729_220000,20260729_220000,NA,RAINNC,"(*,*)",hourlyPrecipRateGC,"(*,*)",mm,mm,gt0.1,gt0.1,NA,0.05,CNT,10000.0,0.09,5.929,3.929,2.929,3.429,3.929,3.129,0.7214,15.434,3.929,0.5,3.143,0.45,0.9,0.1,1.0,0.5,0.2,0.1,0.05,0.04,0.03,grid_stat_20260729.stat,20260730_100000,,,,,,,,,,,,
STAT,V12.0.0,20260820_055425,INANWP,NA,000000,20260730_100000,000000,20260730_100000,20260729_220000,20260729_220000,NA,RAINNC,"(*,*)",hourlyPrecipRateGC,"(*,*)",mm,mm,gt0.1,gt0.1,NA,0.05,CTS,10000.0,,,,,,,,0.85,,,,,,,,,,,,,,,grid_stat_20260729.stat,20260730_100000,0.045,0.45,0.3852,0.15,0.2,0.4852,0.3,0.4,,,,
STAT,V12.0.0,20260820_055425,INANWP,NA,000000,20260730_100000,000000,20260730_100000,20260729_220000,20260729_220000,NA,RAINNC,"(*,*)",hourlyPrecipRateGC,"(*,*)",mm,mm,gt0.1,gt0.1,NA,0.05,CTC,10000.0,,,,,,,,,,,,,,,,,,,,,,,grid_stat_20260729.stat,20260730_100000,,,,,,,,,577.0,180.0,269.0,8938.0
STAT,V12.0.0,20260820_055425,INANWP,NA,000000,20260730_100000,000000,20260730_100000,20260729_220000,20260729_220000,NA,RAINNC,"(*,*)",hourlyPrecipRateGC,"(*,*)",mm,mm,gt1,gt1,NA,0.05,CNT,10000.0,0.09,5.929,3.929,2.929,3.429,3.929,3.129,0.7214,15.434,3.929,0.5,3.143,0.45,0.9,0.1,1.0,0.5,0.2,0.1,0.05,0.04,0.03,grid_stat_20260729.stat,20260730_100000,,,,,,,,,,,,
STAT,V12.0.0,20260820_055425,INANWP,NA,000000,20260730_100000,000000,20260730_100000,20260729_220000,20260729_220000,NA,RAINNC,"(*,*)",hourlyPrecipRateGC,"(*,*)",mm,mm,gt1,gt1,NA,0.05,CTS,10000.0,,,,,,,,0.85,,,,,,,,,,,,,,,grid_stat_20260729.stat,20260730_100000,0.045,0.45,0.3807,0.15,0.2,0.4807,0.3,0.4,,,,
STAT,V12.0.0,20260820_055425,INANWP,NA,000000,20260730_100000,000000,20260730_100000,20260729_220000,20260729_220000,NA,RAINNC,"(*,*)",hourlyPrecipRateGC,"(*,*)",mm,mm,gt1,gt1,NA,0.05,CTC,10000.0,,,,,,,,,,,,,,,,,,,,,,,grid_stat_20260729.stat,20260730_100000,,,,,,,,,576.0,180.0,269.0,8938.0
STAT,V12.0.0,20260820_055425,INANWP,NA,000000,20260730_100000,000000,20260730_100000,20260729_220000,20260729_220000,NA,RAINNC,"(*,*)",hourlyPrecipRateGC,"(*,*)",mm,mm,gt5,gt5,NA,0.05,CNT,10000.0,0.09,5.929,3.929,2.929,3.429,3.929,3.129,0.7214,15.434,3.929,0.5,3.143,0.45,0.9,0.1,1.0,0.5,0.2,0.1,0.05,0.04,0.03,grid_stat_20260729.stat,20260730_100000,,,,,,,,,,,,
STAT,V12.0.0,20260820_055425,INANWP,NA,000000,20260730_100000,000000,20260730_100000,20260729_220000,20260729_220000,NA,RAINNC,"(*,*)",hourlyPrecipRateGC,"(*,*)",mm,mm,gt5,gt5,NA,0.05,CTS,10000.0,,,,,,,,0.85,,,,,,,,,,,,,,,grid_stat_20260729.stat,20260730_100000,0.045,0.45,0.3607,0.15,0.2,0.4607,0.3,0.4,,,,
STAT,V12.0.0,20260820_055425,INANWP,NA,000000,20260730_100000,000000,20260730_100000,20260729_220000,20260729_220000,NA,RAINNC,"(*,*)",hourlyPrecipRateGC,"(*,*)",mm,mm,gt5,gt5,NA,0.05,CTC,10000.0,,,,,,,,,,,,,,,,,,,,,,,grid_stat_20260729.stat,20260730_100000,,,,,,,,,572.0,181.0,271.0,8936.0
STAT,V12.0.0,20260820_055425,INANWP,NA,000000,20260730_100000,000000,20260730_100000,20260729_220000,20260729_220000,NA,RAINNC,"(*,*)",hourlyPrecipRateGC,"(*,*)",mm,mm,gt10,gt10,NA,0.05,CNT,10000.0,0.09,5.929,3.929,2.929,3.429,3.929,3.129,0.7214,15.434,3.929,0.5,3.143,0.45,0.9,0.1,1.0,0.5,0.2,0.1,0.05,0.04,0.03,grid_stat_20260729.stat,20260730_100000,,,,,,,,,,,,
STAT,V12.0.0,20260820_055425,INANWP,NA,000000,20260730_100000,000000,20260730_100000,20260729_220000,20260729_220000,NA,RAINNC,"(*,*)",hourlyPrecipRateGC,"(*,*)",mm,mm,gt10,gt10,NA,0.05,CTS,10000.0,,,,,,,,0.85,,,,,,,,,,,,,,,grid_stat_20260729.stat,20260730_100000,0.045,0.45,0.3357,0.15,0.2,0.4357,0.3,0.4,,,,
STAT,V12.0.0,20260820_055425,INANWP,NA,000000,20260730_100000,000000,20260730_100000,20260729_220000,20260729_220000,NA,RAINNC,"(*,*)",hourlyPrecipRateGC,"(*,*)",mm,mm,gt10,gt10,NA,0.05,CTC,10000.0,,,,,,,,,,,,,,,,,,,,,,,grid_stat_20260729.stat,20260730_100000,,,,,,,,,567.0,183.0,273.0,8933.0
STAT,V12.0.0,20260820_055425,INANWP,NA,000000,20260730_100000,000000,20260730_100000,20260729_220000,20260729_220000,NA,RAINNC,"(*,*)",hourlyPrecipRateGC,"(*,*)",mm,mm,gt20,gt20,NA,0.05,CNT,10000.0,0.09,5.929,3.929,2.929,3.429,3.929,3.129,0.7214,15.434,3.929,0.5,3.143,0.45,0.9,0.1,1.0,0.5,0.2,0.1,0.05,0.04,0.03,grid_stat_20260729.stat,20260730_100000,,,,,,,,,,,,
STAT,V12.0.0,20260820_055425,INANWP,NA,000000,20260730_100000,000000,20260730_100000,20260729_220000,20260729_220000,NA,RAINNC,"(*,*)",hourlyPrecipRateGC,"(*,*)",mm,mm,gt20,gt20,NA,0.05,CTS,10000.0,,,,,,,,0.85,,,,,,,,,,,,,,,grid_stat_20260729.stat,20260730_100000,0.045,0.45,0.2857,0.15,0.2,0.3857,0.3,0.4,,,,
STAT,V12.0.0,20260820_055425,INANWP,NA,000000,20260730_100000,000000,20260730_100000,20260729_220000,20260729_220000,NA,RAINNC,"(*,*)",hourlyPrecipRateGC,"(*,*)",mm,mm,gt20,gt20,NA,0.05,CTC,10000.0,,,,,,,,,,,,,,,,,,,,,,,grid_stat_20260729.stat,20260730_100000,,,,,,,,,557.0,185.0,277.0,8928.0
STAT,V12.0.0,20260820_055425,INANWP,NA,000000,20260730_100000,000000,20260730_100000,20260729_220000,20260729_220000,NA,RAINNC,"(*,*)",hourlyPrecipRateGC,"(*,*)",mm,mm,gt50,gt50,NA,0.05,CNT,10000.0,0.09,5.929,3.929,2.929,3.429,3.929,3.129,0.7214,15.434,3.929,0.5,3.143,0.45,0.9,0.1,1.0,0.5,0.2,0.1,0.05,0.04,0.03,grid_stat_20260729.stat,20260730_100000,,,,,,,,,,,,
STAT,V12.0.0,20260820_055425,INANWP,NA,000000,20260730_100000,000000,20260730_100000,20260729_220000,20260729_220000,NA,RAINNC,"(*,*)",hourlyPrecipRateGC,"(*,*)",mm,mm,gt50,gt50,NA,0.05,CTS,10000.0,,,,,,,,0.85,,,,,,,,,,,,,,,grid_stat_20260729.stat,20260730_100000,0.045,0.45,0.1357,0.15,0.2,0.2357,0.3,0.4,,,,
STAT,V12.0.0,20260820_055425,INANWP,NA,000000,20260730_100000,000000,20260730_100000,20260729_220000,20260729_220000,NA,RAINNC,"(*,*)",hourlyPrecipRateGC,"(*,*)",mm,mm,gt50,gt50,NA,0.05,CTC,10000.0,,,,,,,,,,,,,,,,,,,,,,,grid_stat_20260729.stat,20260730_100000,,,,,,,,,527.0,193.0,289.0,8913.0
STAT,V12.0.0,20260820_055425,INANWP,NA,000000,20260730_110000,000000,20260730_110000,20260729_230000,20260729_230000,NA,RAINNC,"(*,*)",hourlyPrecipRateGC,"(*,*)",mm,mm,gt0.1,gt0.1,NA,0.05,CNT,10000.0,0.095,5.821,3.821,2.821,3.321,3.821,3.021,0.7286,14.603,3.821,0.5,3.057,0.475,0.9,0.1,1.0,0.5,0.2,0.1,0.05,0.04,0.03,grid_stat_20260729.stat,20260730_110000,,,,,,,,,,,,
STAT,V12.0.0,20260820_055425,INANWP,NA,000000,20260730_110000,000000,20260730_110000,20260729_230000,20260729_230000,NA,RAINNC,"(*,*)",hourlyPrecipRateGC,"(*,*)",mm,mm,gt0.1,gt0.1,NA,0.05,CTS,10000.0,,,,,,,,0.85,,,,,,,,,,,,,,,grid_stat_20260729.stat,20260730_110000,0.048,0.45,0.3888,0.15,0.2,0.4888,0.3,0.4,,,,
STAT,V12.0.0,20260820_055425,INANWP,NA,000000,20260730_110000,000000,20260730_110000,20260729_230000,20260729_230000,NA,RAINNC,"(*,*)",hourlyPrecipRateGC,"(*,*)",mm,mm,gt0.1,gt0.1,NA,0.05,CTC,10000.0,,,,,,,,,,,,,,,,,,,,,,,grid_stat_20260729.stat,20260730_110000,,,,,,,,,577.0,180.0,268.0,8938.0
STAT,V12.0.0,20260820_055425,INANWP,NA,000000,20260730_110000,000000,20260730_110000,20260729_230000,20260729_230000,NA,RAINNC,"(*,*)",hourlyPrecipRateGC,"(*,*)",mm,mm,gt1,gt1,NA,0.05,CNT,10000.0,0.095,5.821,3.821,2.821,3.321,3.821,3.021,0.7286,14.603,3.821,0.5,3.057,0.475,0.9,0.1,1.0,0.5,0.2,0.1,0.05,0.04,0.03,grid_stat_20260729.stat,20260730_110000,,,,,,,,,,,,
STAT,V12.0.0,20260820_055425,INANWP,NA,000000,20260730_110000,000000,20260730_110000,20260729_230000,20260729_230000,NA,RAINNC,"(*,*)",hourlyPrecipRateGC,"(*,*)",mm,mm,gt1,gt1,NA,0.05,CTS,10000.0,,,,,,,,0.85,,,,,,,,,,,,,,,grid_stat_20260729.stat,20260730_110000,0.048,0.45,0.3843,0.15,0.2,0.4843,0.3,0.4,,,,
STAT,V12.0.0,20260820_055425,INANWP,NA,000000,20260730_110000,000000,20260730_110000,20260729_230000,20260729_230000,NA,RAINNC,"(*,*)",hourlyPrecipRateGC,"(*,*)",mm,mm,gt1,gt1,NA,0.05,CTC,10000.0,,,,,,,,,,,,,,,,,,,,,,,grid_stat_20260729.stat,20260730_110000,,,,,,,,,576.0,180.0,269.0,8938.0
STAT,V12.0.0,20260820_055425,INANWP,NA,000000,20260730_110000,000000,20260730_110000,20260729_230000,20260729_230000,NA,RAINNC,"(*,*)",hourlyPrecipRateGC,"(*,*)",mm,mm,gt5,gt5,NA,0.05,CNT,10000.0,0.095,5.821,3.821,2.821,3.321,3.821,3.021,0.7286,14.603,3.821,0.5,3.057,0.475,0.9,0.1,1.0,0.5,0.2,0.1,0.05,0.04,0.03,grid_stat_20260729.stat,20260730_110000,,,,,,,,,,,,
STAT,V12.0.0,20260820_055425,INANWP,NA,000000,20260730_110000,000000,20260730_110000,20260729_230000,20260729_230000,NA,RAINNC,"(*,*)",hourlyPrecipRateGC,"(*,*)",mm,mm,gt5,gt5,NA,0.05,CTS,10000.0,,,,,,,,0.85,,,,,,,,,,,,,,,grid_stat_20260729.stat,20260730_110000,0.048,0.45,0.3643,0.15,0.2,0.4643,0.3,0.4,,,,
STAT,V12.0.0,20260820_055425,INANWP,NA,000000,20260730_110000,000000,20260730_110000,20260729_230000,20260729_230000,NA,RAINNC,"(*,*)",hourlyPrecipRateGC,"(*,*)",mm,mm,gt5,gt5,NA,0.05,CTC,10000.0,,,,,,,,,,,,,,,,,,,,,,,grid_stat_20260729.stat,20260730_110000,,,,,,,,,572.0,181.0,270.0,8936.0
STAT,V12.0.0,20260820_055425,INANWP,NA,000000,20260730_110000,000000,20260730_110000,20260729_230000,20260729_230000,NA,RAINNC,"(*,*)",hourlyPrecipRateGC,"(*,*)",mm,mm,gt10,gt10,NA,0.05,CNT,10000.0,0.095,5.821,3.821,2.821,3.321,3.821,3.021,0.7286,14.603,3.821,0.5,3.057,0.475,0.9,0.1,1.0,0.5,0.2,0.1,0.05,0.04,0.03,grid_stat_20260729.stat,20260730_110000,,,,,,,,,,,,
STAT,V12.0.0,20260820_055425,INANWP,NA,000000,20260730_110000,000000,20260730_110000,20260729_230000,20260729_230000,NA,RAINNC,"(*,*)",hourlyPrecipRateGC,"(*,*)",mm,mm,gt10,gt10,NA,0.05,CTS,10000.0,,,,,,,,0.85,,,,,,,,,,,,,,,grid_stat_20260729.stat,20260730_110000,0.048,0.45,0.3393,0.15,0.2,0.4393,0.3,0.4,,,,
STAT,V12.0.0,20260820_055425,INANWP,NA,000000,20260730_110000,000000,20260730_110000,20260729_230000,20260729_230000,NA,RAINNC,"(*,*)",hourlyPrecipRateGC,"(*,*)",mm,mm,gt10,gt10,NA,0.05,CTC,10000.0,,,,,,,,,,,,,,,,,,,,,,,grid_stat_20260729.stat,20260730_110000,,,,,,,,,567.0,183.0,272.0,8933.0
STAT,V12.0.0,20260820_055425,INANWP,NA,000000,20260730_110000,000000,20260730_110000,20260729_230000,20260729_230000,NA,RAINNC,"(*,*)",hourlyPrecipRateGC,"(*,*)",mm,mm,gt20,gt20,NA,0.05,CNT,10000.0,0.095,5.821,3.821,2.821,3.321,3.821,3.021,0.7286,14.603,3.821,0.5,3.057,0.475,0.9,0.1,1.0,0.5,0.2,0.1,0.05,0.04,0.03,grid_stat_20260729.stat,20260730_110000,,,,,,,,,,,,
STAT,V12.0.0,20260820_055425,INANWP,NA,000000,20260730_110000,000000,20260730_110000,20260729_230000,20260729_230000,NA,RAINNC,"(*,*)",hourlyPrecipRateGC,"(*,*)",mm,mm,gt20,gt20,NA,0.05,CTS,10000.0,,,,,,,,0.85,,,,,,,,,,,,,,,grid_stat_20260729.stat,20260730_110000,0.048,0.45,0.2893,0.15,0.2,0.3893,0.3,0.4,,,,
STAT,V12.0.0,20260820_055425,INANWP,NA,000000,20260730_110000,000000,20260730_110000,20260729_230000,20260729_230000,NA,RAINNC,"(*,*)",hourlyPrecipRateGC,"(*,*)",mm,mm,gt20,gt20,NA,0.05,CTC,10000.0,,,,,,,,,,,,,,,,,,,,,,,grid_stat_20260729.stat,20260730_110000,,,,,,,,,557.0,185.0,276.0,8928.0
STAT,V12.0.0,20260820_055425,INANWP,NA,000000,20260730_110000,000000,20260730_110000,20260729_230000,20260729_230000,NA,RAINNC,"(*,*)",hourlyPrecipRateGC,"(*,*)",mm,mm,gt50,gt50,NA,0.05,CNT,10000.0,0.095,5.821,3.821,2.821,3.321,3.821,3.021,0.7286,14.603,3.821,0.5,3.057,0.475,0.9,0.1,1.0,0.5,0.2,0.1,0.05,0.04,0.03,grid_stat_20260729.stat,20260730_110000,,,,,,,,,,,,
STAT,V12.0.0,20260820_055425,INANWP,NA,000000,20260730_110000,000000,20260730_110000,20260729_230000,20260729_230000,NA,RAINNC,"(*,*)",hourlyPrecipRateGC,"(*,*)",mm,mm,gt50,gt50,NA,0.05,CTS,10000.0,,,,,,,,0.85,,,,,,,,,,,,,,,grid_stat_20260729.stat,20260730_110000,0.048,0.45,0.1393,0.15,0.2,0.2393,0.3,0.4,,,,
STAT,V12.0.0,20260820_055425,INANWP,NA,000000,20260730_110000,000000,20260730_110000,20260729_230000,20260729_230000,NA,RAINNC,"(*,*)",hourlyPrecipRateGC,"(*,*)",mm,mm,gt50,gt50,NA,0.05,CTC,10000.0,,,,,,,,,,,,,,,,,,,,,,,grid_stat_20260729.stat,20260730_110000,,,,,,,,,527.0,193.0,288.0,8913.0
STAT,V12.0.0,20260820_055425,INANWP,NA,000000,20260730_000000,000000,20260730_000000,20260729_120000,20260729_120000,NA,RAINNC,"(*,*)",hourlyPrecipRateGC,"(*,*)",mm,mm,gt0.1,gt0.1,NA,0.05,CNT,10000.0,0.04,7.0,5.0,4.0,4.5,5.0,4.2,0.65,25.0,5.0,0.5,4.0,0.2,0.9,0.1,1.0,0.5,0.2,0.1,0.05,0.04,0.03,grid_stat_20260730.stat,20260730_000000,,,,,,,,,,,,
STAT,V12.0.0,20260820_055425,INANWP,NA,000000,20260730_000000,000000,20260730_000000,20260729_120000,20260729_120000,NA,RAINNC,"(*,*)",hourlyPrecipRateGC,"(*,*)",mm,mm,gt0.1,gt0.1,NA,0.05,CTS,10000.0,,,,,,,,0.85,,,,,,,,,,,,,,,grid_stat_20260730.stat,20260730_000000,0.02,0.45,0.3495,0.15,0.2,0.4495,0.3,0.4,,,,
STAT,V12.0.0,20260820_055425,INANWP,NA,000000,20260730_000000,000000,20260730_000000,20260729_120000,20260729_120000,NA,RAINNC,"(*,*)",hourlyPrecipRateGC,"(*,*)",mm,mm,gt0.1,gt0.1,NA,0.05,CTC,10000.0,,,,,,,,,,,,,,,,,,,,,,,grid_stat_20260730.stat,20260730_000000,,,,,,,,,569.0,182.0,272.0,8934.0
STAT,V12.0.0,20260820_055425,INANWP,NA,000000,20260730_000000,000000,20260730_000000,20260729_120000,20260729_120000,NA,RAINNC,"(*,*)",hourlyPrecipRateGC,"(*,*)",mm,mm,gt1,gt1,NA,0.05,CNT,10000.0,0.04,7.0,5.0,4.0,4.5,5.0,4.2,0.65,25.0,5.0,0.5,4.0,0.2,0.9,0.1,1.0,0.5,0.2,0.1,0.05,0.04,0.03,grid_stat_20260730.stat,20260730_000000,,,,,,,,,,,,
STAT,V12.0.0,20260820_055425,INANWP,NA,000000,20260730_000000,000000,20260730_000000,20260729_120000,20260729_120000,NA,RAINNC,"(*,*)",hourlyPrecipRateGC,"(*,*)",mm,mm,gt1,gt1,NA,0.05,CTS,10000.0,,,,,,,,0.85,,,,,,,,,,,,,,,grid_stat_20260730.stat,20260730_000000,0.02,0.45,0.345,0.15,0.2,0.445,0.3,0.4,,,,
STAT,V12.0.0,20260820_055425,INANWP,NA,000000,20260730_000000,000000,20260730_000000,20260729_120000,20260729_120000,NA,RAINNC,"(*,*)",hourlyPrecipRateGC,"(*,*)",mm,mm,gt1,gt1,NA,0.05,CTC,10000.0,,,,,,,,,,,,,,,,,,,,,,,grid_stat_20260730.stat,20260730_000000,,,,,,,,,569.0,182.0,272.0,8934.0
STAT,V12.0.0,20260820_055425,INANWP,NA,000000,20260730_000000,000000,20260730_000000,20260729_120000,20260729_120000,NA,RAINNC,"(*,*)",hourlyPrecipRateGC,"(*,*)",mm,mm,gt5,gt5,NA,0.05,CNT,10000.0,0.04,7.0,5.0,4.0,4.5,5.0,4.2,0.65,25.0,5.0,0.5,4.0,0.2,0.9,0.1,1.0,0.5,0.2,0.1,0.05,0.04,0.03,grid_stat_20260730.stat,20260730_000000,,,,,,,,,,,,
STAT,V12.0.0,20260820_055425,INANWP,NA,000000,20260730_000000,000000,20260730_000000,20260729_120000,20260729_120000,NA,RAINNC,"(*,*)",hourlyPrecipRateGC,"(*,*)",mm,mm,gt5,gt5,NA,0.05,CTS,10000.0,,,,,,,,0.85,,,,,,,,,,,,,,,grid_stat_20260730.stat,20260730_000000,0.02,0.45,0.325,0.15,0.2,0.425,0.3,0.4,,,,
STAT,V12.0.0,20260820_055425,INANWP,NA,000000,20260730_000000,000000,20260730_000000,20260729_120000,20260729_120000,NA,RAINNC,"(*,*)",hourlyPrecipRateGC,"(*,*)",mm,mm,gt5,gt5,NA,0.05,CTC,10000.0,,,,,,,,,,,,,,,,,,,,,,,grid_stat_20260730.stat,20260730_000000,,,,,,,,,565.0,183.0,274.0,8932.0
STAT,V12.0.0,20260820_055425,INANWP,NA,000000,20260730_000000,000000,20260730_000000,20260729_120000,20260729_120000,NA,RAINNC,"(*,*)",hourlyPrecipRateGC,"(*,*)",mm,mm,gt10,gt10,NA,0.05,CNT,10000.0,0.04,7.0,5.0,4.0,4.5,5.0,4.2,0.65,25.0,5.0,0.5,4.0,0.2,0.9,0.1,1.0,0.5,0.2,0.1,0.05,0.04,0.03,grid_stat_20260730.stat,20260730_000000,,,,,,,,,,,,
STAT,V12.0.0,20260820_055425,INANWP,NA,000000,20260730_000000,000000,20260730_000000,20260729_120000,20260729_120000,NA,RAINNC,"(*,*)",hourlyPrecipRateGC,"(*,*)",mm,mm,gt10,gt10,NA,0.05,CTS,10000.0,,,,,,,,0.85,,,,,,,,,,,,,,,grid_stat_20260730.stat,20260730_000000,0.02,0.45,0.3,0.15,0.2,0.4,0.3,0.4,,,,
STAT,V12.0.0,20260820_055425,INANWP,NA,000000,20260730_000000,000000,20260730_000000,20260729_120000,20260729_120000,NA,RAINNC,"(*,*)",hourlyPrecipRateGC,"(*,*)",mm,mm,gt10,gt10,NA,0.05,CTC,10000.0,,,,,,,,,,,,,,,,,,,,,,,grid_stat_20260730.stat,20260730_000000,,,,,,,,,560.0,185.0,276.0,8930.0
STAT,V12.0.0,20260820_055425,INANWP,NA,000000,20260730_000000,000000,20260730_000000,20260729_120000,20260729_120000,NA,RAINNC,"(*,*)",hourlyPrecipRateGC,"(*,*)",mm,mm,gt20,gt20,NA,0.05,CNT,10000.0,0.04,7.0,5.0,4.0,4.5,5.0,4.2,0.65,25.0,5.0,0.5,4.0,0.2,0.9,0.1,1.0,0.5,0.2,0.1,0.05,0.04,0.03,grid_stat_20260730.stat,20260730_000000,,,,,,,,,,,,
STAT,V12.0.0,20260820_055425,INANWP,NA,000000,20260730_000000,000000,20260730_000000,20260729_120000,20260729_120000,NA,RAINNC,"(*,*)",hourlyPrecipRateGC,"(*,*)",mm,mm,gt20,gt20,NA,0.05,CTS,10000.0,,,,,,,,0.85,,,,,,,,,,,,,,,grid_stat_20260730.stat,20260730_000000,0.02,0.45,0.25,0.15,0.2,0.35,0.3,0.4,,,,
STAT,V12.0.0,20260820_055425,INANWP,NA,000000,20260730_000000,000000,20260730_000000,20260729_120000,20260729_120000,NA,RAINNC,"(*,*)",hourlyPrecipRateGC,"(*,*)",mm,mm,gt20,gt20,NA,0.05,CTC,10000.0,,,,,,,,,,,,,,,,,,,,,,,grid_stat_20260730.stat,20260730_000000,,,,,,,,,550.0,187.0,280.0,8925.0
STAT,V12.0.0,20260820_055425,INANWP,NA,000000,20260730_000000,000000,20260730_000000,20260729_120000,20260729_120000,NA,RAINNC,"(*,*)",hourlyPrecipRateGC,"(*,*)",mm,mm,gt50,gt50,NA,0.05,CNT,10000.0,0.04,7.0,5.0,4.0,4.5,5.0,4.2,0.65,25.0,5.0,0.5,4.0,0.2,0.9,0.1,1.0,0.5,0.2,0.1,0.05,0.04,0.03,grid_stat_20260730.stat,20260730_000000,,,,,,,,,,,,
STAT,V12.0.0,20260820_055425,INANWP,NA,000000,20260730_000000,000000,20260730_000000,20260729_120000,20260729_120000,NA,RAINNC,"(*,*)",hourlyPrecipRateGC,"(*,*)",mm,mm,gt50,gt50,NA,0.05,CTS,10000.0,,,,,,,,0.85,,,,,,,,,,,,,,,grid_stat_20260730.stat,20260730_000000,0.02,0.45,0.1,0.15,0.2,0.2,0.3,0.4,,,,
STAT,V12.0.0,20260820_055425,INANWP,NA,000000,20260730_000000,000000,20260730_000000,20260729_120000,20260729_120000,NA,RAINNC,"(*,*)",hourlyPrecipRateGC,"(*,*)",mm,mm,gt50,gt50,NA,0.05,CTC,10000.0,,,,,,,,,,,,,,,,,,,,,,,grid_stat_20260730.stat,20260730_000000,,,,,,,,,520.0,195.0,292.0,8910.0
STAT,V12.0.0,20260820_055425,INANWP,NA,000000,20260730_010000,000000,20260730_010000,20260729_130000,20260729_130000,NA,RAINNC,"(*,*)",hourlyPrecipRateGC,"(*,*)",mm,mm,gt0.1,gt0.1,NA,0.05,CNT,10000.0,0.045,6.893,4.893,3.893,4.393,4.893,4.093,0.6571,23.94,4.893,0.5,3.914,0.225,0.9,0.1,1.0,0.5,0.2,0.1,0.05,0.04,0.03,grid_stat_20260730.stat,20260730_010000,,,,,,,,,,,,
STAT,V12.0.0,20260820_055425,INANWP,NA,000000,20260730_010000,000000,20260730_010000,20260729_130000,20260729_130000,NA,RAINNC,"(*,*)",hourlyPrecipRateGC,"(*,*)",mm,mm,gt0.1,gt0.1,NA,0.05,CTS,10000.0,,,,,,,,0.85,,,,,,,,,,,,,,,grid_stat_20260730.stat,20260730_010000,0.023,0.45,0.3531,0.15,0.2,0.4531,0.3,0.4,,,,
STAT,V12.0.0,20260820_055425,INANWP,NA,000000,20260730_010000,000000,20260730_010000,20260729_130000,20260729_130000,NA,RAINNC,"(*,*)",hourlyPrecipRateGC,"(*,*)",mm,mm,gt0.1,gt0.1,NA,0.05,CTC,10000.0,,,,,,,,,,,,,,,,,,,,,,,grid_stat_20260730.stat,20260730_010000,,,,,,,,,570.0,182.0,271.0,8935.0
STAT,V12.0.0,20260820_055425,INANWP,NA,000000,20260730_010000,000000,20260730_010000,20260729_130000,20260729_130000,NA,RAINNC,"(*,*)",hourlyPrecipRateGC,"(*,*)",mm,mm,gt1,gt1,NA,0.05,CNT,10000.0,0.045,6.893,4.893,3.893,4.393,4.893,4.093,0.6571,23.94,4.893,0.5,3.914,0.225,0.9,0.1,1.0,0.5,0.2,0.1,0.05,0.04,0.03,grid_stat_20260730.stat,20260730_010000,,,,,,,,,,,,
STAT,V12.0.0,20260820_055425,INANWP,NA,000000,20260730_010000,000000,20260730_010000,20260729_130000,20260729_130000,NA,RAINNC,"(*,*)",hourlyPrecipRateGC,"(*,*)",mm,mm,gt1,gt1,NA,0.05,CTS,10000.0,,,,,,,,0.85,,,,,,,,,,,,,,,grid_stat_20260730.stat,20260730_010000,0.023,0.45,0.3486,0.15,0.2,0.4486,0.3,0.4,,,,
STAT,V12.0.0,20260820_055425,INANWP,NA,000000,20260730_010000,000000,20260730_010000,20260729_130000,20260729_130000,NA,RAINNC,"(*,*)",hourlyPrecipRateGC,"(*,*)",mm,mm,gt1,gt1,NA,0.05,CTC,10000.0,,,,,,,,,,,,,,,,,,,,,,,grid_stat_20260730.stat,20260730_010000,,,,,,,,,569.0,182.0,272.0,8934.0
STAT,V12.0.0,20260820_055425,INANWP,NA,000000,20260730_010000,000000,20260730_010000,20260729_130000,20260729_130000,NA,RAINNC,"(*,*)",hourlyPrecipRateGC,"(*,*)",mm,mm,gt5,gt5,NA,0.05,CNT,10000.0,0.045,6.893,4.893,3.893,4.393,4.893,4.093,0.6571,23.94,4.893,0.5,3.914,0.225,0.9,0.1,1.0,0.5,0.2,0.1,0.05,0.04,0.03,grid_stat_20260730.stat,20260730_010000,,,,,,,,,,,,
STAT,V12.0.0,20260820_055425,INANWP,NA,000000,20260730_010000,000000,20260730_010000,20260729_130000,20260729_130000,NA,RAINNC,"(*,*)",hourlyPrecipRateGC,"(*,*)",mm,mm,gt5,gt5,NA,0.05,CTS,10000.0,,,,,,,,0.85,,,,,,,,,,,,,,,grid_stat_20260730.stat,20260730_010000,0.023,0.45,0.3286,0.15,0.2,0.4286,0.3,0.4,,,,
STAT,V12.0.0,20260820_055425,INANWP,NA,000000,20260730_010000,000000,20260730_010000,20260729_130000,20260729_130000,NA,RAINNC,"(*,*)",hourlyPrecipRateGC,"(*,*)",mm,mm,gt5,gt5,NA,0.05,CTC,10000.0,,,,,,,,,,,,,,,,,,,,,,,grid_stat_20260730.stat,20260730_010000,,,,,,,,,565.0,183.0,273.0,8932.0
STAT,V12.0.0,20260820_055425,INANWP,NA,000000,20260730_010000,000000,20260730_010000,20260729_130000,20260729_130000,NA,RAINNC,"(*,*)",hourlyPrecipRateGC,"(*,*)",mm,mm,gt10,gt10,NA,0.05,CNT,10000.0,0.045,6.893,4.893,3.893,4.393,4.893,4.093,0.6571,23.94,4.893,0.5,3.914,0.225,0.9,0.1,1.0,0.5,0.2,0.1,0.05,0.04,0.03,grid_stat_20260730.stat,20260730_010000,,,,,,,,,,,,
STAT,V12.0.0,20260820_055425,INANWP,NA,000000,20260730_010000,000000,20260730_010000,20260729_130000,20260729_130000,NA,RAINNC,"(*,*)",hourlyPrecipRateGC,"(*,*)",mm,mm,gt10,gt10,NA,0.05,CTS,10000.0,,,,,,,,0.85,,,,,,,,,,,,,,,grid_stat_20260730.stat,20260730_010000,0.023,0.45,0.3036,0.15,0.2,0.4036,0.3,0.4,,,,
STAT,V12.0.0,20260820_055425,INANWP,NA,000000,20260730_010000,000000,20260730_010000,20260729_130000,20260729_130000,NA,RAINNC,"(*,*)",hourlyPrecipRateGC,"(*,*)",mm,mm,gt10,gt10,NA,0.05,CTC,10000.0,,,,,,,,,,,,,,,,,,,,,,,grid_stat_20260730.stat,20260730_010000,,,,,,,,,560.0,184.0,275.0,8930.0
STAT,V12.0.0,20260820_055425,INANWP,NA,000000,20260730_010000,000000,20260730_010000,20260729_130000,20260729_130000,NA,RAINNC,"(*,*)",hourlyPrecipRateGC,"(*,*)",mm,mm,gt20,gt20,NA,0.05,CNT,10000.0,0.045,6.893,4.893,3.893,4.393,4.893,4.093,0.6571,23.94,4.893,0.5,3.914,0.225,0.9,0.1,1.0,0.5,0.2,0.1,0.05,0.04,0.03,grid_stat_20260730.stat,20260730_010000,,,,,,,,,,,,
STAT,V12.0.0,20260820_055425,INANWP,NA,000000,20260730_010000,000000,20260730_010000,20260729_130000,20260729_130000,NA,RAINNC,"(*,*)",hourlyPrecipRateGC,"(*,*)",mm,mm,gt20,gt20,NA,0.05,CTS,10000.0,,,,,,,,0.85,,,,,,,,,,,,,,,grid_stat_20260730.stat,20260730_010000,0.023,0.45,0.2536,0.15,0.2,0.3536,0.3,0.4,,,,
STAT,V12.0.0,20260820_055425,INANWP,NA,000000,20260730_010000,000000,20260730_010000,20260729_130000,20260729_130000,NA,RAINNC,"(*,*)",hourlyPrecipRateGC,"(*,*)",mm,mm,gt20,gt20,NA,0.05,CTC,10000.0,,,,,,,,,,,,,,,,,,,,,,,grid_stat_20260730.stat,20260730_010000,,,,,,,,,550.0,187.0,279.0,8925.0
STAT,V12.0.0,20260820_055425,INANWP,NA,000000,20260730_010000,000000,20260730_010000,20260729_130000,20260729_130000,NA,RAINNC,"(*,*)",hourlyPrecipRateGC,"(*,*)",mm,mm,gt50,gt50,NA,0.05,CNT,10000.0,0.045,6.893,4.893,3.893,4.393,4.893,4.093,0.6571,23.94,4.893,0.5,3.914,0.225,0.9,0.1,1.0,0.5,0.2,0.1,0.05,0.04,0.03,grid_stat_20260730.stat,20260730_010000,,,,,,,,,,,,
STAT,V12.0.0,20260820_055425,INANWP,NA,000000,20260730_010000,000000,20260730_010000,20260729_130000,20260729_130000,NA,RAINNC,"(*,*)",hourlyPrecipRateGC,"(*,*)",mm,mm,gt50,gt50,NA,0.05,CTS,10000.0,,,,,,,,0.85,,,,,,,,,,,,,,,grid_stat_20260730.stat,20260730_010000,0.023,0.45,0.1036,0.15,0.2,0.2036,0.3,0.4,,,,
STAT,V12.0.0,20260820_055425,INANWP,NA,000000,20260730_010000,000000,20260730_010000,20260729_130000,20260729_130000,NA,RAINNC,"(*,*)",hourlyPrecipRateGC,"(*,*)",mm,mm,gt50,gt50,NA,0.05,CTC,10000.0,,,,,,,,,,,,,,,,,,,,,,,grid_stat_20260730.stat,20260730_010000,,,,,,,,,520.0,194.0,291.0,8910.0
STAT,V12.0.0,20260820_055425,INANWP,NA,000000,20260730_020000,000000,20260730_020000,20260729_140000,20260729_140000,NA,RAINNC,"(*,*)",hourlyPrecipRateGC,"(*,*)",mm,mm,gt0.1,gt0.1,NA,0.05,CNT,10000.0,0.05,6.786,4.786,3.786,4.286,4.786,3.986,0.6643,22.903,4.786,0.5,3.829,0.25,0.9,0.1,1.0,0.5,0.2,0.1,0.05,0.04,0.03,grid_stat_20260730.stat,20260730_020000,,,,,,,,,,,,
STAT,V12.0.0,20260820_055425,INANWP,NA,000000,20260730_020000,000000,20260730_020000,20260729_140000,20260729_140000,NA,RAINNC,"(*,*)",hourlyPrecipRateGC,"(*,*)",mm,mm,gt0.1,gt0.1,NA,0.05,CTS,10000.0,,,,,,,,0.85,,,,,,,,,,,,,,,grid_stat_20260730.stat,20260730_020000,0.025,0.45,0.3566,0.15,0.2,0.4566,0.3,0.4,,,,
STAT,V12.0.0,20260820_055425,INANWP,NA,000000,20260730_020000,000000,20260730_020000,20260729_140000,20260729_140000,NA,RAINNC,"(*,*)",hourlyPrecipRateGC,"(*,*)",mm,mm,gt0.1,gt0.1,NA,0.05,CTC,10000.0,,,,,,,,,,,,,,,,,,,,,,,grid_stat_20260730.stat,20260730_020000,,,,,,,,,571.0,182.0,271.0,8935.0
STAT,V12.0.0,20260820_055425,INANWP,NA,000000,20260730_020000,000000,20260730_020000,20260729_140000,20260729_140000,NA,RAINNC,"(*,*)",hourlyPrecipRateGC,"(*,*)",mm,mm,gt1,gt1,NA,0.05,CNT,10000.0,0.05,6.786,4.786,3.786,4.286,4.786,3.986,0.6643,22.903,4.786,0.5,3.829,0.25,0.9,0.1,1.0,0.5,0.2,0.1,0.05,0.04,0.03,grid_stat_20260730.stat,20260730_020000,,,,,,,,,,,,
STAT,V12.0.0,20260820_055425,INANWP,NA,000000,20260730_020000,000000,20260730_020000,20260729_140000,20260729_140000,NA,RAINNC,"(*,*)",hourlyPrecipRateGC,"(*,*)",mm,mm,gt1,gt1,NA,0.05,CTS,10000.0,,,,,,,,0.85,,,,,,,,,,,,,,,grid_stat_20260730.stat,20260730_020000,0.025,0.45,0.3521,0.15,0.2,0.4521,0.3,0.4,,,,
STAT,V12.0.0,20260820_055425,INANWP,NA,000000,20260730_020000,000000,20260730_020000,20260729_140000,20260729_140000,NA,RAINNC,"(*,*)",hourlyPrecipRateGC,"(*,*)",mm,mm,gt1,gt1,NA,0.05,CTC,10000.0,,,,,,,,,,,,,,,,,,,,,,,grid_stat_20260730.stat,20260730_020000,,,,,,,,,570.0,182.0,271.0,8935.0
STAT,V12.0.0,20260820_055425,INANWP,NA,000000,20260730_020000,000000,20260730_020000,20260729_140000,20260729_140000,NA,RAINNC,"(*,*)",hourlyPrecipRateGC,"(*,*)",mm,mm,gt5,gt5,NA,0.05,CNT,10000.0,0.05,6.786,4.786,3.786,4.286,4.786,3.986,0.6643,22.903,4.786,0.5,3.829,0.25,0.9,0.1,1.0,0.5,0.2,0.1,0.05,0.04,0.03,grid_stat_20260730.stat,20260730_020000,,,,,,,,,,,,
STAT,V12.0.0,20260820_055425,INANWP,NA,000000,20260730_020000,000000,20260730_020000,20260729_140000,20260729_140000,NA,RAINNC,"(*,*)",hourlyPrecipRateGC,"(*,*)",mm,mm,gt5,gt5,NA,0.05,CTS,10000.0,,,,,,,,0.85,,,,,,,,,,,,,,,grid_stat_20260730.stat,20260730_020000,0.025,0.45,0.3321,0.15,0.2,0.4321,0.3,0.4,,,,
STAT,V12.0.0,20260820_055425,INANWP,NA,000000,20260730_020000,000000,20260730_020000,20260729_140000,20260729_140000,NA,RAINNC,"(*,*)",hourlyPrecipRateGC,"(*,*)",mm,mm,gt5,gt5,NA,0.05,CTC,10000.0,,,,,,,,,,,,,,,,,,,,,,,grid_stat_20260730.stat,20260730_020000,,,,,,,,,566.0,183.0,273.0,8933.0
STAT,V12.0.0,20260820_055425,INANWP,NA,000000,20260730_020000,000000,20260730_020000,20260729_140000,20260729_140000,NA,RAINNC,"(*,*)",hourlyPrecipRateGC,"(*,*)",mm,mm,gt10,gt10,NA,0.05,CNT,10000.0,0.05,6.786,4.786,3.786,4.286,4.786,3.986,0.6643,22.903,4.786,0.5,3.829,0.25,0.9,0.1,1.0,0.5,0.2,0.1,0.05,0.04,0.03,grid_stat_20260730.stat,20260730_020000,,,,,,,,,,,,
STAT,V12.0.0,20260820_055425,INANWP,NA,000000,20260730_020000,000000,20260730_020000,20260729_140000,20260729_140000,NA,RAINNC,"(*,*)",hourlyPrecipRateGC,"(*,*)",mm,mm,gt10,gt10,NA,0.05,CTS,10000.0,,,,,,,,0.85,,,,,,,,,,,,,,,grid_stat_20260730.stat,20260730_020000,0.025,0.45,0.3071,0.15,0.2,0.4071,0.3,0.4,,,,
STAT,V12.0.0,20260820_055425,INANWP,NA,000000,20260730_020000,000000,20260730_020000,20260729_140000,20260729_140000,NA,RAINNC,"(*,*)",hourlyPrecipRateGC,"(*,*)",mm,mm,gt10,gt10,NA,0.05,CTC,10000.0,,,,,,,,,,,,,,,,,,,,,,,grid_stat_20260730.stat,20260730_020000,,,,,,,,,561.0,184.0,275.0,8930.0
STAT,V12.0.0,20260820_055425,INANWP,NA,000000,20260730_020000,000000,20260730_020000,20260729_140000,20260729_140000,NA,RAINNC,"(*,*)",hourlyPrecipRateGC,"(*,*)",mm,mm,gt20,gt20,NA,0.05,CNT,10000.0,0.05,6.786,4.786,3.786,4.286,4.786,3.986,0.6643,22.903,4.786,0.5,3.829,0.25,0.9,0.1,1.0,0.5,0.2,0.1,0.05,0.04,0.03,grid_stat_20260730.stat,20260730_020000,,,,,,,,,,,,
STAT,V12.0.0,20260820_055425,INANWP,NA,000000,20260730_020000,000000,20260730_020000,20260729_140000,20260729_140000,NA,RAINNC,"(*,*)",hourlyPrecipRateGC,"(*,*)",mm,mm,gt20,gt20,NA,0.05,CTS,10000.0,,,,,,,,0.85,,,,,,,,,,,,,,,grid_stat_20260730.stat,20260730_020000,0.025,0.45,0.2571,0.15,0.2,0.3571,0.3,0.4,,,,
STAT,V12.0.0,20260820_055425,INANWP,NA,000000,20260730_020000,000000,20260730_020000,20260729_140000,20260729_140000,NA,RAINNC,"(*,*)",hourlyPrecipRateGC,"(*,*)",mm,mm,gt20,gt20,NA,0.05,CTC,10000.0,,,,,,,,,,,,,,,,,,,,,,,grid_stat_20260730.stat,20260730_020000,,,,,,,,,551.0,187.0,279.0,8925.0
STAT,V12.0.0,20260820_055425,INANWP,NA,000000,20260730_020000,000000,20260730_020000,20260729_140000,20260729_140000,NA,RAINNC,"(*,*)",hourlyPrecipRateGC,"(*,*)",mm,mm,gt50,gt50,NA,0.05,CNT,10000.0,0.05,6.786,4.786,3.786,4.286,4.786,3.986,0.6643,22.903,4.786,0.5,3.829,0.25,0.9,0.1,1.0,0.5,0.2,0.1,0.05,0.04,0.03,grid_stat_20260730.stat,20260730_020000,,,,,,,,,,,,
STAT,V12.0.0,20260820_055425,INANWP,NA,000000,20260730_020000,000000,20260730_020000,20260729_140000,20260729_140000,NA,RAINNC,"(*,*)",hourlyPrecipRateGC,"(*,*)",mm,mm,gt50,gt50,NA,0.05,CTS,10000.0,,,,,,,,0.85,,,,,,,,,,,,,,,grid_stat_20260730.stat,20260730_020000,0.025,0.45,0.1071,0.15,0.2,0.2071,0.3,0.4,,,,
STAT,V12.0.0,20260820_055425,INANWP,NA,000000,20260730_020000,000000,20260730_020000,20260729_140000,20260729_140000,NA,RAINNC,"(*,*)",hourlyPrecipRateGC,"(*,*)",mm,mm,gt50,gt50,NA,0.05,CTC,10000.0,,,,,,,,,,,,,,,,,,,,,,,grid_stat_20260730.stat,20260730_020000,,,,,,,,,521.0,194.0,291.0,8910.0
STAT,V12.0.0,20260820_055425,INANWP,NA,000000,20260730_030000,000000,20260730_030000,20260729_150000,20260729_150000,NA,RAINNC,"(*,*)",hourlyPrecipRateGC,"(*,*)",mm,mm,gt0.1,gt0.1,NA,0.05,CNT,10000.0,0.055,6.679,4.679,3.679,4.179,4.679,3.879,0.6714,21.889,4.679,0.5,3.743,0.275,0.9,0.1,1.0,0.5,0.2,0.1,0.05,0.04,0.03,grid_stat_20260730.stat,20260730_030000,,,,,,,,,,,,
STAT,V12.0.0,20260820_055425,INANWP,NA,000000,20260730_030000,000000,20260730_030000,20260729_150000,20260729_150000,NA,RAINNC,"(*,*)",hourlyPrecipRateGC,"(*,*)",mm,mm,gt0.1,gt0.1,NA,0.05,CTS,10000.0,,,,,,,,0.85,,,,,,,,,,,,,,,grid_stat_20260730.stat,20260730_030000,0.028,0.45,0.3602,0.15,0.2,0.4602,0.3,0.4,,,,
STAT,V12.0.0,20260820_055425,INANWP,NA,000000,20260730_030000,000000,20260730_030000,20260729_150000,20260729_150000,NA,RAINNC,"(*,*)",hourlyPrecipRateGC,"(*,*)",mm,mm,gt0.1,gt0.1,NA,0.05,CTC,10000.0,,,,,,,,,,,,,,,,,,,,,,,grid_stat_20260730.stat,20260730_030000,,,,,,,,,572.0,181.0,271.0,8936.0
STAT,V12.0.0,20260820_055425,INANWP,NA,000000,20260730_030000,000000,20260730_030000,20260729_150000,20260729_150000,NA,RAINNC,"(*,*)",hourlyPrecipRateGC,"(*,*)",mm,mm,gt1,gt1,NA,0.05,CNT,10000.0,0.055,6.679,4.679,3.679,4.179,4.679,3.879,0.6714,21.889,4.679,0.5,3.743,0.275,0.9,0.1,1.0,0.5,0.2,0.1,0.05,0.04,0.03,grid_stat_20260730.stat,20260730_030000,,,,,,,,,,,,
STAT,V12.0.0,20260820_055425,INANWP,NA,000000,20260730_030000,000000,20260730_030000,20260729_150000,20260729_150000,NA,RAINNC,"(*,*)",hourlyPrecipRateGC,"(*,*)",mm,mm,gt1,gt1,NA,0.05,CTS,10000.0,,,,,,,,0.85,,,,,,,,,,,,,,,grid_stat_20260730.stat,20260730_030000,0.028,0.45,0.3557,0.15,0.2,0.4557,0.3,0.4,,,,
STAT,V12.0.0,20260820_055425,INANWP,NA,000000,20260730_030000,000000,20260730_030000,20260729_150000,20260729_150000,NA,RAINNC,"(*,*)",hourlyPrecipRateGC,"(*,*)",mm,mm,gt1,gt1,NA,0.05,CTC,10000.0,,,,,,,,,,,,,,,,,,,,,,,grid_stat_20260730.stat,20260730_030000,,,,,,,,,571.0,182.0,271.0,8935.0
STAT,V12.0.0,20260820_055425,INANWP,NA,000000,20260730_030000,000000,20260730_030000,20260729_150000,20260729_150000,NA,RAINNC,"(*,*)",hourlyPrecipRateGC,"(*,*)",mm,mm,gt5,gt5,NA,0.05,CNT,10000.0,0.055,6.679,4.679,3.679,4.179,4.679,3.879,0.6714,21.889,4.679,0.5,3.743,0.275,0.9,0.1,1.0,0.5,0.2,0.1,0.05,0.04,0.03,grid_stat_20260730.stat,20260730_030000,,,,,,,,,,,,
STAT,V12.0.0,20260820_055425,INANWP,NA,000000,20260730_030000,000000,20260730_030000,20260729_150000,20260729_150000,NA,RAINNC,"(*,*)",hourlyPrecipRateGC,"(*,*)",mm,mm,gt5,gt5,NA,0.05,CTS,10000.0,,,,,,,,0.85,,,,,,,,,,,,,,,grid_stat_20260730.stat,20260730_030000,0.028,0.45,0.3357,0.15,0.2,0.4357,0.3,0.4,,,,
STAT,V12.0.0,20260820_055425,INANWP,NA,000000,20260730_030000,000000,20260730_030000,20260729_150000,20260729_150000,NA,RAINNC,"(*,*)",hourlyPrecipRateGC,"(*,*)",mm,mm,gt5,gt5,NA,0.05,CTC,10000.0,,,,,,,,,,,,,,,,,,,,,,,grid_stat_20260730.stat,20260730_030000,,,,,,,,,567.0,183.0,273.0,8933.0
STAT,V12.0.0,20260820_055425,INANWP,NA,000000,20260730_030000,000000,20260730_030000,20260729_150000,20260729_150000,NA,RAINNC,"(*,*)",hourlyPrecipRateGC,"(*,*)",mm,mm,gt10,gt10,NA,0.05,CNT,10000.0,0.055,6.679,4.679,3.679,4.179,4.679,3.879,0.6714,21.889,4.679,0.5,3.743,0.275,0.9,0.1,1.0,0.5,0.2,0.1,0.05,0.04,0.03,grid_stat_20260730.stat,20260730_030000,,,,,,,,,,,,
STAT,V12.0.0,20260820_055425,INANWP,NA,000000,20260730_030000,000000,20260730_030000,20260729_150000,20260729_150000,NA,RAINNC,"(*,*)",hourlyPrecipRateGC,"(*,*)",mm,mm,gt10,gt10,NA,0.05,CTS,10000.0,,,,,,,,0.85,,,,,,,,,,,,,,,grid_stat_20260730.stat,20260730_030000,0.028,0.45,0.3107,0.15,0.2,0.4107,0.3,0.4,,,,
STAT,V12.0.0,20260820_055425,INANWP,NA,000000,20260730_030000,000000,20260730_030000,20260729_150000,20260729_150000,NA,RAINNC,"(*,*)",hourlyPrecipRateGC,"(*,*)",mm,mm,gt10,gt10,NA,0.05,CTC,10000.0,,,,,,,,,,,,,,,,,,,,,,,grid_stat_20260730.stat,20260730_030000,,,,,,,,,562.0,184.0,275.0,8931.0
STAT,V12.0.0,20260820_055425,INANWP,NA,000000,20260730_030000,000000,20260730_030000,20260729_150000,20260729_150000,NA,RAINNC,"(*,*)",hourlyPrecipRateGC,"(*,*)",mm,mm,gt20,gt20,NA,0.05,CNT,10000.0,0.055,6.679,4.679,3.679,4.179,4.679,3.879,0.6714,21.889,4.679,0.5,3.743,0.275,0.9,0.1,1.0,0.5,0.2,0.1,0.05,0.04,0.03,grid_stat_20260730.stat,20260730_030000,,,,,,,,,,,,
STAT,V12.0.0,20260820_055425,INANWP,NA,000000,20260730_030000,000000,20260730_030000,20260729_150000,20260729_150000,NA,RAINNC,"(*,*)",hourlyPrecipRateGC,"(*,*)",mm,mm,gt20,gt20,NA,0.05,CTS,10000.0,,,,,,,,0.85,,,,,,,,,,,,,,,grid_stat_20260730.stat,20260730_030000,0.028,0.45,0.2607,0.15,0.2,0.3607,0.3,0.4,,,,
STAT,V12.0.0,20260820_055425,INANWP,NA,000000,20260730_030000,000000,20260730_030000,20260729_150000,20260729_150000,NA,RAINNC,"(*,*)",hourlyPrecipRateGC,"(*,*)",mm,mm,gt20,gt20,NA,0.05,CTC,10000.0,,,,,,,,,,,,,,,,,,,,,,,grid_stat_20260730.stat,20260730_030000,,,,,,,,,552.0,186.0,279.0,8926.0
STAT,V12.0.0,20260820_055425,INANWP,NA,000000,20260730_030000,000000,20260730_030000,20260729_150000,20260729_150000,NA,RAINNC,"(*,*)",hourlyPrecipRateGC,"(*,*)",mm,mm,gt50,gt50,NA,0.05,CNT,10000.0,0.055,6.679,4.679,3.679,4.179,4.679,3.879,0.6714,21.889,4.679,0.5,3.743,0.275,0.9,0.1,1.0,0.5,0.2,0.1,0.05,0.04,0.03,grid_stat_20260730.stat,20260730_030000,,,,,,,,,,,,
STAT,V12.0.0,20260820_055425,INANWP,NA,000000,20260730_030000,000000,20260730_030000,20260729_150000,20260729_150000,NA,RAINNC,"(*,*)",hourlyPrecipRateGC,"(*,*)",mm,mm,gt50,gt50,NA,0.05,CTS,10000.0,,,,,,,,0.85,,,,,,,,,,,,,,,grid_stat_20260730.stat,20260730_030000,0.028,0.45,0.1107,0.15,0.2,0.2107,0.3,0.4,,,,
STAT,V12.0.0,20260820_055425,INANWP,NA,000000,20260730_030000,000000,20260730_030000,20260729_150000,20260729_150000,NA,RAINNC,"(*,*)",hourlyPrecipRateGC,"(*,*)",mm,mm,gt50,gt50,NA,0.05,CTC,10000.0,,,,,,,,,,,,,,,,,,,,,,,grid_stat_20260730.stat,20260730_030000,,,,,,,,,522.0,194.0,291.0,8911.0
STAT,V12.0.0,20260820_055425,INANWP,NA,000000,20260730_040000,000000,20260730_040000,20260729_160000,20260729_160000,NA,RAINNC,"(*,*)",hourlyPrecipRateGC,"(*,*)",mm,mm,gt0.1,gt0.1,NA,0.05,CNT,10000.0,0.06,6.571,4.571,3.571,4.071,4.571,3.771,0.6786,20.898,4.571,0.5,3.657,0.3,0.9,0.1,1.0,0.5,0.2,0.1,0.05,0.04,0.03,grid_stat_20260730.stat,20260730_040000,,,,,,,,,,,,
STAT,V12.0.0,20260820_055425,INANWP,NA,000000,20260730_040000,000000,20260730_040000,20260729_160000,20260729_160000,NA,RAINNC,"(*,*)",hourlyPrecipRateGC,"(*,*)",mm,mm,gt0.1,gt0.1,NA,0.05,CTS,10000.0,,,,,,,,0.85,,,,,,,,,,,,,,,grid_stat_20260730.stat,20260730_040000,0.03,0.45,0.3638,0.15,0.2,0.4638,0.3,0.4,,,,
STAT,V12.0.0,20260820_055425,INANWP,NA,000000,20260730_040000,000000,20260730_040000,20260729_160000,20260729_160000,NA,RAINNC,"(*,*)",hourlyPrecipRateGC,"(*,*)",mm,mm,gt0.1,gt0.1,NA,0.05,CTC,10000.0,,,,,,,,,,,,,,,,,,,,,,,grid_stat_20260730.stat,20260730_040000,,,,,,,,,572.0,181.0,270.0,8936.0
STAT,V12.0.0,20260820_055425,INANWP,NA,000000,20260730_040000,000000,20260730_040000,20260729_160000,20260729_160000,NA,RAINNC,"(*,*)",hourlyPrecipRateGC,"(*,*)",mm,mm,gt1,gt1,NA,0.05,CNT,10000.0,0.06,6.571,4.571,3.571,4.071,4.571,3.771,0.6786,20.898,4.571,0.5,3.657,0.3,0.9,0.1,1.0,0.5,0.2,0.1,0.05,0.04,0.03,grid_stat_20260730.stat,20260730_040000,,,,,,,,,,,,
STAT,V12.0.0,20260820_055425,INANWP,NA,000000,20260730_040000,000000,20260730_040000,20260729_160000,20260729_160000,NA,RAINNC,"(*,*)",hourlyPrecipRateGC,"(*,*)",mm,mm,gt1,gt1,NA,0.05,CTS,10000.0,,,,,,,,0.85,,,,,,,,,,,,,,,grid_stat_20260730.stat,20260730_040000,0.03,0.45,0.3593,0.15,0.2,0.4593,0.3,0.4,,,,
STAT,V12.0.0,20260820_055425,INANWP,NA,000000,20260730_040000,000000,20260730_040000,20260729_160000,20260729_160000,NA,RAINNC,"(*,*)",hourlyPrecipRateGC,"(*,*)",mm,mm,gt1,gt1,NA,0.05,CTC,10000.0,,,,,,,,,,,,,,,,,,,,,,,grid_stat_20260730.stat,20260730_040000,,,,,,,,,571.0,182.0,271.0,8935.0
STAT,V12.0.0,20260820_055425,INANWP,NA,000000,20260730_040000,000000,20260730_040000,20260729_160000,20260729_160000,NA,RAINNC,"(*,*)",hourlyPrecipRateGC,"(*,*)",mm,mm,gt5,gt5,NA,0.05,CNT,10000.0,0.06,6.571,4.571,3.571,4.071,4.571,3.771,0.6786,20.898,4.571,0.5,3.657,0.3,0.9,0.1,1.0,0.5,0.2,0.1,0.05,0.04,0.03,grid_stat_20260730.stat,20260730_040000,,,,,,,,,,,,
STAT,V12.0.0,20260820_055425,INANWP,NA,000000,20260730_040000,000000,20260730_040000,20260729_160000,20260729_160000,NA,RAINNC,"(*,*)",hourlyPrecipRateGC,"(*,*)",mm,mm,gt5,gt5,NA,0.05,CTS,10000.0,,,,,,,,0.85,,,,,,,,,,,,,,,grid_stat_20260730.stat,20260730_040000,0.03,0.45,0.3393,0.15,0.2,0.4393,0.3,0.4,,,,
STAT,V12.0.0,20260820_055425,INANWP,NA,000000,20260730_040000,000000,20260730_040000,20260729_160000,20260729_160000,NA,RAINNC,"(*,*)",hourlyPrecipRateGC,"(*,*)",mm,mm,gt5,gt5,NA,0.05,CTC,10000.0,,,,,,,,,,,,,,,,,,,,,,,grid_stat_20260730.stat,20260730_040000,,,,,,,,,567.0,183.0,272.0,8933.0
STAT,V12.0.0,20260820_055425,INANWP,NA,000000,20260730_040000,000000,20260730_040000,20260729_160000,20260729_160000,NA,RAINNC,"(*,*)",hourlyPrecipRateGC,"(*,*)",mm,mm,gt10,gt10,NA,0.05,CNT,10000.0,0.06,6.571,4.571,3.571,4.071,4.571,3.771,0.6786,20.898,4.571,0.5,3.657,0.3,0.9,0.1,1.0,0.5,0.2,0.1,0.05,0.04,0.03,grid_stat_20260730.stat,20260730_040000,,,,,,,,,,,,
STAT,V12.0.0,20260820_055425,INANWP,NA,000000,20260730_040000,000000,20260730_040000,20260729_160000,20260729_160000,NA,RAINNC,"(*,*)",hourlyPrecipRateGC,"(*,*)",mm,mm,gt10,gt10,NA,0.05,CTS,10000.0,,,,,,,,0.85,,,,,,,,,,,,,,,grid_stat_20260730.stat,20260730_040000,0.03,0.45,0.3143,0.15,0.2,0.4143,0.3,0.4,,,,
STAT,V12.0.0,20260820_055425,INANWP,NA,000000,20260730_040000,000000,20260730_040000,20260729_160000,20260729_160000,NA,RAINNC,"(*,*)",hourlyPrecipRateGC,"(*,*)",mm,mm,gt10,gt10,NA,0.05,CTC,10000.0,,,,,,,,,,,,,,,,,,,,,,,grid_stat_20260730.stat,20260730_040000,,,,,,,,,562.0,184.0,274.0,8931.0
STAT,V12.0.0,20260820_055425,INANWP,NA,000000,20260730_040000,000000,20260730_040000,20260729_160000,20260729_160000,NA,RAINNC,"(*,*)",hourlyPrecipRateGC,"(*,*)",mm,mm,gt20,gt20,NA,0.05,CNT,10000.0,0.06,6.571,4.571,3.571,4.071,4.571,3.771,0.6786,20.898,4.571,0.5,3.657,0.3,0.9,0.1,1.0,0.5,0.2,0.1,0.05,0.04,0.03,grid_stat_20260730.stat,20260730_040000,,,,,,,,,,,,
STAT,V12.0.0,20260820_055425,INANWP,NA,000000,20260730_040000,000000,20260730_040000,20260729_160000,20260729_160000,NA,RAINNC,"(*,*)",hourlyPrecipRateGC,"(*,*)",mm,mm,gt20,gt20,NA,0.05,CTS,10000.0,,,,,,,,0.85,,,,,,,,,,,,,,,grid_stat_20260730.stat,20260730_040000,0.03,0.45,0.2643,0.15,0.2,0.3643,0.3,0.4,,,,
STAT,V12.0.0,20260820_055425,INANWP,NA,000000,20260730_040000,000000,20260730_040000,20260729_160000,20260729_160000,NA,RAINNC,"(*,*)",hourlyPrecipRateGC,"(*,*)",mm,mm,gt20,gt20,NA,0.05,CTC,10000.0,,,,,,,,,,,,,,,,,,,,,,,grid_stat_20260730.stat,20260730_040000,,,,,,,,,552.0,186.0,278.0,8926.0
STAT,V12.0.0,20260820_055425,INANWP,NA,000000,20260730_040000,000000,20260730_040000,20260729_160000,20260729_160000,NA,RAINNC,"(*,*)",hourlyPrecipRateGC,"(*,*)",mm,mm,gt50,gt50,NA,0.05,CNT,10000.0,0.06,6.571,4.571,3.571,4.071,4.571,3.771,0.6786,20.898,4.571,0.5,3.657,0.3,0.9,0.1,1.0,0.5,0.2,0.1,0.05,0.04,0.03,grid_stat_20260730.stat,20260730_040000,,,,,,,,,,,,
STAT,V12.0.0,20260820_055425,INANWP,NA,000000,20260730_040000,000000,20260730_040000,20260729_160000,20260729_160000,NA,RAINNC,"(*,*)",hourlyPrecipRateGC,"(*,*)",mm,mm,gt50,gt50,NA,0.05,CTS,10000.0,,,,,,,,0.85,,,,,,,,,,,,,,,grid_stat_20260730.stat,20260730_040000,0.03,0.45,0.1143,0.15,0.2,0.2143,0.3,0.4,,,,
STAT,V12.0.0,20260820_055425,INANWP,NA,000000,20260730_040000,000000,20260730_040000,20260729_160000,20260729_160000,NA,RAINNC,"(*,*)",hourlyPrecipRateGC,"(*,*)",mm,mm,gt50,gt50,NA,0.05,CTC,10000.0,,,,,,,,,,,,,,,,,,,,,,,grid_stat_20260730.stat,20260730_040000,,,,,,,,,522.0,194.0,290.0,8911.0
STAT,V12.0.0,20260820_055425,INANWP,NA,000000,20260730_050000,000000,20260730_050000,20260729_170000,20260729_170000,NA,RAINNC,"(*,*)",hourlyPrecipRateGC,"(*,*)",mm,mm,gt0.1,gt0.1,NA,0.05,CNT,10000.0,0.065,6.464,4.464,3.464,3.964,4.464,3.664,0.6857,19.93,4.464,0.5,3.571,0.325,0.9,0.1,1.0,0.5,0.2,0.1,0.05,0.04,0.03,grid_stat_20260730.stat,20260730_050000,,,,,,,,,,,,
STAT,V12.0.0,20260820_055425,INANWP,NA,000000,20260730_050000,000000,20260730_050000,20260729_170000,20260729_170000,NA,RAINNC,"(*,*)",hourlyPrecipRateGC,"(*,*)",mm,mm,gt0.1,gt0.1,NA,0.05,CTS,10000.0,,,,,,,,0.85,,,,,,,,,,,,,,,grid_stat_20260730.stat,20260730_050000,0.032,0.45,0.3674,0.15,0.2,0.4674,0.3,0.4,,,,
STAT,V12.0.0,20260820_055425,INANWP,NA,000000,20260730_050000,000000,20260730_050000,20260729_170000,20260729_170000,NA,RAINNC,"(*,*)",hourlyPrecipRateGC,"(*,*)",mm,mm,gt0.1,gt0.1,NA,0.05,CTC,10000.0,,,,,,,,,,,,,,,,,,,,,,,grid_stat_20260730.stat,20260730_050000,,,,,,,,,573.0,181.0,270.0,8936.0
STAT,V12.0.0,20260820_055425,INANWP,NA,000000,20260730_050000,000000,20260730_050000,20260729_170000,20260729_170000,NA,RAINNC,"(*,*)",hourlyPrecipRateGC,"(*,*)",mm,mm,gt1,gt1,NA,0.05,CNT,10000.0,0.065,6.464,4.464,3.464,3.964,4.464,3.664,0.6857,19.93,4.464,0.5,3.571,0.325,0.9,0.1,1.0,0.5,0.2,0.1,0.05,0.04,0.03,grid_stat_20260730.stat,20260730_050000,,,,,,,,,,,,
STAT,V12.0.0,20260820_055425,INANWP,NA,000000,20260730_050000,000000,20260730_050000,20260729_170000,20260729_170000,NA,RAINNC,"(*,*)",hourlyPrecipRateGC,"(*,*)",mm,mm,gt1,gt1,NA,0.05,CTS,10000.0,,,,,,,,0.85,,,,,,,,,,,,,,,grid_stat_20260730.stat,20260730_050000,0.032,0.45,0.3629,0.15,0.2,0.4629,0.3,0.4,,,,
STAT,V12.0.0,20260820_055425,INANWP,NA,000000,20260730_050000,000000,20260730_050000,20260729_170000,20260729_170000,NA,RAINNC,"(*,*)",hourlyPrecipRateGC,"(*,*)",mm,mm,gt1,gt1,NA,0.05,CTC,10000.0,,,,,,,,,,,,,,,,,,,,,,,grid_stat_20260730.stat,20260730_050000,,,,,,,,,572.0,181.0,270.0,8936.0
STAT,V12.0.0,20260820_055425,INANWP,NA,000000,20260730_050000,000000,20260730_050000,20260729_170000,20260729_170000,NA,RAINNC,"(*,*)",hourlyPrecipRateGC,"(*,*)",mm,mm,gt5,gt5,NA,0.05,CNT,10000.0,0.065,6.464,4.464,3.464,3.964,4.464,3.664,0.6857,19.93,4.464,0.5,3.571,0.325,0.9,0.1,1.0,0.5,0.2,0.1,0.05,0.04,0.03,grid_stat_20260730.stat,20260730_050000,,,,,,,,,,,,
STAT,V12.0.0,20260820_055425,INANWP,NA,000000,20260730_050000,000000,20260730_050000,20260729_170000,20260729_170000,NA,RAINNC,"(*,*)",hourlyPrecipRateGC,"(*,*)",mm,mm,gt5,gt5,NA,0.05,CTS,10000.0,,,,,,,,0.85,,,,,,,,,,,,,,,grid_stat_20260730.stat,20260730_050000,0.032,0.45,0.3429,0.15,0.2,0.4429,0.3,0.4,,,,
STAT,V12.0.0,20260820_055425,INANWP,NA,000000,20260730_050000,000000,20260730_050000,20260729_170000,20260729_170000,NA,RAINNC,"(*,*)",hourlyPrecipRateGC,"(*,*)",mm,mm,gt5,gt5,NA,0.05,CTC,10000.0,,,,,,,,,,,,,,,,,,,,,,,grid_stat_20260730.stat,20260730_050000,,,,,,,,,568.0,182.0,272.0,8934.0
STAT,V12.0.0,20260820_055425,INANWP,NA,000000,20260730_050000,000000,20260730_050000,20260729_170000,20260729_170000,NA,RAINNC,"(*,*)",hourlyPrecipRateGC,"(*,*)",mm,mm,gt10,gt10,NA,0.05,CNT,10000.0,0.065,6.464,4.464,3.464,3.964,4.464,3.664,0.6857,19.93,4.464,0.5,3.571,0.325,0.9,0.1,1.0,0.5,0.2,0.1,0.05,0.04,0.03,grid_stat_20260730.stat,20260730_050000,,,,,,,,,,,,
STAT,V12.0.0,20260820_055425,INANWP,NA,000000,20260730_050000,000000,20260730_050000,20260729_170000,20260729_170000,NA,RAINNC,"(*,*)",hourlyPrecipRateGC,"(*,*)",mm,mm,gt10,gt10,NA,0.05,CTS,10000.0,,,,,,,,0.85,,,,,,,,,,,,,,,grid_stat_20260730.stat,20260730_050000,0.032,0.45,0.3179,0.15,0.2,0.4179,0.3,0.4,,,,
STAT,V12.0.0,20260820_055425,INANWP,NA,000000,20260730_050000,000000,20260730_050000,20260729_170000,20260729_170000,NA,RAINNC,"(*,*)",hourlyPrecipRateGC,"(*,*)",mm,mm,gt10,gt10,NA,0.05,CTC,10000.0,,,,,,,,,,,,,,,,,,,,,,,grid_stat_20260730.stat,20260730_050000,,,,,,,,,563.0,184.0,274.0,8931.0
STAT,V12.0.0,20260820_055425,INANWP,NA,000000,20260730_050000,000000,20260730_050000,20260729_170000,20260729_170000,NA,RAINNC,"(*,*)",hourlyPrecipRateGC,"(*,*)",mm,mm,gt20,gt20,NA,0.05,CNT,10000.0,0.065,6.464,4.464,3.464,3.964,4.464,3.664,0.6857,19.93,4.464,0.5,3.571,0.325,0.9,0.1,1.0,0.5,0.2,0.1,0.05,0.04,0.03,grid_stat_20260730.stat,20260730_050000,,,,,,,,,,,,
STAT,V12.0.0,20260820_055425,INANWP,NA,000000,20260730_050000,000000,20260730_050000,20260729_170000,20260729_170000,NA,RAINNC,"(*,*)",hourlyPrecipRateGC,"(*,*)",mm,mm,gt20,gt20,NA,0.05,CTS,10000.0,,,,,,,,0.85,,,,,,,,,,,,,,,grid_stat_20260730.stat,20260730_050000,0.032,0.45,0.2679,0.15,0.2,0.3679,0.3,0.4,,,,
STAT,V12.0.0,20260820_055425,INANWP,NA,000000,20260730_050000,000000,20260730_050000,20260729_170000,20260729_170000,NA,RAINNC,"(*,*)",hourlyPrecipRateGC,"(*,*)",mm,mm,gt20,gt20,NA,0.05,CTC,10000.0,,,,,,,,,,,,,,,,,,,,,,,grid_stat_20260730.stat,20260730_050000,,,,,,,,,553.0,186.0,278.0,8926.0
STAT,V12.0.0,20260820_055425,INANWP,NA,000000,20260730_050000,000000,20260730_050000,20260729_170000,20260729_170000,NA,RAINNC,"(*,*)",hourlyPrecipRateGC,"(*,*)",mm,mm,gt50,gt50,NA,0.05,CNT,10000.0,0.065,6.464,4.464,3.464,3.964,4.464,3.664,0.6857,19.93,4.464,0.5,3.571,0.325,0.9,0.1,1.0,0.5,0.2,0.1,0.05,0.04,0.03,grid_stat_20260730.stat,20260730_050000,,,,,,,,,,,,
STAT,V12.0.0,20260820_055425,INANWP,NA,000000,20260730_050000,000000,20260730_050000,20260729_170000,20260729_170000,NA,RAINNC,"(*,*)",hourlyPrecipRateGC,"(*,*)",mm,mm,gt50,gt50,NA,0.05,CTS,10000.0,,,,,,,,0.85,,,,,,,,,,,,,,,grid_stat_20260730.stat,20260730_050000,0.032,0.45,0.1179,0.15,0.2,0.2179,0.3,0.4,,,,
STAT,V12.0.0,20260820_055425,INANWP,NA,000000,20260730_050000,000000,20260730_050000,20260729_170000,20260729_170000,NA,RAINNC,"(*,*)",hourlyPrecipRateGC,"(*,*)",mm,mm,gt50,gt50,NA,0.05,CTC,10000.0,,,,,,,,,,,,,,,,,,,,,,,grid_stat_20260730.stat,20260730_050000,,,,,,,,,523.0,194.0,290.0,8911.0
STAT,V12.0.0,20260820_055425,INANWP,NA,000000,20260730_060000,000000,20260730_060000,20260729_180000,20260729_180000,NA,RAINNC,"(*,*)",hourlyPrecipRateGC,"(*,*)",mm,mm,gt0.1,gt0.1,NA,0.05,CNT,10000.0,0.07,6.357,4.357,3.357,3.857,4.357,3.557,0.6929,18.985,4.357,0.5,3.486,0.35,0.9,0.1,1.0,0.5,0.2,0.1,0.05,0.04,0.03,grid_stat_20260730.stat,20260730_060000,,,,,,,,,,,,
STAT,V12.0.0,20260820_055425,INANWP,NA,000000,20260730_060000,000000,20260730_060000,20260729_180000,20260729_180000,NA,RAINNC,"(*,*)",hourlyPrecipRateGC,"(*,*)",mm,mm,gt0.1,gt0.1,NA,0.05,CTS,10000.0,,,,,,,,0.85,,,,,,,,,,,,,,,grid_stat_20260730.stat,20260730_060000,0.035,0.45,0.3709,0.15,0.2,0.4709,0.3,0.4,,,,
STAT,V12.0.0,20260820_055425,INANWP,NA,000000,20260730_060000,000000,20260730_060000,20260729_180000,20260729_180000,NA,RAINNC,"(*,*)",hourlyPrecipRateGC,"(*,*)",mm,mm,gt0.1,gt0.1,NA,0.05,CTC,10000.0,,,,,,,,,,,,,,,,,,,,,,,grid_stat_20260730.stat,20260730_060000,,,,,,,,,574.0,181.0,270.0,8937.0
STAT,V12.0.0,20260820_055425,INANWP,NA,000000,20260730_060000,000000,20260730_060000,20260729_180000,20260729_180000,NA,RAINNC,"(*,*)",hourlyPrecipRateGC,"(*,*)",mm,mm,gt1,gt1,NA,0.05,CNT,10000.0,0.07,6.357,4.357,3.357,3.857,4.357,3.557,0.6929,18.985,4.357,0.5,3.486,0.35,0.9,0.1,1.0,0.5,0.2,0.1,0.05,0.04,0.03,grid_stat_20260730.stat,20260730_060000,,,,,,,,,,,,
STAT,V12.0.0,20260820_055425,INANWP,NA,000000,20260730_060000,000000,20260730_060000,20260729_180000,20260729_180000,NA,RAINNC,"(*,*)",hourlyPrecipRateGC,"(*,*)",mm,mm,gt1,gt1,NA,0.05,CTS,10000.0,,,,,,,,0.85,,,,,,,,,,,,,,,grid_stat_20260730.stat,20260730_060000,0.035,0.45,0.3664,0.15,0.2,0.4664,0.3,0.4,,,,
STAT,V12.0.0,20260820_055425,INANWP,NA,000000,20260730_060000,000000,20260730_060000,20260729_180000,20260729_180000,NA,RAINNC,"(*,*)",hourlyPrecipRateGC,"(*,*)",mm,mm,gt1,gt1,NA,0.05,CTC,10000.0,,,,,,,,,,,,,,,,,,,,,,,grid_stat_20260730.stat,20260730_060000,,,,,,,,,573.0,181.0,270.0,8936.0
STAT,V12.0.0,20260820_055425,INANWP,NA,000000,20260730_060000,000000,20260730_060000,20260729_180000,20260729_180000,NA,RAINNC,"(*,*)",hourlyPrecipRateGC,"(*,*)",mm,mm,gt5,gt5,NA,0.05,CNT,10000.0,0.07,6.357,4.357,3.357,3.857,4.357,3.557,0.6929,18.985,4.357,0.5,3.486,0.35,0.9,0.1,1.0,0.5,0.2,0.1,0.05,0.04,0.03,grid_stat_20260730.stat,20260730_060000,,,,,,,,,,,,
STAT,V12.0.0,20260820_055425,INANWP,NA,000000,20260730_060000,000000,20260730_060000,20260729_180000,20260729_180000,NA,RAINNC,"(*,*)",hourlyPrecipRateGC,"(*,*)",mm,mm,gt5,gt5,NA,0.05,CTS,10000.0,,,,,,,,0.85,,,,,,,,,,,,,,,grid_stat_20260730.stat,20260730_060000,0.035,0.45,0.3464,0.15,0.2,0.4464,0.3,0.4,,,,
STAT,V12.0.0,20260820_055425,INANWP,NA,000000,20260730_060000,000000,20260730_060000,20260729_180000,20260729_180000,NA,RAINNC,"(*,*)",hourlyPrecipRateGC,"(*,*)",mm,mm,gt5,gt5,NA,0.05,CTC,10000.0,,,,,,,,,,,,,,,,,,,,,,,grid_stat_20260730.stat,20260730_060000,,,,,,,,,569.0,182.0,272.0,8934.0
STAT,V12.0.0,20260820_055425,INANWP,NA,000000,20260730_060000,000000,20260730_060000,20260729_180000,20260729_180000,NA,RAINNC,"(*,*)",hourlyPrecipRateGC,"(*,*)",mm,mm,gt10,gt10,NA,0.05,CNT,10000.0,0.07,6.357,4.357,3.357,3.857,4.357,3.557,0.6929,18.985,4.357,0.5,3.486,0.35,0.9,0.1,1.0,0.5,0.2,0.1,0.05,0.04,0.03,grid_stat_20260730.stat,20260730_060000,,,,,,,,,,,,
STAT,V12.0.0,20260820_055425,INANWP,NA,000000,20260730_060000,000000,20260730_060000,20260729_180000,20260729_180000,NA,RAINNC,"(*,*)",hourlyPrecipRateGC,"(*,*)",mm,mm,gt10,gt10,NA,0.05,CTS,10000.0,,,,,,,,0.85,,,,,,,,,,,,,,,grid_stat_20260730.stat,20260730_060000,0.035,0.45,0.3214,0.15,0.2,0.4214,0.3,0.4,,,,
STAT,V12.0.0,20260820_055425,INANWP,NA,000000,20260730_060000,000000,20260730_060000,20260729_180000,20260729_180000,NA,RAINNC,"(*,*)",hourlyPrecipRateGC,"(*,*)",mm,mm,gt10,gt10,NA,0.05,CTC,10000.0,,,,,,,,,,,,,,,,,,,,,,,grid_stat_20260730.stat,20260730_060000,,,,,,,,,564.0,183.0,274.0,8932.0
STAT,V12.0.0,20260820_055425,INANWP,NA,000000,20260730_060000,000000,20260730_060000,20260729_180000,20260729_180000,NA,RAINNC,"(*,*)",hourlyPrecipRateGC,"(*,*)",mm,mm,gt20,gt20,NA,0.05,CNT,10000.0,0.07,6.357,4.357,3.357,3.857,4.357,3.557,0.6929,18.985,4.357,0.5,3.486,0.35,0.9,0.1,1.0,0.5,0.2,0.1,0.05,0.04,0.03,grid_stat_20260730.stat,20260730_060000,,,,,,,,,,,,
STAT,V12.0.0,20260820_055425,INANWP,NA,000000,20260730_060000,000000,20260730_060000,20260729_180000,20260729_180000,NA,RAINNC,"(*,*)",hourlyPrecipRateGC,"(*,*)",mm,mm,gt20,gt20,NA,0.05,CTS,10000.0,,,,,,,,0.85,,,,,,,,,,,,,,,grid_stat_20260730.stat,20260730_060000,0.035,0.45,0.2714,0.15,0.2,0.3714,0.3,0.4,,,,
STAT,V12.0.0,20260820_055425,INANWP,NA,000000,20260730_060000,000000,20260730_060000,20260729_180000,20260729_180000,NA,RAINNC,"(*,*)",hourlyPrecipRateGC,"(*,*)",mm,mm,gt20,gt20,NA,0.05,CTC,10000.0,,,,,,,,,,,,,,,,,,,,,,,grid_stat_20260730.stat,20260730_060000,,,,,,,,,554.0,186.0,278.0,8927.0
STAT,V12.0.0,20260820_055425,INANWP,NA,000000,20260730_060000,000000,20260730_060000,20260729_180000,20260729_180000,NA,RAINNC,"(*,*)",hourlyPrecipRateGC,"(*,*)",mm,mm,gt50,gt50,NA,0.05,CNT,10000.0,0.07,6.357,4.357,3.357,3.857,4.357,3.557,0.6929,18.985,4.357,0.5,3.486,0.35,0.9,0.1,1.0,0.5,0.2,0.1,0.05,0.04,0.03,grid_stat_20260730.stat,20260730_060000,,,,,,,,,,,,
STAT,V12.0.0,20260820_055425,INANWP,NA,000000,20260730_060000,000000,20260730_060000,20260729_180000,20260729_180000,NA,RAINNC,"(*,*)",hourlyPrecipRateGC,"(*,*)",mm,mm,gt50,gt50,NA,0.05,CTS,10000.0,,,,,,,,0.85,,,,,,,,,,,,,,,grid_stat_20260730.stat,20260730_060000,0.035,0.45,0.1214,0.15,0.2,0.2214,0.3,0.4,,,,
STAT,V12.0.0,20260820_055425,INANWP,NA,000000,20260730_060000,000000,20260730_060000,20260729_180000,20260729_180000,NA,RAINNC,"(*,*)",hourlyPrecipRateGC,"(*,*)",mm,mm,gt50,gt50,NA,0.05,CTC,10000.0,,,,,,,,,,,,,,,,,,,,,,,grid_stat_20260730.stat,20260730_060000,,,,,,,,,524.0,193.0,290.0,8912.0
STAT,V12.0.0,20260820_055425,INANWP,NA,000000,20260730_070000,000000,20260730_070000,20260729_190000,20260729_190000,NA,RAINNC,"(*,*)",hourlyPrecipRateGC,"(*,*)",mm,mm,gt0.1,gt0.1,NA,0.05,CNT,10000.0,0.075,6.25,4.25,3.25,3.75,4.25,3.45,0.7,18.062,4.25,0.5,3.4,0.375,0.9,0.1,1.0,0.5,0.2,0.1,0.05,0.04,0.03,grid_stat_20260730.stat,20260730_070000,,,,,,,,,,,,
STAT,V12.0.0,20260820_055425,INANWP,NA,000000,20260730_070000,000000,20260730_070000,20260729_190000,20260729_190000,NA,RAINNC,"(*,*)",hourlyPrecipRateGC,"(*,*)",mm,mm,gt0.1,gt0.1,NA,0.05,CTS,10000.0,,,,,,,,0.85,,,,,,,,,,,,,,,grid_stat_20260730.stat,20260730_070000,0.037,0.45,0.3745,0.15,0.2,0.4745,0.3,0.4,,,,
STAT,V12.0.0,20260820_055425,INANWP,NA,000000,20260730_070000,000000,20260730_070000,20260729_190000,20260729_190000,NA,RAINNC,"(*,*)",hourlyPrecipRateGC,"(*,*)",mm,mm,gt0.1,gt0.1,NA,0.05,CTC,10000.0,,,,,,,,,,,,,,,,,,,,,,,grid_stat_20260730.stat,20260730_070000,,,,,,,,,574.0,181.0,270.0,8937.0
STAT,V12.0.0,20260820_055425,INANWP,NA,000000,20260730_070000,000000,20260730_070000,20260729_190000,20260729_190000,NA,RAINNC,"(*,*)",hourlyPrecipRateGC,"(*,*)",mm,mm,gt1,gt1,NA,0.05,CNT,10000.0,0.075,6.25,4.25,3.25,3.75,4.25,3.45,0.7,18.062,4.25,0.5,3.4,0.375,0.9,0.1,1.0,0.5,0.2,0.1,0.05,0.04,0.03,grid_stat_20260730.stat,20260730_070000,,,,,,,,,,,,
STAT,V12.0.0,20260820_055425,INANWP,NA,000000,20260730_070000,000000,20260730_070000,20260729_190000,20260729_190000,NA,RAINNC,"(*,*)",hourlyPrecipRateGC,"(*,*)",mm,mm,gt1,gt1,NA,0.05,CTS,10000.0,,,,,,,,0.85,,,,,,,,,,,,,,,grid_stat_20260730.stat,20260730_070000,0.037,0.45,0.37,0.15,0.2,0.47,0.3,0.4,,,,
STAT,V12.0.0,20260820_055425,INANWP,NA,000000,20260730_070000,000000,20260730_070000,20260729_190000,20260729_190000,NA,RAINNC,"(*,*)",hourlyPrecipRateGC,"(*,*)",mm,mm,gt1,gt1,NA,0.05,CTC,10000.0,,,,,,,,,,,,,,,,,,,,,,,grid_stat_20260730.stat,20260730_070000,,,,,,,,,574.0,181.0,270.0,8937.0
STAT,V12.0.0,20260820_055425,INANWP,NA,000000,20260730_070000,000000,20260730_070000,20260729_190000,20260729_190000,NA,RAINNC,"(*,*)",hourlyPrecipRateGC,"(*,*)",mm,mm,gt5,gt5,NA,0.05,CNT,10000.0,0.075,6.25,4.25,3.25,3.75,4.25,3.45,0.7,18.062,4.25,0.5,3.4,0.375,0.9,0.1,1.0,0.5,0.2,0.1,0.05,0.04,0.03,grid_stat_20260730.stat,20260730_070000,,,,,,,,,,,,
STAT,V12.0.0,20260820_055425,INANWP,NA,000000,20260730_070000,000000,20260730_070000,20260729_190000,20260729_190000,NA,RAINNC,"(*,*)",hourlyPrecipRateGC,"(*,*)",mm,mm,gt5,gt5,NA,0.05,CTS,10000.0,,,,,,,,0.85,,,,,,,,,,,,,,,grid_stat_20260730.stat,20260730_070000,0.037,0.45,0.35,0.15,0.2,0.45,0.3,0.4,,,,
STAT,V12.0.0,20260820_055425,INANWP,NA,000000,20260730_070000,000000,20260730_070000,20260729_190000,20260729_190000,NA,RAINNC,"(*,*)",hourlyPrecipRateGC,"(*,*)",mm,mm,gt5,gt5,NA,0.05,CTC,10000.0,,,,,,,,,,,,,,,,,,,,,,,grid_stat_20260730.stat,20260730_070000,,,,,,,,,570.0,182.0,272.0,8935.0
STAT,V12.0.0,20260820_055425,INANWP,NA,000000,20260730_070000,000000,20260730_070000,20260729_190000,20260729_190000,NA,RAINNC,"(*,*)",hourlyPrecipRateGC,"(*,*)",mm,mm,gt10,gt10,NA,0.05,CNT,10000.0,0.075,6.25,4.25,3.25,3.75,4.25,3.45,0.7,18.062,4.25,0.5,3.4,0.375,0.9,0.1,1.0,0.5,0.2,0.1,0.05,0.04,0.03,grid_stat_20260730.stat,20260730_070000,,,,,,,,,,,,
STAT,V12.0.0,20260820_055425,INANWP,NA,000000,20260730_070000,000000,20260730_070000,20260729_190000,20260729_190000,NA,RAINNC,"(*,*)",hourlyPrecipRateGC,"(*,*)",mm,mm,gt10,gt10,NA,0.05,CTS,10000.0,,,,,,,,0.85,,,,,,,,,,,,,,,grid_stat_20260730.stat,20260730_070000,0.037,0.45,0.325,0.15,0.2,0.425,0.3,0.4,,,,
STAT,V12.0.0,20260820_055425,INANWP,NA,000000,20260730_070000,000000,20260730_070000,20260729_190000,20260729_190000,NA,RAINNC,"(*,*)",hourlyPrecipRateGC,"(*,*)",mm,mm,gt10,gt10,NA,0.05,CTC,10000.0,,,,,,,,,,,,,,,,,,,,,,,grid_stat_20260730.stat,20260730_070000,,,,,,,,,565.0,183.0,274.0,8932.0
STAT,V12.0.0,20260820_055425,INANWP,NA,000000,20260730_070000,000000,20260730_070000,20260729_190000,20260729_190000,NA,RAINNC,"(*,*)",hourlyPrecipRateGC,"(*,*)",mm,mm,gt20,gt20,NA,0.05,CNT,10000.0,0.075,6.25,4.25,3.25,3.75,4.25,3.45,0.7,18.062,4.25,0.5,3.4,0.375,0.9,0.1,1.0,0.5,0.2,0.1,0.05,0.04,0.03,grid_stat_20260730.stat,20260730_070000,,,,,,,,,,,,
STAT,V12.0.0,20260820_055425,INANWP,NA,000000,20260730_070000,000000,20260730_070000,20260729_190000,20260729_190000,NA,RAINNC,"(*,*)",hourlyPrecipRateGC,"(*,*)",mm,mm,gt20,gt20,NA,0.05,CTS,10000.0,,,,,,,,0.85,,,,,,,,,,,,,,,grid_stat_20260730.stat,20260730_070000,0.037,0.45,0.275,0.15,0.2,0.375,0.3,0.4,,,,
STAT,V12.0.0,20260820_055425,INANWP,NA,000000,20260730_070000,000000,20260730_070000,20260729_190000,20260729_190000,NA,RAINNC,"(*,*)",hourlyPrecipRateGC,"(*,*)",mm,mm,gt20,gt20,NA,0.05,CTC,10000.0,,,,,,,,,,,,,,,,,,,,,,,grid_stat_20260730.stat,20260730_070000,,,,,,,,,555.0,186.0,278.0,8927.0
STAT,V12.0.0,20260820_055425,INANWP,NA,000000,20260730_070000,000000,20260730_070000,20260729_190000,20260729_190000,NA,RAINNC,"(*,*)",hourlyPrecipRateGC,"(*,*)",mm,mm,gt50,gt50,NA,0.05,CNT,10000.0,0.075,6.25,4.25,3.25,3.75,4.25,3.45,0.7,18.062,4.25,0.5,3.4,0.375,0.9,0.1,1.0,0.5,0.2,0.1,0.05,0.04,0.03,grid_stat_20260730.stat,20260730_070000,,,,,,,,,,,,
STAT,V12.0.0,20260820_055425,INANWP,NA,000000,20260730_070000,000000,20260730_070000,20260729_190000,20260729_190000,NA,RAINNC,"(*,*)",hourlyPrecipRateGC,"(*,*)",mm,mm,gt50,gt50,NA,0.05,CTS,10000.0,,,,,,,,0.85,,,,,,,,,,,,,,,grid_stat_20260730.stat,20260730_070000,0.037,0.45,0.125,0.15,0.2,0.225,0.3,0.4,,,,
STAT,V12.0.0,20260820_055425,INANWP,NA,000000,20260730_070000,000000,20260730_070000,20260729_190000,20260729_190000,NA,RAINNC,"(*,*)",hourlyPrecipRateGC,"(*,*)",mm,mm,gt50,gt50,NA,0.05,CTC,10000.0,,,,,,,,,,,,,,,,,,,,,,,grid_stat_20260730.stat,20260730_070000,,,,,,,,,525.0,193.0,290.0,8912.0
STAT,V12.0.0,20260820_055425,INANWP,NA,000000,20260730_080000,000000,20260730_080000,20260729_200000,20260729_200000,NA,RAINNC,"(*,*)",hourlyPrecipRateGC,"(*,*)",mm,mm,gt0.1,gt0.1,NA,0.05,CNT,10000.0,0.08,6.143,4.143,3.143,3.643,4.143,3.343,0.7071,17.163,4.143,0.5,3.314,0.4,0.9,0.1,1.0,0.5,0.2,0.1,0.05,0.04,0.03,grid_stat_20260730.stat,20260730_080000,,,,,,,,,,,,
STAT,V12.0.0,20260820_055425,INANWP,NA,000000,20260730_080000,000000,20260730_080000,20260729_200000,20260729_200000,NA,RAINNC,"(*,*)",hourlyPrecipRateGC,"(*,*)",mm,mm,gt0.1,gt0.1,NA,0.05,CTS,10000.0,,,,,,,,0.85,,,,,,,,,,,,,,,grid_stat_20260730.stat,20260730_080000,0.04,0.45,0.3781,0.15,0.2,0.4781,0.3,0.4,,,,
STAT,V12.0.0,20260820_055425,INANWP,NA,000000,20260730_080000,000000,20260730_080000,20260729_200000,20260729_200000,NA,RAINNC,"(*,*)",hourlyPrecipRateGC,"(*,*)",mm,mm,gt0.1,gt0.1,NA,0.05,CTC,10000.0,,,,,,,,,,,,,,,,,,,,,,,grid_stat_20260730.stat,20260730_080000,,,,,,,,,575.0,181.0,269.0,8937.0
STAT,V12.0.0,20260820_055425,INANWP,NA,000000,20260730_080000,000000,20260730_080000,20260729_200000,20260729_200000,NA,RAINNC,"(*,*)",hourlyPrecipRateGC,"(*,*)",mm,mm,gt1,gt1,NA,0.05,CNT,10000.0,0.08,6.143,4.143,3.143,3.643,4.143,3.343,0.7071,17.163,4.143,0.5,3.314,0.4,0.9,0.1,1.0,0.5,0.2,0.1,0.05,0.04,0.03,grid_stat_20260730.stat,20260730_080000,,,,,,,,,,,,
STAT,V12.0.0,20260820_055425,INANWP,NA,000000,20260730_080000,000000,20260730_080000,20260729_200000,20260729_200000,NA,RAINNC,"(*,*)",hourlyPrecipRateGC,"(*,*)",mm,mm,gt1,gt1,NA,0.05,CTS,10000.0,,,,,,,,0.85,,,,,,,,,,,,,,,grid_stat_20260730.stat,20260730_080000,0.04,0.45,0.3736,0.15,0.2,0.4736,0.3,0.4,,,,
STAT,V12.0.0,20260820_055425,INANWP,NA,000000,20260730_080000,000000,20260730_080000,20260729_200000,20260729_200000,NA,RAINNC,"(*,*)",hourlyPrecipRateGC,"(*,*)",mm,mm,gt1,gt1,NA,0.05,CTC,10000.0,,,,,,,,,,,,,,,,,,,,,,,grid_stat_20260730.stat,20260730_080000,,,,,,,,,574.0,181.0,270.0,8937.0
STAT,V12.0.0,20260820_055425,INANWP,NA,000000,20260730_080000,000000,20260730_080000,20260729_200000,20260729_200000,NA,RAINNC,"(*,*)",hourlyPrecipRateGC,"(*,*)",mm,mm,gt5,gt5,NA,0.05,CNT,10000.0,0.08,6.143,4.143,3.143,3.643,4.143,3.343,0.7071,17.163,4.143,0.5,3.314,0.4,0.9,0.1,1.0,0.5,0.2,0.1,0.05,0.04,0.03,grid_stat_20260730.stat,20260730_080000,,,,,,,,,,,,
STAT,V12.0.0,20260820_055425,INANWP,NA,000000,20260730_080000,000000,20260730_080000,20260729_200000,20260729_200000,NA,RAINNC,"(*,*)",hourlyPrecipRateGC,"(*,*)",mm,mm,gt5,gt5,NA,0.05,CTS,10000.0,,,,,,,,0.85,,,,,,,,,,,,,,,grid_stat_20260730.stat,20260730_080000,0.04,0.45,0.3536,0.15,0.2,0.4536,0.3,0.4,,,,
STAT,V12.0.0,20260820_055425,INANWP,NA,000000,20260730_080000,000000,20260730_080000,20260729_200000,20260729_200000,NA,RAINNC,"(*,*)",hourlyPrecipRateGC,"(*,*)",mm,mm,gt5,gt5,NA,0.05,CTC,10000.0,,,,,,,,,,,,,,,,,,,,,,,grid_stat_20260730.stat,20260730_080000,,,,,,,,,570.0,182.0,271.0,8935.0
STAT,V12.0.0,20260820_055425,INANWP,NA,000000,20260730_080000,000000,20260730_080000,20260729_200000,20260729_200000,NA,RAINNC,"(*,*)",hourlyPrecipRateGC,"(*,*)",mm,mm,gt10,gt10,NA,0.05,CNT,10000.0,0.08,6.143,4.143,3.143,3.643,4.143,3.343,0.7071,17.163,4.143,0.5,3.314,0.4,0.9,0.1,1.0,0.5,0.2,0.1,0.05,0.04,0.03,grid_stat_20260730.stat,20260730_080000,,,,,,,,,,,,
STAT,V12.0.0,20260820_055425,INANWP,NA,000000,20260730_080000,000000,20260730_080000,20260729_200000,20260729_200000,NA,RAINNC,"(*,*)",hourlyPrecipRateGC,"(*,*)",mm,mm,gt10,gt10,NA,0.05,CTS,10000.0,,,,,,,,0.85,,,,,,,,,,,,,,,grid_stat_20260730.stat,20260730_080000,0.04,0.45,0.3286,0.15,0.2,0.4286,0.3,0.4,,,,
STAT,V12.0.0,20260820_055425,INANWP,NA,000000,20260730_080000,000000,20260730_080000,20260729_200000,20260729_200000,NA,RAINNC,"(*,*)",hourlyPrecipRateGC,"(*,*)",mm,mm,gt10,gt10,NA,0.05,CTC,10000.0,,,,,,,,,,,,,,,,,,,,,,,grid_stat_20260730.stat,20260730_080000,,,,,,,,,565.0,183.0,273.0,8932.0
STAT,V12.0.0,20260820_055425,INANWP,NA,000000,20260730_080000,000000,20260730_080000,20260729_200000,20260729_200000,NA,RAINNC,"(*,*)",hourlyPrecipRateGC,"(*,*)",mm,mm,gt20,gt20,NA,0.05,CNT,10000.0,0.08,6.143,4.143,3.143,3.643,4.143,3.343,0.7071,17.163,4.143,0.5,3.314,0.4,0.9,0.1,1.0,0.5,0.2,0.1,0.05,0.04,0.03,grid_stat_20260730.stat,20260730_080000,,,,,,,,,,,,
STAT,V12.0.0,20260820_055425,INANWP,NA,000000,20260730_080000,000000,20260730_080000,20260729_200000,20260729_200000,NA,RAINNC,"(*,*)",hourlyPrecipRateGC,"(*,*)",mm,mm,gt20,gt20,NA,0.05,CTS,10000.0,,,,,,,,0.85,,,,,,,,,,,,,,,grid_stat_20260730.stat,20260730_080000,0.04,0.45,0.2786,0.15,0.2,0.3786,0.3,0.4,,,,
STAT,V12.0.0,20260820_055425,INANWP,NA,000000,20260730_080000,000000,20260730_080000,20260729_200000,20260729_200000,NA,RAINNC,"(*,*)",hourlyPrecipRateGC,"(*,*)",mm,mm,gt20,gt20,NA,0.05,CTC,10000.0,,,,,,,,,,,,,,,,,,,,,,,grid_stat_20260730.stat,20260730_080000,,,,,,,,,555.0,186.0,277.0,8927.0
STAT,V12.0.0,20260820_055425,INANWP,NA,000000,20260730_080000,000000,20260730_080000,20260729_200000,20260729_200000,NA,RAINNC,"(*,*)",hourlyPrecipRateGC,"(*,*)",mm,mm,gt50,gt50,NA,0.05,CNT,10000.0,0.08,6.143,4.143,3.143,3.643,4.143,3.343,0.7071,17.163,4.143,0.5,3.314,0.4,0.9,0.1,1.0,0.5,0.2,0.1,0.05,0.04,0.03,grid_stat_20260730.stat,20260730_080000,,,,,,,,,,,,
STAT,V12.0.0,20260820_055425,INANWP,NA,000000,20260730_080000,000000,20260730_080000,20260729_200000,20260729_200000,NA,RAINNC,"(*,*)",hourlyPrecipRateGC,"(*,*)",mm,mm,gt50,gt50,NA,0.05,CTS,10000.0,,,,,,,,0.85,,,,,,,,,,,,,,,grid_stat_20260730.stat,20260730_080000,0.04,0.45,0.1286,0.15,0.2,0.2286,0.3,0.4,,,,
STAT,V12.0.0,20260820_055425,INANWP,NA,000000,20260730_080000,000000,20260730_080000,20260729_200000,20260729_200000,NA,RAINNC,"(*,*)",hourlyPrecipRateGC,"(*,*)",mm,mm,gt50,gt50,NA,0.05,CTC,10000.0,,,,,,,,,,,,,,,,,,,,,,,grid_stat_20260730.stat,20260730_080000,,,,,,,,,525.0,193.0,289.0,8912.0
STAT,V12.0.0,20260820_055425,INANWP,NA,000000,20260730_090000,000000,20260730_090000,20260729_210000,20260729_210000,NA,RAINNC,"(*,*)",hourlyPrecipRateGC,"(*,*)",mm,mm,gt0.1,gt0.1,NA,0.05,CNT,10000.0,0.085,6.036,4.036,3.036,3.536,4.036,3.236,0.7143,16.287,4.036,0.5,3.229,0.425,0.9,0.1,1.0,0.5,0.2,0.1,0.05,0.04,0.03,grid_stat_20260730.stat,20260730_090000,,,,,,,,,,,,
STAT,V12.0.0,20260820_055425,INANWP,NA,000000,20260730_090000,000000,20260730_090000,20260729_210000,20260729_210000,NA,RAINNC,"(*,*)",hourlyPrecipRateGC,"(*,*)",mm,mm,gt0.1,gt0.1,NA,0.05,CTS,10000.0,,,,,,,,0.85,,,,,,,,,,,,,,,grid_stat_20260730.stat,20260730_090000,0.042,0.45,0.3816,0.15,0.2,0.4816,0.3,0.4,,,,
STAT,V12.0.0,20260820_055425,INANWP,NA,000000,20260730_090000,000000,20260730_090000,20260729_210000,20260729_210000,NA,RAINNC,"(*,*)",hourlyPrecipRateGC,"(*,*)",mm,mm,gt0.1,gt0.1,NA,0.05,CTC,10000.0,,,,,,,,,,,,,,,,,,,,,,,grid_stat_20260730.stat,20260730_090000,,,,,,,,,576.0,180.0,269.0,8938.0
STAT,V12.0.0,20260820_055425,INANWP,NA,000000,20260730_090000,000000,20260730_090000,20260729_210000,20260729_210000,NA,RAINNC,"(*,*)",hourlyPrecipRateGC,"(*,*)",mm,mm,gt1,gt1,NA,0.05,CNT,10000.0,0.085,6.036,4.036,3.036,3.536,4.036,3.236,0.7143,16.287,4.036,0.5,3.229,0.425,0.9,0.1,1.0,0.5,0.2,0.1,0.05,0.04,0.03,grid_stat_20260730.stat,20260730_090000,,,,,,,,,,,,
STAT,V12.0.0,20260820_055425,INANWP,NA,000000,20260730_090000,000000,20260730_090000,20260729_210000,20260729_210000,NA,RAINNC,"(*,*)",hourlyPrecipRateGC,"(*,*)",mm,mm,gt1,gt1,NA,0.05,CTS,10000.0,,,,,,,,0.85,,,,,,,,,,,,,,,grid_stat_20260730.stat,20260730_090000,0.042,0.45,0.3771,0.15,0.2,0.4771,0.3,0.4,,,,
STAT,V12.0.0,20260820_055425,INANWP,NA,000000,20260730_090000,000000,20260730_090000,20260729_210000,20260729_210000,NA,RAINNC,"(*,*)",hourlyPrecipRateGC,"(*,*)",mm,mm,gt1,gt1,NA,0.05,CTC,10000.0,,,,,,,,,,,,,,,,,,,,,,,grid_stat_20260730.stat,20260730_090000,,,,,,,,,575.0,181.0,269.0,8937.0
STAT,V12.0.0,20260820_055425,INANWP,NA,000000,20260730_090000,000000,20260730_090000,20260729_210000,20260729_210000,NA,RAINNC,"(*,*)",hourlyPrecipRateGC,"(*,*)",mm,mm,gt5,gt5,NA,0.05,CNT,10000.0,0.085,6.036,4.036,3.036,3.536,4.036,3.236,0.7143,16.287,4.036,0.5,3.229,0.425,0.9,0.1,1.0,0.5,0.2,0.1,0.05,0.04,0.03,grid_stat_20260730.stat,20260730_090000,,,,,,,,,,,,
STAT,V12.0.0,20260820_055425,INANWP,NA,000000,20260730_090000,000000,20260730_090000,20260729_210000,20260729_210000,NA,RAINNC,"(*,*)",hourlyPrecipRateGC,"(*,*)",mm,mm,gt5,gt5,NA,0.05,CTS,10000.0,,,,,,,,0.85,,,,,,,,,,,,,,,grid_stat_20260730.stat,20260730_090000,0.042,0.45,0.3571,0.15,0.2,0.4571,0.3,0.4,,,,
STAT,V12.0.0,20260820_055425,INANWP,NA,000000,20260730_090000,000000,20260730_090000,20260729_210000,20260729_210000,NA,RAINNC,"(*,*)",hourlyPrecipRateGC,"(*,*)",mm,mm,gt5,gt5,NA,0.05,CTC,10000.0,,,,,,,,,,,,,,,,,,,,,,,grid_stat_20260730.stat,20260730_090000,,,,,,,,,571.0,182.0,271.0,8935.0
STAT,V12.0.0,20260820_055425,INANWP,NA,000000,20260730_090000,000000,20260730_090000,20260729_210000,20260729_210000,NA,RAINNC,"(*,*)",hourlyPrecipRateGC,"(*,*)",mm,mm,gt10,gt10,NA,0.05,CNT,10000.0,0.085,6.036,4.036,3.036,3.536,4.036,3.236,0.7143,16.287,4.036,0.5,3.229,0.425,0.9,0.1,1.0,0.5,0.2,0.1,0.05,0.04,0.03,grid_stat_20260730.stat,20260730_090000,,,,,,,,,,,,
STAT,V12.0.0,20260820_055425,INANWP,NA,000000,20260730_090000,000000,20260730_090000,20260729_210000,20260729_210000,NA,RAINNC,"(*,*)",hourlyPrecipRateGC,"(*,*)",mm,mm,gt10,gt10,NA,0.05,CTS,10000.0,,,,,,,,0.85,,,,,,,,,,,,,,,grid_stat_20260730.stat,20260730_090000,0.042,0.45,0.3321,0.15,0.2,0.4321,0.3,0.4,,,,
STAT,V12.0.0,20260820_055425,INANWP,NA,000000,20260730_090000,000000,20260730_090000,20260729_210000,20260729_210000,NA,RAINNC,"(*,*)",hourlyPrecipRateGC,"(*,*)",mm,mm,gt10,gt10,NA,0.05,CTC,10000.0,,,,,,,,,,,,,,,,,,,,,,,grid_stat_20260730.stat,20260730_090000,,,,,,,,,566.0,183.0,273.0,8933.0
STAT,V12.0.0,20260820_055425,INANWP,NA,000000,20260730_090000,000000,20260730_090000,20260729_210000,20260729_210000,NA,RAINNC,"(*,*)",hourlyPrecipRateGC,"(*,*)",mm,mm,gt20,gt20,NA,0.05,CNT,10000.0,0.085,6.036,4.036,3.036,3.536,4.036,3.236,0.7143,16.287,4.036,0.5,3.229,0.425,0.9,0.1,1.0,0.5,0.2,0.1,0.05,0.04,0.03,grid_stat_20260730.stat,20260730_090000,,,,,,,,,,,,
STAT,V12.0.0,20260820_055425,INANWP,NA,000000,20260730_090000,000000,20260730_090000,20260729_210000,20260729_210000,NA,RAINNC,"(*,*)",hourlyPrecipRateGC,"(*,*)",mm,mm,gt20,gt20,NA,0.05,CTS,10000.0,,,,,,,,0.85,,,,,,,,,,,,,,,grid_stat_20260730.stat,20260730_090000,0.042,0.45,0.2821,0.15,0.2,0.3821,0.3,0.4,,,,
STAT,V12.0.0,20260820_055425,INANWP,NA,000000,20260730_090000,000000,20260730_090000,20260729_210000,20260729_210000,NA,RAINNC,"(*,*)",hourlyPrecipRateGC,"(*,*)",mm,mm,gt20,gt20,NA,0.05,CTC,10000.0,,,,,,,,,,,,,,,,,,,,,,,grid_stat_20260730.stat,20260730_090000,,,,,,,,,556.0,185.0,277.0,8928.0
STAT,V12.0.0,20260820_055425,INANWP,NA,000000,20260730_090000,000000,20260730_090000,20260729_210000,20260729_210000,NA,RAINNC,"(*,*)",hourlyPrecipRateGC,"(*,*)",mm,mm,gt50,gt50,NA,0.05,CNT,10000.0,0.085,6.036,4.036,3.036,3.536,4.036,3.236,0.7143,16.287,4.036,0.5,3.229,0.425,0.9,0.1,1.0,0.5,0.2,0.1,0.05,0.04,0.03,grid_stat_20260730.stat,20260730_090000,,,,,,,,,,,,
STAT,V12.0.0,20260820_055425,INANWP,NA,000000,20260730_090000,000000,20260730_090000,20260729_210000,20260729_210000,NA,RAINNC,"(*,*)",hourlyPrecipRateGC,"(*,*)",mm,mm,gt50,gt50,NA,0.05,CTS,10000.0,,,,,,,,0.85,,,,,,,,,,,,,,,grid_stat_20260730.stat,20260730_090000,0.042,0.45,0.1321,0.15,0.2,0.2321,0.3,0.4,,,,
STAT,V12.0.0,20260820_055425,INANWP,NA,000000,20260730_090000,000000,20260730_090000,20260729_210000,20260729_210000,NA,RAINNC,"(*,*)",hourlyPrecipRateGC,"(*,*)",mm,mm,gt50,gt50,NA,0.05,CTC,10000.0,,,,,,,,,,,,,,,,,,,,,,,grid_stat_20260730.stat,20260730_090000,,,,,,,,,526.0,193.0,289.0,8913.0
STAT,V12.0.0,20260820_055425,INANWP,NA,000000,20260730_100000,000000,20260730_100000,20260729_220000,20260729_220000,NA,RAINNC,"(*,*)",hourlyPrecipRateGC,"(*,*)",mm,mm,gt0.1,gt0.1,NA,0.05,CNT,10000.0,0.09,5.929,3.929,2.929,3.429,3.929,3.129,0.7214,15.434,3.929,0.5,3.143,0.45,0.9,0.1,1.0,0.5,0.2,0.1,0.05,0.04,0.03,grid_stat_20260730.stat,20260730_100000,,,,,,,,,,,,
STAT,V12.0.0,20260820_055425,INANWP,NA,000000,20260730_100000,000000,20260730_100000,20260729_220000,20260729_220000,NA,RAINNC,"(*,*)",hourlyPrecipRateGC,"(*,*)",mm,mm,gt0.1,gt0.1,NA,0.05,CTS,10000.0,,,,,,,,0.85,,,,,,,,,,,,,,,grid_stat_20260730.stat,20260730_100000,0.045,0.45,0.3852,0.15,0.2,0.4852,0.3,0.4,,,,
STAT,V12.0.0,20260820_055425,INANWP,NA,000000,20260730_100000,000000,20260730_100000,20260729_220000,20260729_220000,NA,RAINNC,"(*,*)",hourlyPrecipRateGC,"(*,*)",mm,mm,gt0.1,gt0.1,NA,0.05,CTC,10000.0,,,,,,,,,,,,,,,,,,,,,,,grid_stat_20260730.stat,20260730_100000,,,,,,,,,577.0,180.0,269.0,8938.0
STAT,V12.0.0,20260820_055425,INANWP,NA,000000,20260730_100000,000000,20260730_100000,20260729_220000,20260729_220000,NA,RAINNC,"(*,*)",hourlyPrecipRateGC,"(*,*)",mm,mm,gt1,gt1,NA,0.05,CNT,10000.0,0.09,5.929,3.929,2.929,3.429,3.929,3.129,0.7214,15.434,3.929,0.5,3.143,0.45,0.9,0.1,1.0,0.5,0.2,0.1,0.05,0.04,0.03,grid_stat_20260730.stat,20260730_100000,,,,,,,,,,,,
STAT,V12.0.0,20260820_055425,INANWP,NA,000000,20260730_100000,000000,20260730_100000,20260729_220000,20260729_220000,NA,RAINNC,"(*,*)",hourlyPrecipRateGC,"(*,*)",mm,mm,gt1,gt1,NA,0.05,CTS,10000.0,,,,,,,,0.85,,,,,,,,,,,,,,,grid_stat_20260730.stat,20260730_100000,0.045,0.45,0.3807,0.15,0.2,0.4807,0.3,0.4,,,,
STAT,V12.0.0,20260820_055425,INANWP,NA,000000,20260730_100000,000000,20260730_100000,20260729_220000,20260729_220000,NA,RAINNC,"(*,*)",hourlyPrecipRateGC,"(*,*)",mm,mm,gt1,gt1,NA,0.05,CTC,10000.0,,,,,,,,,,,,,,,,,,,,,,,grid_stat_20260730.stat,20260730_100000,,,,,,,,,576.0,180.0,269.0,8938.0
STAT,V12.0.0,20260820_055425,INANWP,NA,000000,20260730_100000,000000,20260730_100000,20260729_220000,20260729_220000,NA,RAINNC,"(*,*)",hourlyPrecipRateGC,"(*,*)",mm,mm,gt5,gt5,NA,0.05,CNT,10000.0,0.09,5.929,3.929,2.929,3.429,3.929,3.129,0.7214,15.434,3.929,0.5,3.143,0.45,0.9,0.1,1.0,0.5,0.2,0.1,0.05,0.04,0.03,grid_stat_20260730.stat,20260730_100000,,,,,,,,,,,,
STAT,V12.0.0,20260820_055425,INANWP,NA,000000,20260730_100000,000000,20260730_100000,20260729_220000,20260729_220000,NA,RAINNC,"(*,*)",hourlyPrecipRateGC,"(*,*)",mm,mm,gt5,gt5,NA,0.05,CTS,10000.0,,,,,,,,0.85,,,,,,,,,,,,,,,grid_stat_20260730.stat,20260730_100000,0.045,0.45,0.3607,0.15,0.2,0.4607,0.3,0.4,,,,
STAT,V12.0.0,20260820_055425,INANWP,NA,000000,20260730_100000,000000,20260730_100000,20260729_220000,20260729_220000,NA,RAINNC,"(*,*)",hourlyPrecipRateGC,"(*,*)",mm,mm,gt5,gt5,NA,0.05,CTC,10000.0,,,,,,,,,,,,,,,,,,,,,,,grid_stat_20260730.stat,20260730_100000,,,,,,,,,572.0,181.0,271.0,8936.0
STAT,V12.0.0,20260820_055425,INANWP,NA,000000,20260730_100000,000000,20260730_100000,20260729_220000,20260729_220000,NA,RAINNC,"(*,*)",hourlyPrecipRateGC,"(*,*)",mm,mm,gt10,gt10,NA,0.05,CNT,10000.0,0.09,5.929,3.929,2.929,3.429,3.929,3.129,0.7214,15.434,3.929,0.5,3.143,0.45,0.9,0.1,1.0,0.5,0.2,0.1,0.05,0.04,0.03,grid_stat_20260730.stat,20260730_100000,,,,,,,,,,,,
STAT,V12.0.0,20260820_055425,INANWP,NA,000000,20260730_100000,000000,20260730_100000,20260729_220000,20260729_220000,NA,RAINNC,"(*,*)",hourlyPrecipRateGC,"(*,*)",mm,mm,gt10,gt10,NA,0.05,CTS,10000.0,,,,,,,,0.85,,,,,,,,,,,,,,,grid_stat_20260730.stat,20260730_100000,0.045,0.45,0.3357,0.15,0.2,0.4357,0.3,0.4,,,,
STAT,V12.0.0,20260820_055425,INANWP,NA,000000,20260730_100000,000000,20260730_100000,20260729_220000,20260729_220000,NA,RAINNC,"(*,*)",hourlyPrecipRateGC,"(*,*)",mm,mm,gt10,gt10,NA,0.05,CTC,10000.0,,,,,,,,,,,,,,,,,,,,,,,grid_stat_20260730.stat,20260730_100000,,,,,,,,,567.0,183.0,273.0,8933.0
STAT,V12.0.0,20260820_055425,INANWP,NA,000000,20260730_100000,000000,20260730_100000,20260729_220000,20260729_220000,NA,RAINNC,"(*,*)",hourlyPrecipRateGC,"(*,*)",mm,mm,gt20,gt20,NA,0.05,CNT,10000.0,0.09,5.929,3.929,2.929,3.429,3.929,3.129,0.7214,15.434,3.929,0.5,3.143,0.45,0.9,0.1,1.0,0.5,0.2,0.1,0.05,0.04,0.03,grid_stat_20260730.stat,20260730_100000,,,,,,,,,,,,
STAT,V12.0.0,20260820_055425,INANWP,NA,000000,20260730_100000,000000,20260730_100000,20260729_220000,20260729_220000,NA,RAINNC,"(*,*)",hourlyPrecipRateGC,"(*,*)",mm,mm,gt20,gt20,NA,0.05,CTS,10000.0,,,,,,,,0.85,,,,,,,,,,,,,,,grid_stat_20260730.stat,20260730_100000,0.045,0.45,0.2857,0.15,0.2,0.3857,0.3,0.4,,,,
STAT,V12.0.0,20260820_055425,INANWP,NA,000000,20260730_100000,000000,20260730_100000,20260729_220000,20260729_220000,NA,RAINNC,"(*,*)",hourlyPrecipRateGC,"(*,*)",mm,mm,gt20,gt20,NA,0.05,CTC,10000.0,,,,,,,,,,,,,,,,,,,,,,,grid_stat_20260730.stat,20260730_100000,,,,,,,,,557.0,185.0,277.0,8928.0
STAT,V12.0.0,20260820_055425,INANWP,NA,000000,20260730_100000,000000,20260730_100000,20260729_220000,20260729_220000,NA,RAINNC,"(*,*)",hourlyPrecipRateGC,"(*,*)",mm,mm,gt50,gt50,NA,0.05,CNT,10000.0,0.09,5.929,3.929,2.929,3.429,3.929,3.129,0.7214,15.434,3.929,0.5,3.143,0.45,0.9,0.1,1.0,0.5,0.2,0.1,0.05,0.04,0.03,grid_stat_20260730.stat,20260730_100000,,,,,,,,,,,,
STAT,V12.0.0,20260820_055425,INANWP,NA,000000,20260730_100000,000000,20260730_100000,20260729_220000,20260729_220000,NA,RAINNC,"(*,*)",hourlyPrecipRateGC,"(*,*)",mm,mm,gt50,gt50,NA,0.05,CTS,10000.0,,,,,,,,0.85,,,,,,,,,,,,,,,grid_stat_20260730.stat,20260730_100000,0.045,0.45,0.1357,0.15,0.2,0.2357,0.3,0.4,,,,
STAT,V12.0.0,20260820_055425,INANWP,NA,000000,20260730_100000,000000,20260730_100000,20260729_220000,20260729_220000,NA,RAINNC,"(*,*)",hourlyPrecipRateGC,"(*,*)",mm,mm,gt50,gt50,NA,0.05,CTC,10000.0,,,,,,,,,,,,,,,,,,,,,,,grid_stat_20260730.stat,20260730_100000,,,,,,,,,527.0,193.0,289.0,8913.0
STAT,V12.0.0,20260820_055425,INANWP,NA,000000,20260730_110000,000000,20260730_110000,20260729_230000,20260729_230000,NA,RAINNC,"(*,*)",hourlyPrecipRateGC,"(*,*)",mm,mm,gt0.1,gt0.1,NA,0.05,CNT,10000.0,0.095,5.821,3.821,2.821,3.321,3.821,3.021,0.7286,14.603,3.821,0.5,3.057,0.475,0.9,0.1,1.0,0.5,0.2,0.1,0.05,0.04,0.03,grid_stat_20260730.stat,20260730_110000,,,,,,,,,,,,
STAT,V12.0.0,20260820_055425,INANWP,NA,000000,20260730_110000,000000,20260730_110000,20260729_230000,20260729_230000,NA,RAINNC,"(*,*)",hourlyPrecipRateGC,"(*,*)",mm,mm,gt0.1,gt0.1,NA,0.05,CTS,10000.0,,,,,,,,0.85,,,,,,,,,,,,,,,grid_stat_20260730.stat,20260730_110000,0.048,0.45,0.3888,0.15,0.2,0.4888,0.3,0.4,,,,
STAT,V12.0.0,20260820_055425,INANWP,NA,000000,20260730_110000,000000,20260730_110000,20260729_230000,20260729_230000,NA,RAINNC,"(*,*)",hourlyPrecipRateGC,"(*,*)",mm,mm,gt0.1,gt0.1,NA,0.05,CTC,10000.0,,,,,,,,,,,,,,,,,,,,,,,grid_stat_20260730.stat,20260730_110000,,,,,,,,,577.0,180.0,268.0,8938.0
STAT,V12.0.0,20260820_055425,INANWP,NA,000000,20260730_110000,000000,20260730_110000,20260729_230000,20260729_230000,NA,RAINNC,"(*,*)",hourlyPrecipRateGC,"(*,*)",mm,mm,gt1,gt1,NA,0.05,CNT,10000.0,0.095,5.821,3.821,2.821,3.321,3.821,3.021,0.7286,14.603,3.821,0.5,3.057,0.475,0.9,0.1,1.0,0.5,0.2,0.1,0.05,0.04,0.03,grid_stat_20260730.stat,20260730_110000,,,,,,,,,,,,
STAT,V12.0.0,20260820_055425,INANWP,NA,000000,20260730_110000,000000,20260730_110000,20260729_230000,20260729_230000,NA,RAINNC,"(*,*)",hourlyPrecipRateGC,"(*,*)",mm,mm,gt1,gt1,NA,0.05,CTS,10000.0,,,,,,,,0.85,,,,,,,,,,,,,,,grid_stat_20260730.stat,20260730_110000,0.048,0.45,0.3843,0.15,0.2,0.4843,0.3,0.4,,,,
STAT,V12.0.0,20260820_055425,INANWP,NA,000000,20260730_110000,000000,20260730_110000,20260729_230000,20260729_230000,NA,RAINNC,"(*,*)",hourlyPrecipRateGC,"(*,*)",mm,mm,gt1,gt1,NA,0.05,CTC,10000.0,,,,,,,,,,,,,,,,,,,,,,,grid_stat_20260730.stat,20260730_110000,,,,,,,,,576.0,180.0,269.0,8938.0
STAT,V12.0.0,20260820_055425,INANWP,NA,000000,20260730_110000,000000,20260730_110000,20260729_230000,20260729_230000,NA,RAINNC,"(*,*)",hourlyPrecipRateGC,"(*,*)",mm,mm,gt5,gt5,NA,0.05,CNT,10000.0,0.095,5.821,3.821,2.821,3.321,3.821,3.021,0.7286,14.603,3.821,0.5,3.057,0.475,0.9,0.1,1.0,0.5,0.2,0.1,0.05,0.04,0.03,grid_stat_20260730.stat,20260730_110000,,,,,,,,,,,,
STAT,V12.0.0,20260820_055425,INANWP,NA,000000,20260730_110000,000000,20260730_110000,20260729_230000,20260729_230000,NA,RAINNC,"(*,*)",hourlyPrecipRateGC,"(*,*)",mm,mm,gt5,gt5,NA,0.05,CTS,10000.0,,,,,,,,0.85,,,,,,,,,,,,,,,grid_stat_20260730.stat,20260730_110000,0.048,0.45,0.3643,0.15,0.2,0.4643,0.3,0.4,,,,
STAT,V12.0.0,20260820_055425,INANWP,NA,000000,20260730_110000,000000,20260730_110000,20260729_230000,20260729_230000,NA,RAINNC,"(*,*)",hourlyPrecipRateGC,"(*,*)",mm,mm,gt5,gt5,NA,0.05,CTC,10000.0,,,,,,,,,,,,,,,,,,,,,,,grid_stat_20260730.stat,20260730_110000,,,,,,,,,572.0,181.0,270.0,8936.0
STAT,V12.0.0,20260820_055425,INANWP,NA,000000,20260730_110000,000000,20260730_110000,20260729_230000,20260729_230000,NA,RAINNC,"(*,*)",hourlyPrecipRateGC,"(*,*)",mm,mm,gt10,gt10,NA,0.05,CNT,10000.0,0.095,5.821,3.821,2.821,3.321,3.821,3.021,0.7286,14.603,3.821,0.5,3.057,0.475,0.9,0.1,1.0,0.5,0.2,0.1,0.05,0.04,0.03,grid_stat_20260730.stat,20260730_110000,,,,,,,,,,,,
STAT,V12.0.0,20260820_055425,INANWP,NA,000000,20260730_110000,000000,20260730_110000,20260729_230000,20260729_230000,NA,RAINNC,"(*,*)",hourlyPrecipRateGC,"(*,*)",mm,mm,gt10,gt10,NA,0.05,CTS,10000.0,,,,,,,,0.85,,,,,,,,,,,,,,,grid_stat_20260730.stat,20260730_110000,0.048,0.45,0.3393,0.15,0.2,0.4393,0.3,0.4,,,,
STAT,V12.0.0,20260820_055425,INANWP,NA,000000,20260730_110000,000000,20260730_110000,20260729_230000,20260729_230000,NA,RAINNC,"(*,*)",hourlyPrecipRateGC,"(*,*)",mm,mm,gt10,gt10,NA,0.05,CTC,10000.0,,,,,,,,,,,,,,,,,,,,,,,grid_stat_20260730.stat,20260730_110000,,,,,,,,,567.0,183.0,272.0,8933.0
STAT,V12.0.0,20260820_055425,INANWP,NA,000000,20260730_110000,000000,20260730_110000,20260729_230000,20260729_230000,NA,RAINNC,"(*,*)",hourlyPrecipRateGC,"(*,*)",mm,mm,gt20,gt20,NA,0.05,CNT,10000.0,0.095,5.821,3.821,2.821,3.321,3.821,3.021,0.7286,14.603,3.821,0.5,3.057,0.475,0.9,0.1,1.0,0.5,0.2,0.1,0.05,0.04,0.03,grid_stat_20260730.stat,20260730_110000,,,,,,,,,,,,
STAT,V12.0.0,20260820_055425,INANWP,NA,000000,20260730_110000,000000,20260730_110000,20260729_230000,20260729_230000,NA,RAINNC,"(*,*)",hourlyPrecipRateGC,"(*,*)",mm,mm,gt20,gt20,NA,0.05,CTS,10000.0,,,,,,,,0.85,,,,,,,,,,,,,,,grid_stat_20260730.stat,20260730_110000,0.048,0.45,0.2893,0.15,0.2,0.3893,0.3,0.4,,,,
STAT,V12.0.0,20260820_055425,INANWP,NA,000000,20260730_110000,000000,20260730_110000,20260729_230000,20260729_230000,NA,RAINNC,"(*,*)",hourlyPrecipRateGC,"(*,*)",mm,mm,gt20,gt20,NA,0.05,CTC,10000.0,,,,,,,,,,,,,,,,,,,,,,,grid_stat_20260730.stat,20260730_110000,,,,,,,,,557.0,185.0,276.0,8928.0
STAT,V12.0.0,20260820_055425,INANWP,NA,000000,20260730_110000,000000,20260730_110000,20260729_230000,20260729_230000,NA,RAINNC,"(*,*)",hourlyPrecipRateGC,"(*,*)",mm,mm,gt50,gt50,NA,0.05,CNT,10000.0,0.095,5.821,3.821,2.821,3.321,3.821,3.021,0.7286,14.603,3.821,0.5,3.057,0.475,0.9,0.1,1.0,0.5,0.2,0.1,0.05,0.04,0.03,grid_stat_20260730.stat,20260730_110000,,,,,,,,,,,,
STAT,V12.0.0,20260820_055425,INANWP,NA,000000,20260730_110000,000000,20260730_110000,20260729_230000,20260729_230000,NA,RAINNC,"(*,*)",hourlyPrecipRateGC,"(*,*)",mm,mm,gt50,gt50,NA,0.05,CTS,10000.0,,,,,,,,0.85,,,,,,,,,,,,,,,grid_stat_20260730.stat,20260730_110000,0.048,0.45,0.1393,0.15,0.2,0.2393,0.3,0.4,,,,
STAT,V12.0.0,20260820_055425,INANWP,NA,000000,20260730_110000,000000,20260730_110000,20260729_230000,20260729_230000,NA,RAINNC,"(*,*)",hourlyPrecipRateGC,"(*,*)",mm,mm,gt50,gt50,NA,0.05,CTC,10000.0,,,,,,,,,,,,,,,,,,,,,,,grid_stat_20260730.stat,20260730_110000,,,,,,,,,527.0,193.0,288.0,8913.0
STAT,V12.0.0,20260820_055425,INANWP,NA,000000,20260730_120000,000000,20260730_120000,20260730_000000,20260730_000000,NA,RAINNC,"(*,*)",hourlyPrecipRateGC,"(*,*)",mm,mm,gt0.1,gt0.1,NA,0.05,CNT,10000.0,0.1,5.714,3.714,2.714,3.214,3.714,2.914,0.7357,13.796,3.714,0.5,2.971,0.5,0.9,0.1,1.0,0.5,0.2,0.1,0.05,0.04,0.03,grid_stat_20260730.stat,20260730_120000,,,,,,,,,,,,
STAT,V12.0.0,20260820_055425,INANWP,NA,000000,20260730_120000,000000,20260730_120000,20260730_000000,20260730_000000,NA,RAINNC,"(*,*)",hourlyPrecipRateGC,"(*,*)",mm,mm,gt0.1,gt0.1,NA,0.05,CTS,10000.0,,,,,,,,0.85,,,,,,,,,,,,,,,grid_stat_20260730.stat,20260730_120000,0.05,0.45,0.3924,0.15,0.2,0.4924,0.3,0.4,,,,
STAT,V12.0.0,20260820_055425,INANWP,NA,000000,20260730_120000,000000,20260730_120000,20260730_000000,20260730_000000,NA,RAINNC,"(*,*)",hourlyPrecipRateGC,"(*,*)",mm,mm,gt0.1,gt0.1,NA,0.05,CTC,10000.0,,,,,,,,,,,,,,,,,,,,,,,grid_stat_20260730.stat,20260730_120000,,,,,,,,,578.0,180.0,268.0,8939.0
STAT,V12.0.0,20260820_055425,INANWP,NA,000000,20260730_120000,000000,20260730_120000,20260730_000000,20260730_000000,NA,RAINNC,"(*,*)",hourlyPrecipRateGC,"(*,*)",mm,mm,gt1,gt1,NA,0.05,CNT,10000.0,0.1,5.714,3.714,2.714,3.214,3.714,2.914,0.7357,13.796,3.714,0.5,2.971,0.5,0.9,0.1,1.0,0.5,0.2,0.1,0.05,0.04,0.03,grid_stat_20260730.stat,20260730_120000,,,,,,,,,,,,
STAT,V12.0.0,20260820_055425,INANWP,NA,000000,20260730_120000,000000,20260730_120000,20260730_000000,20260730_000000,NA,RAINNC,"(*,*)",hourlyPrecipRateGC,"(*,*)",mm,mm,gt1,gt1,NA,0.05,CTS,10000.0,,,,,,,,0.85,,,,,,,,,,,,,,,grid_stat_20260730.stat,20260730_120000,0.05,0.45,0.3879,0.15,0.2,0.4879,0.3,0.4,,,,
STAT,V12.0.0,20260820_055425,INANWP,NA,000000,20260730_120000,000000,20260730_120000,20260730_000000,20260730_000000,NA,RAINNC,"(*,*)",hourlyPrecipRateGC,"(*,*)",mm,mm,gt1,gt1,NA,0.05,CTC,10000.0,,,,,,,,,,,,,,,,,,,,,,,grid_stat_20260730.stat,20260730_120000,,,,,,,,,577.0,180.0,268.0,8938.0
STAT,V12.0.0,20260820_055425,INANWP,NA,000000,20260730_120000,000000,20260730_120000,20260730_000000,20260730_000000,NA,RAINNC,"(*,*)",hourlyPrecipRateGC,"(*,*)",mm,mm,gt5,gt5,NA,0.05,CNT,10000.0,0.1,5.714,3.714,2.714,3.214,3.714,2.914,0.7357,13.796,3.714,0.5,2.971,0.5,0.9,0.1,1.0,0.5,0.2,0.1,0.05,0.04,0.03,grid_stat_20260730.stat,20260730_120000,,,,,,,,,,,,
STAT,V12.0.0,20260820_055425,INANWP,NA,000000,20260730_120000,000000,20260730_120000,20260730_000000,20260730_000000,NA,RAINNC,"(*,*)",hourlyPrecipRateGC,"(*,*)",mm,mm,gt5,gt5,NA,0.05,CTS,10000.0,,,,,,,,0.85,,,,,,,,,,,,,,,grid_stat_20260730.stat,20260730_120000,0.05,0.45,0.3679,0.15,0.2,0.4679,0.3,0.4,,,,
STAT,V12.0.0,20260820_055425,INANWP,NA,000000,20260730_120000,000000,20260730_120000,20260730_000000,20260730_000000,NA,RAINNC,"(*,*)",hourlyPrecipRateGC,"(*,*)",mm,mm,gt5,gt5,NA,0.05,CTC,10000.0,,,,,,,,,,,,,,,,,,,,,,,grid_stat_20260730.stat,20260730_120000,,,,,,,,,573.0,181.0,270.0,8936.0
STAT,V12.0.0,20260820_055425,INANWP,NA,000000,20260730_120000,000000,20260730_120000,20260730_000000,20260730_000000,NA,RAINNC,"(*,*)",hourlyPrecipRateGC,"(*,*)",mm,mm,gt10,gt10,NA,0.05,CNT,10000.0,0.1,5.714,3.714,2.714,3.214,3.714,2.914,0.7357,13.796,3.714,0.5,2.971,0.5,0.9,0.1,1.0,0.5,0.2,0.1,0.05,0.04,0.03,grid_stat_20260730.stat,20260730_120000,,,,,,,,,,,,
STAT,V12.0.0,20260820_055425,INANWP,NA,000000,20260730_120000,000000,20260730_120000,20260730_000000,20260730_000000,NA,RAINNC,"(*,*)",hourlyPrecipRateGC,"(*,*)",mm,mm,gt10,gt10,NA,0.05,CTS,10000.0,,,,,,,,0.85,,,,,,,,,,,,,,,grid_stat_20260730.stat,20260730_120000,0.05,0.45,0.3429,0.15,0.2,0.4429,0.3,0.4,,,,
STAT,V12.0.0,20260820_055425,INANWP,NA,000000,20260730_120000,000000,20260730_120000,20260730_000000,20260730_000000,NA,RAINNC,"(*,*)",hourlyPrecipRateGC,"(*,*)",mm,mm,gt10,gt10,NA,0.05,CTC,10000.0,,,,,,,,,,,,,,,,,,,,,,,grid_stat_20260730.stat,20260730_120000,,,,,,,,,568.0,182.0,272.0,8934.0
STAT,V12.0.0,20260820_055425,INANWP,NA,000000,20260730_120000,000000,20260730_120000,20260730_000000,20260730_000000,NA,RAINNC,"(*,*)",hourlyPrecipRateGC,"(*,*)",mm,mm,gt20,gt20,NA,0.05,CNT,10000.0,0.1,5.714,3.714,2.714,3.214,3.714,2.914,0.7357,13.796,3.714,0.5,2.971,0.5,0.9,0.1,1.0,0.5,0.2,0.1,0.05,0.04,0.03,grid_stat_20260730.stat,20260730_120000,,,,,,,,,,,,
STAT,V12.0.0,20260820_055425,INANWP,NA,000000,20260730_120000,000000,20260730_120000,20260730_000000,20260730_000000,NA,RAINNC,"(*,*)",hourlyPrecipRateGC,"(*,*)",mm,mm,gt20,gt20,NA,0.05,CTS,10000.0,,,,,,,,0.85,,,,,,,,,,,,,,,grid_stat_20260730.stat,20260730_120000,0.05,0.45,0.2929,0.15,0.2,0.3929,0.3,0.4,,,,
STAT,V12.0.0,20260820_055425,INANWP,NA,000000,20260730_120000,000000,20260730_120000,20260730_000000,20260730_000000,NA,RAINNC,"(*,*)",hourlyPrecipRateGC,"(*,*)",mm,mm,gt20,gt20,NA,0.05,CTC,10000.0,,,,,,,,,,,,,,,,,,,,,,,grid_stat_20260730.stat,20260730_120000,,,,,,,,,558.0,185.0,276.0,8929.0
STAT,V12.0.0,20260820_055425,INANWP,NA,000000,20260730_120000,000000,20260730_120000,20260730_000000,20260730_000000,NA,RAINNC,"(*,*)",hourlyPrecipRateGC,"(*,*)",mm,mm,gt50,gt50,NA,0.05,CNT,10000.0,0.1,5.714,3.714,2.714,3.214,3.714,2.914,0.7357,13.796,3.714,0.5,2.971,0.5,0.9,0.1,1.0,0.5,0.2,0.1,0.05,0.04,0.03,grid_stat_20260730.stat,20260730_120000,,,,,,,,,,,,
STAT,V12.0.0,20260820_055425,INANWP,NA,000000,20260730_120000,000000,20260730_120000,20260730_000000,20260730_000000,NA,RAINNC,"(*,*)",hourlyPrecipRateGC,"(*,*)",mm,mm,gt50,gt50,NA,0.05,CTS,10000.0,,,,,,,,0.85,,,,,,,,,,,,,,,grid_stat_20260730.stat,20260730_120000,0.05,0.45,0.1429,0.15,0.2,0.2429,0.3,0.4,,,,
STAT,V12.0.0,20260820_055425,INANWP,NA,000000,20260730_120000,000000,20260730_120000,20260730_000000,20260730_000000,NA,RAINNC,"(*,*)",hourlyPrecipRateGC,"(*,*)",mm,mm,gt50,gt50,NA,0.05,CTC,10000.0,,,,,,,,,,,,,,,,,,,,,,,grid_stat_20260730.stat,20260730_120000,,,,,,,,,528.0,192.0,288.0,8914.0
STAT,V12.0.0,20260820_055425,INANWP,NA,000000,20260730_130000,000000,20260730_130000,20260730_010000,20260730_010000,NA,RAINNC,"(*,*)",hourlyPrecipRateGC,"(*,*)",mm,mm,gt0.1,gt0.1,NA,0.05,CNT,10000.0,0.105,5.607,3.607,2.607,3.107,3.607,2.807,0.7429,13.011,3.607,0.5,2.886,0.525,0.9,0.1,1.0,0.5,0.2,0.1,0.05,0.04,0.03,grid_stat_20260730.stat,20260730_130000,,,,,,,,,,,,
STAT,V12.0.0,20260820_055425,INANWP,NA,000000,20260730_130000,000000,20260730_130000,20260730_010000,20260730_010000,NA,RAINNC,"(*,*)",hourlyPrecipRateGC,"(*,*)",mm,mm,gt0.1,gt0.1,NA,0.05,CTS,10000.0,,,,,,,,0.85,,,,,,,,,,,,,,,grid_stat_20260730.stat,20260730_130000,0.053,0.45,0.3959,0.15,0.2,0.4959,0.3,0.4,,,,
STAT,V12.0.0,20260820_055425,INANWP,NA,000000,20260730_130000,000000,20260730_130000,20260730_010000,20260730_010000,NA,RAINNC,"(*,*)",hourlyPrecipRateGC,"(*,*)",mm,mm,gt0.1,gt0.1,NA,0.05,CTC,10000.0,,,,,,,,,,,,,,,,,,,,,,,grid_stat_20260730.stat,20260730_130000,,,,,,,,,579.0,180.0,268.0,8939.0
STAT,V12.0.0,20260820_055425,INANWP,NA,000000,20260730_130000,000000,20260730_130000,20260730_010000,20260730_010000,NA,RAINNC,"(*,*)",hourlyPrecipRateGC,"(*,*)",mm,mm,gt1,gt1,NA,0.05,CNT,10000.0,0.105,5.607,3.607,2.607,3.107,3.607,2.807,0.7429,13.011,3.607,0.5,2.886,0.525,0.9,0.1,1.0,0.5,0.2,0.1,0.05,0.04,0.03,grid_stat_20260730.stat,20260730_130000,,,,,,,,,,,,
STAT,V12.0.0,20260820_055425,INANWP,NA,000000,20260730_130000,000000,20260730_130000,20260730_010000,20260730_010000,NA,RAINNC,"(*,*)",hourlyPrecipRateGC,"(*,*)",mm,mm,gt1,gt1,NA,0.05,CTS,10000.0,,,,,,,,0.85,,,,,,,,,,,,,,,grid_stat_20260730.stat,20260730_130000,0.053,0.45,0.3914,0.15,0.2,0.4914,0.3,0.4,,,,
STAT,V12.0.0,20260820_055425,INANWP,NA,000000,20260730_130000,000000,20260730_130000,20260730_010000,20260730_010000,NA,RAINNC,"(*,*)",hourlyPrecipRateGC,"(*,*)",mm,mm,gt1,gt1,NA,0.05,CTC,10000.0,,,,,,,,,,,,,,,,,,,,,,,grid_stat_20260730.stat,20260730_130000,,,,,,,,,578.0,180.0,268.0,8939.0
STAT,V12.0.0,20260820_055425,INANWP,NA,000000,20260730_130000,000000,20260730_130000,20260730_010000,20260730_010000,NA,RAINNC,"(*,*)",hourlyPrecipRateGC,"(*,*)",mm,mm,gt5,gt5,NA,0.05,CNT,10000.0,0.105,5.607,3.607,2.607,3.107,3.607,2.807,0.7429,13.011,3.607,0.5,2.886,0.525,0.9,0.1,1.0,0.5,0.2,0.1,0.05,0.04,0.03,grid_stat_20260730.stat,20260730_130000,,,,,,,,,,,,
STAT,V12.0.0,20260820_055425,INANWP,NA,000000,20260730_130000,000000,20260730_130000,20260730_010000,20260730_010000,NA,RAINNC,"(*,*)",hourlyPrecipRateGC,"(*,*)",mm,mm,gt5,gt5,NA,0.05,CTS,10000.0,,,,,,,,0.85,,,,,,,,,,,,,,,grid_stat_20260730.stat,20260730_130000,0.053,0.45,0.3714,0.15,0.2,0.4714,0.3,0.4,,,,
STAT,V12.0.0,20260820_055425,INANWP,NA,000000,20260730_130000,000000,20260730_130000,20260730_010000,20260730_010000,NA,RAINNC,"(*,*)",hourlyPrecipRateGC,"(*,*)",mm,mm,gt5,gt5,NA,0.05,CTC,10000.0,,,,,,,,,,,,,,,,,,,,,,,grid_stat_20260730.stat,20260730_130000,,,,,,,,,574.0,181.0,270.0,8937.0
STAT,V12.0.0,20260820_055425,INANWP,NA,000000,20260730_130000,000000,20260730_130000,20260730_010000,20260730_010000,NA,RAINNC,"(*,*)",hourlyPrecipRateGC,"(*,*)",mm,mm,gt10,gt10,NA,0.05,CNT,10000.0,0.105,5.607,3.607,2.607,3.107,3.607,2.807,0.7429,13.011,3.607,0.5,2.886,0.525,0.9,0.1,1.0,0.5,0.2,0.1,0.05,0.04,0.03,grid_stat_20260730.stat,20260730_130000,,,,,,,,,,,,
STAT,V12.0.0,20260820_055425,INANWP,NA,000000,20260730_130000,000000,20260730_130000,20260730_010000,20260730_010000,NA,RAINNC,"(*,*)",hourlyPrecipRateGC,"(*,*)",mm,mm,gt10,gt10,NA,0.05,CTS,10000.0,,,,,,,,0.85,,,,,,,,,,,,,,,grid_stat_20260730.stat,20260730_130000,0.053,0.45,0.3464,0.15,0.2,0.4464,0.3,0.4,,,,
STAT,V12.0.0,20260820_055425,INANWP,NA,000000,20260730_130000,000000,20260730_130000,20260730_010000,20260730_010000,NA,RAINNC,"(*,*)",hourlyPrecipRateGC,"(*,*)",mm,mm,gt10,gt10,NA,0.05,CTC,10000.0,,,,,,,,,,,,,,,,,,,,,,,grid_stat_20260730.stat,20260730_130000,,,,,,,,,569.0,182.0,272.0,8934.0
STAT,V12.0.0,20260820_055425,INANWP,NA,000000,20260730_130000,000000,20260730_130000,20260730_010000,20260730_010000,NA,RAINNC,"(*,*)",hourlyPrecipRateGC,"(*,*)",mm,mm,gt20,gt20,NA,0.05,CNT,10000.0,0.105,5.607,3.607,2.607,3.107,3.607,2.807,0.7429,13.011,3.607,0.5,2.886,0.525,0.9,0.1,1.0,0.5,0.2,0.1,0.05,0.04,0.03,grid_stat_20260730.stat,20260730_130000,,,,,,,,,,,,
STAT,V12.0.0,20260820_055425,INANWP,NA,000000,20260730_130000,000000,20260730_130000,20260730_010000,20260730_010000,NA,RAINNC,"(*,*)",hourlyPrecipRateGC,"(*,*)",mm,mm,gt20,gt20,NA,0.05,CTS,10000.0,,,,,,,,0.85,,,,,,,,,,,,,,,grid_stat_20260730.stat,20260730_130000,0.053,0.45,0.2964,0.15,0.2,0.3964,0.3,0.4,,,,
STAT,V12.0.0,20260820_055425,INANWP,NA,000000,20260730_130000,000000,20260730_130000,20260730_010000,20260730_010000,NA,RAINNC,"(*,*)",hourlyPrecipRateGC,"(*,*)",mm,mm,gt20,gt20,NA,0.05,CTC,10000.0,,,,,,,,,,,,,,,,,,,,,,,grid_stat_20260730.stat,20260730_130000,,,,,,,,,559.0,185.0,276.0,8929.0
STAT,V12.0.0,20260820_055425,INANWP,NA,000000,20260730_130000,000000,20260730_130000,20260730_010000,20260730_010000,NA,RAINNC,"(*,*)",hourlyPrecipRateGC,"(*,*)",mm,mm,gt50,gt50,NA,0.05,CNT,10000.0,0.105,5.607,3.607,2.607,3.107,3.607,2.807,0.7429,13.011,3.607,0.5,2.886,0.525,0.9,0.1,1.0,0.5,0.2,0.1,0.05,0.04,0.03,grid_stat_20260730.stat,20260730_130000,,,,,,,,,,,,
STAT,V12.0.0,20260820_055425,INANWP,NA,000000,20260730_130000,000000,20260730_130000,20260730_010000,20260730_010000,NA,RAINNC,"(*,*)",hourlyPrecipRateGC,"(*,*)",mm,mm,gt50,gt50,NA,0.05,CTS,10000.0,,,,,,,,0.85,,,,,,,,,,,,,,,grid_stat_20260730.stat,20260730_130000,0.053,0.45,0.1464,0.15,0.2,0.2464,0.3,0.4,,,,
STAT,V12.0.0,20260820_055425,INANWP,NA,000000,20260730_130000,000000,20260730_130000,20260730_010000,20260730_010000,NA,RAINNC,"(*,*)",hourlyPrecipRateGC,"(*,*)",mm,mm,gt50,gt50,NA,0.05,CTC,10000.0,,,,,,,,,,,,,,,,,,,,,,,grid_stat_20260730.stat,20260730_130000,,,,,,,,,529.0,192.0,288.0,8914.0
STAT,V12.0.0,20260820_055425,INANWP,NA,000000,20260730_140000,000000,20260730_140000,20260730_020000,20260730_020000,NA,RAINNC,"(*,*)",hourlyPrecipRateGC,"(*,*)",mm,mm,gt0.1,gt0.1,NA,0.05,CNT,10000.0,0.11,5.5,3.5,2.5,3.0,3.5,2.7,0.75,12.25,3.5,0.5,2.8,0.55,0.9,0.1,1.0,0.5,0.2,0.1,0.05,0.04,0.03,grid_stat_20260730.stat,20260730_140000,,,,,,,,,,,,
STAT,V12.0.0,20260820_055425,INANWP,NA,000000,20260730_140000,000000,20260730_140000,20260730_020000,20260730_020000,NA,RAINNC,"(*,*)",hourlyPrecipRateGC,"(*,*)",mm,mm,gt0.1,gt0.1,NA,0.05,CTS,10000.0,,,,,,,,0.85,,,,,,,,,,,,,,,grid_stat_20260730.stat,20260730_140000,0.055,0.45,0.3995,0.15,0.2,0.4995,0.3,0.4,,,,
STAT,V12.0.0,20260820_055425,INANWP,NA,000000,20260730_140000,000000,20260730_140000,20260730_020000,20260730_020000,NA,RAINNC,"(*,*)",hourlyPrecipRateGC,"(*,*)",mm,mm,gt0.1,gt0.1,NA,0.05,CTC,10000.0,,,,,,,,,,,,,,,,,,,,,,,grid_stat_20260730.stat,20260730_140000,,,,,,,,,579.0,180.0,268.0,8939.0
STAT,V12.0.0,20260820_055425,INANWP,NA,000000,20260730_140000,000000,20260730_140000,20260730_020000,20260730_020000,NA,RAINNC,"(*,*)",hourlyPrecipRateGC,"(*,*)",mm,mm,gt1,gt1,NA,0.05,CNT,10000.0,0.11,5.5,3.5,2.5,3.0,3.5,2.7,0.75,12.25,3.5,0.5,2.8,0.55,0.9,0.1,1.0,0.5,0.2,0.1,0.05,0.04,0.03,grid_stat_20260730.stat,20260730_140000,,,,,,,,,,,,
STAT,V12.0.0,20260820_055425,INANWP,NA,000000,20260730_140000,000000,20260730_140000,20260730_020000,20260730_020000,NA,RAINNC,"(*,*)",hourlyPrecipRateGC,"(*,*)",mm,mm,gt1,gt1,NA,0.05,CTS,10000.0,,,,,,,,0.85,,,,,,,,,,,,,,,grid_stat_20260730.stat,20260730_140000,0.055,0.45,0.395,0.15,0.2,0.495,0.3,0.4,,,,
STAT,V12.0.0,20260820_055425,INANWP,NA,000000,20260730_140000,000000,20260730_140000,20260730_020000,20260730_020000,NA,RAINNC,"(*,*)",hourlyPrecipRateGC,"(*,*)",mm,mm,gt1,gt1,NA,0.05,CTC,10000.0,,,,,,,,,,,,,,,,,,,,,,,grid_stat_20260730.stat,20260730_140000,,,,,,,,,579.0,180.0,268.0,8939.0
STAT,V12.0.0,20260820_055425,INANWP,NA,000000,20260730_140000,000000,20260730_140000,20260730_020000,20260730_020000,NA,RAINNC,"(*,*)",hourlyPrecipRateGC,"(*,*)",mm,mm,gt5,gt5,NA,0.05,CNT,10000.0,0.11,5.5,3.5,2.5,3.0,3.5,2.7,0.75,12.25,3.5,0.5,2.8,0.55,0.9,0.1,1.0,0.5,0.2,0.1,0.05,0.04,0.03,grid_stat_20260730.stat,20260730_140000,,,,,,,,,,,,
STAT,V12.0.0,20260820_055425,INANWP,NA,000000,20260730_140000,000000,20260730_140000,20260730_020000,20260730_020000,NA,RAINNC,"(*,*)",hourlyPrecipRateGC,"(*,*)",mm,mm,gt5,gt5,NA,0.05,CTS,10000.0,,,,,,,,0.85,,,,,,,,,,,,,,,grid_stat_20260730.stat,20260730_140000,0.055,0.45,0.375,0.15,0.2,0.475,0.3,0.4,,,,
STAT,V12.0.0,20260820_055425,INANWP,NA,000000,20260730_140000,000000,20260730_140000,20260730_020000,20260730_020000,NA,RAINNC,"(*,*)",hourlyPrecipRateGC,"(*,*)",mm,mm,gt5,gt5,NA,0.05,CTC,10000.0,,,,,,,,,,,,,,,,,,,,,,,grid_stat_20260730.stat,20260730_140000,,,,,,,,,575.0,181.0,270.0,8937.0
STAT,V12.0.0,20260820_055425,INANWP,NA,000000,20260730_140000,000000,20260730_140000,20260730_020000,20260730_020000,NA,RAINNC,"(*,*)",hourlyPrecipRateGC,"(*,*)",mm,mm,gt10,gt10,NA,0.05,CNT,10000.0,0.11,5.5,3.5,2.5,3.0,3.5,2.7,0.75,12.25,3.5,0.5,2.8,0.55,0.9,0.1,1.0,0.5,0.2,0.1,0.05,0.04,0.03,grid_stat_20260730.stat,20260730_140000,,,,,,,,,,,,
STAT,V12.0.0,20260820_055425,INANWP,NA,000000,20260730_140000,000000,20260730_140000,20260730_020000,20260730_020000,NA,RAINNC,"(*,*)",hourlyPrecipRateGC,"(*,*)",mm,mm,gt10,gt10,NA,0.05,CTS,10000.0,,,,,,,,0.85,,,,,,,,,,,,,,,grid_stat_20260730.stat,20260730_140000,0.055,0.45,0.35,0.15,0.2,0.45,0.3,0.4,,,,
STAT,V12.0.0,20260820_055425,INANWP,NA,000000,20260730_140000,000000,20260730_140000,20260730_020000,20260730_020000,NA,RAINNC,"(*,*)",hourlyPrecipRateGC,"(*,*)",mm,mm,gt10,gt10,NA,0.05,CTC,10000.0,,,,,,,,,,,,,,,,,,,,,,,grid_stat_20260730.stat,20260730_140000,,,,,,,,,570.0,182.0,272.0,8935.0
STAT,V12.0.0,20260820_055425,INANWP,NA,000000,20260730_140000,000000,20260730_140000,20260730_020000,20260730_020000,NA,RAINNC,"(*,*)",hourlyPrecipRateGC,"(*,*)",mm,mm,gt20,gt20,NA,0.05,CNT,10000.0,0.11,5.5,3.5,2.5,3.0,3.5,2.7,0.75,12.25,3.5,0.5,2.8,0.55,0.9,0.1,1.0,0.5,0.2,0.1,0.05,0.04,0.03,grid_stat_20260730.stat,20260730_140000,,,,,,,,,,,,
STAT,V12.0.0,20260820_055425,INANWP,NA,000000,20260730_140000,000000,20260730_140000,20260730_020000,20260730_020000,NA,RAINNC,"(*,*)",hourlyPrecipRateGC,"(*,*)",mm,mm,gt20,gt20,NA,0.05,CTS,10000.0,,,,,,,,0.85,,,,,,,,,,,,,,,grid_stat_20260730.stat,20260730_140000,0.055,0.45,0.3,0.15,0.2,0.4,0.3,0.4,,,,
STAT,V12.0.0,20260820_055425,INANWP,NA,000000,20260730_140000,000000,20260730_140000,20260730_020000,20260730_020000,NA,RAINNC,"(*,*)",hourlyPrecipRateGC,"(*,*)",mm,mm,gt20,gt20,NA,0.05,CTC,10000.0,,,,,,,,,,,,,,,,,,,,,,,grid_stat_20260730.stat,20260730_140000,,,,,,,,,560.0,185.0,276.0,8930.0
STAT,V12.0.0,20260820_055425,INANWP,NA,000000,20260730_140000,000000,20260730_140000,20260730_020000,20260730_020000,NA,RAINNC,"(*,*)",hourlyPrecipRateGC,"(*,*)",mm,mm,gt50,gt50,NA,0.05,CNT,10000.0,0.11,5.5,3.5,2.5,3.0,3.5,2.7,0.75,12.25,3.5,0.5,2.8,0.55,0.9,0.1,1.0,0.5,0.2,0.1,0.05,0.04,0.03,grid_stat_20260730.stat,20260730_140000,,,,,,,,,,,,
STAT,V12.0.0,20260820_055425,INANWP,NA,000000,20260730_140000,000000,20260730_140000,20260730_020000,20260730_020000,NA,RAINNC,"(*,*)",hourlyPrecipRateGC,"(*,*)",mm,mm,gt50,gt50,NA,0.05,CTS,10000.0,,,,,,,,0.85,,,,,,,,,,,,,,,grid_stat_20260730.stat,20260730_140000,0.055,0.45,0.15,0.15,0.2,0.25,0.3,0.4,,,,
STAT,V12.0.0,20260820_055425,INANWP,NA,000000,20260730_140000,000000,20260730_140000,20260730_020000,20260730_020000,NA,RAINNC,"(*,*)",hourlyPrecipRateGC,"(*,*)",mm,mm,gt50,gt50,NA,0.05,CTC,10000.0,,,,,,,,,,,,,,,,,,,,,,,grid_stat_20260730.stat,20260730_140000,,,,,,,,,530.0,192.0,288.0,8915.0
STAT,V12.0.0,20260820_055425,INANWP,NA,000000,20260730_150000,000000,20260730_150000,20260730_030000,20260730_030000,NA,RAINNC,"(*,*)",hourlyPrecipRateGC,"(*,*)",mm,mm,gt0.1,gt0.1,NA,0.05,CNT,10000.0,0.115,5.607,3.607,2.607,3.107,3.607,2.807,0.7429,13.011,3.607,0.5,2.886,0.575,0.9,0.1,1.0,0.5,0.2,0.1,0.05,0.04,0.03,grid_stat_20260730.stat,20260730_150000,,,,,,,,,,,,
STAT,V12.0.0,20260820_055425,INANWP,NA,000000,20260730_150000,000000,20260730_150000,20260730_030000,20260730_030000,NA,RAINNC,"(*,*)",hourlyPrecipRateGC,"(*,*)",mm,mm,gt0.1,gt0.1,NA,0.05,CTS,10000.0,,,,,,,,0.85,,,,,,,,,,,,,,,grid_stat_20260730.stat,20260730_150000,0.057,0.45,0.3959,0.15,0.2,0.4959,0.3,0.4,,,,
STAT,V12.0.0,20260820_055425,INANWP,NA,000000,20260730_150000,000000,20260730_150000,20260730_030000,20260730_030000,NA,RAINNC,"(*,*)",hourlyPrecipRateGC,"(*,*)",mm,mm,gt0.1,gt0.1,NA,0.05,CTC,10000.0,,,,,,,,,,,,,,,,,,,,,,,grid_stat_20260730.stat,20260730_150000,,,,,,,,,579.0,180.0,268.0,8939.0
STAT,V12.0.0,20260820_055425,INANWP,NA,000000,20260730_150000,000000,20260730_150000,20260730_030000,20260730_030000,NA,RAINNC,"(*,*)",hourlyPrecipRateGC,"(*,*)",mm,mm,gt1,gt1,NA,0.05,CNT,10000.0,0.115,5.607,3.607,2.607,3.107,3.607,2.807,0.7429,13.011,3.607,0.5,2.886,0.575,0.9,0.1,1.0,0.5,0.2,0.1,0.05,0.04,0.03,grid_stat_20260730.stat,20260730_150000,,,,,,,,,,,,
STAT,V12.0.0,20260820_055425,INANWP,NA,000000,20260730_150000,000000,20260730_150000,20260730_030000,20260730_030000,NA,RAINNC,"(*,*)",hourlyPrecipRateGC,"(*,*)",mm,mm,gt1,gt1,NA,0.05,CTS,10000.0,,,,,,,,0.85,,,,,,,,,,,,,,,grid_stat_20260730.stat,20260730_150000,0.057,0.45,0.3914,0.15,0.2,0.4914,0.3,0.4,,,,
STAT,V12.0.0,20260820_055425,INANWP,NA,000000,20260730_150000,000000,20260730_150000,20260730_030000,20260730_030000,NA,RAINNC,"(*,*)",hourlyPrecipRateGC,"(*,*)",mm,mm,gt1,gt1,NA,0.05,CTC,10000.0,,,,,,,,,,,,,,,,,,,,,,,grid_stat_20260730.stat,20260730_150000,,,,,,,,,578.0,180.0,268.0,8939.0
STAT,V12.0.0,20260820_055425,INANWP,NA,000000,20260730_150000,000000,20260730_150000,20260730_030000,20260730_030000,NA,RAINNC,"(*,*)",hourlyPrecipRateGC,"(*,*)",mm,mm,gt5,gt5,NA,0.05,CNT,10000.0,0.115,5.607,3.607,2.607,3.107,3.607,2.807,0.7429,13.011,3.607,0.5,2.886,0.575,0.9,0.1,1.0,0.5,0.2,0.1,0.05,0.04,0.03,grid_stat_20260730.stat,20260730_150000,,,,,,,,,,,,
STAT,V12.0.0,20260820_055425,INANWP,NA,000000,20260730_150000,000000,20260730_150000,20260730_030000,20260730_030000,NA,RAINNC,"(*,*)",hourlyPrecipRateGC,"(*,*)",mm,mm,gt5,gt5,NA,0.05,CTS,10000.0,,,,,,,,0.85,,,,,,,,,,,,,,,grid_stat_20260730.stat,20260730_150000,0.057,0.45,0.3714,0.15,0.2,0.4714,0.3,0.4,,,,
STAT,V12.0.0,20260820_055425,INANWP,NA,000000,20260730_150000,000000,20260730_150000,20260730_030000,20260730_030000,NA,RAINNC,"(*,*)",hourlyPrecipRateGC,"(*,*)",mm,mm,gt5,gt5,NA,0.05,CTC,10000.0,,,,,,,,,,,,,,,,,,,,,,,grid_stat_20260730.stat,20260730_150000,,,,,,,,,574.0,181.0,270.0,8937.0
STAT,V12.0.0,20260820_055425,INANWP,NA,000000,20260730_150000,000000,20260730_150000,20260730_030000,20260730_030000,NA,RAINNC,"(*,*)",hourlyPrecipRateGC,"(*,*)",mm,mm,gt10,gt10,NA,0.05,CNT,10000.0,0.115,5.607,3.607,2.607,3.107,3.607,2.807,0.7429,13.011,3.607,0.5,2.886,0.575,0.9,0.1,1.0,0.5,0.2,0.1,0.05,0.04,0.03,grid_stat_20260730.stat,20260730_150000,,,,,,,,,,,,
STAT,V12.0.0,20260820_055425,INANWP,NA,000000,20260730_150000,000000,20260730_150000,20260730_030000,20260730_030000,NA,RAINNC,"(*,*)",hourlyPrecipRateGC,"(*,*)",mm,mm,gt10,gt10,NA,0.05,CTS,10000.0,,,,,,,,0.85,,,,,,,,,,,,,,,grid_stat_20260730.stat,20260730_150000,0.057,0.45,0.3464,0.15,0.2,0.4464,0.3,0.4,,,,
STAT,V12.0.0,20260820_055425,INANWP,NA,000000,20260730_150000,000000,20260730_150000,20260730_030000,20260730_030000,NA,RAINNC,"(*,*)",hourlyPrecipRateGC,"(*,*)",mm,mm,gt10,gt10,NA,0.05,CTC,10000.0,,,,,,,,,,,,,,,,,,,,,,,grid_stat_20260730.stat,20260730_150000,,,,,,,,,569.0,182.0,272.0,8934.0
STAT,V12.0.0,20260820_055425,INANWP,NA,000000,20260730_150000,000000,20260730_150000,20260730_030000,20260730_030000,NA,RAINNC,"(*,*)",hourlyPrecipRateGC,"(*,*)",mm,mm,gt20,gt20,NA,0.05,CNT,10000.0,0.115,5.607,3.607,2.607,3.107,3.607,2.807,0.7429,13.011,3.607,0.5,2.886,0.575,0.9,0.1,1.0,0.5,0.2,0.1,0.05,0.04,0.03,grid_stat_20260730.stat,20260730_150000,,,,,,,,,,,,
STAT,V12.0.0,20260820_055425,INANWP,NA,000000,20260730_150000,000000,20260730_150000,20260730_030000,20260730_030000,NA,RAINNC,"(*,*)",hourlyPrecipRateGC,"(*,*)",mm,mm,gt20,gt20,NA,0.05,CTS,10000.0,,,,,,,,0.85,,,,,,,,,,,,,,,grid_stat_20260730.stat,20260730_150000,0.057,0.45,0.2964,0.15,0.2,0.3964,0.3,0.4,,,,
STAT,V12.0.0,20260820_055425,INANWP,NA,000000,20260730_150000,000000,20260730_150000,20260730_030000,20260730_030000,NA,RAINNC,"(*,*)",hourlyPrecipRateGC,"(*,*)",mm,mm,gt20,gt20,NA,0.05,CTC,10000.0,,,,,,,,,,,,,,,,,,,,,,,grid_stat_20260730.stat,20260730_150000,,,,,,,,,559.0,185.0,276.0,8929.0
STAT,V12.0.0,20260820_055425,INANWP,NA,000000,20260730_150000,000000,20260730_150000,20260730_030000,20260730_030000,NA,RAINNC,"(*,*)",hourlyPrecipRateGC,"(*,*)",mm,mm,gt50,gt50,NA,0.05,CNT,10000.0,0.115,5.607,3.607,2.607,3.107,3.607,2.807,0.7429,13.011,3.607,0.5,2.886,0.575,0.9,0.1,1.0,0.5,0.2,0.1,0.05,0.04,0.03,grid_stat_20260730.stat,20260730_150000,,,,,,,,,,,,
STAT,V12.0.0,20260820_055425,INANWP,NA,000000,20260730_150000,000000,20260730_150000,20260730_030000,20260730_030000,NA,RAINNC,"(*,*)",hourlyPrecipRateGC,"(*,*)",mm,mm,gt50,gt50,NA,0.05,CTS,10000.0,,,,,,,,0.85,,,,,,,,,,,,,,,grid_stat_20260730.stat,20260730_150000,0.057,0.45,0.1464,0.15,0.2,0.2464,0.3,0.4,,,,
STAT,V12.0.0,20260820_055425,INANWP,NA,000000,20260730_150000,000000,20260730_150000,20260730_030000,20260730_030000,NA,RAINNC,"(*,*)",hourlyPrecipRateGC,"(*,*)",mm,mm,gt50,gt50,NA,0.05,CTC,10000.0,,,,,,,,,,,,,,,,,,,,,,,grid_stat_20260730.stat,20260730_150000,,,,,,,,,529.0,192.0,288.0,8914.0
STAT,V12.0.0,20260820_055425,INANWP,NA,000000,20260730_160000,000000,20260730_160000,20260730_040000,20260730_040000,NA,RAINNC,"(*,*)",hourlyPrecipRateGC,"(*,*)",mm,mm,gt0.1,gt0.1,NA,0.05,CNT,10000.0,0.12,5.714,3.714,2.714,3.214,3.714,2.914,0.7357,13.796,3.714,0.5,2.971,0.6,0.9,0.1,1.0,0.5,0.2,0.1,0.05,0.04,0.03,grid_stat_20260730.stat,20260730_160000,,,,,,,,,,,,
STAT,V12.0.0,20260820_055425,INANWP,NA,000000,20260730_160000,000000,20260730_160000,20260730_040000,20260730_040000,NA,RAINNC,"(*,*)",hourlyPrecipRateGC,"(*,*)",mm,mm,gt0.1,gt0.1,NA,0.05,CTS,10000.0,,,,,,,,0.85,,,,,,,,,,,,,,,grid_stat_20260730.stat,20260730_160000,0.06,0.45,0.3924,0.15,0.2,0.4924,0.3,0.4,,,,
STAT,V12.0.0,20260820_055425,INANWP,NA,000000,20260730_160000,000000,20260730_160000,20260730_040000,20260730_040000,NA,RAINNC,"(*,*)",hourlyPrecipRateGC,"(*,*)",mm,mm,gt0.1,gt0.1,NA,0.05,CTC,10000.0,,,,,,,,,,,,,,,,,,,,,,,grid_stat_20260730.stat,20260730_160000,,,,,,,,,578.0,180.0,268.0,8939.0
STAT,V12.0.0,20260820_055425,INANWP,NA,000000,20260730_160000,000000,20260730_160000,20260730_040000,20260730_040000,NA,RAINNC,"(*,*)",hourlyPrecipRateGC,"(*,*)",mm,mm,gt1,gt1,NA,0.05,CNT,10000.0,0.12,5.714,3.714,2.714,3.214,3.714,2.914,0.7357,13.796,3.714,0.5,2.971,0.6,0.9,0.1,1.0,0.5,0.2,0.1,0.05,0.04,0.03,grid_stat_20260730.stat,20260730_160000,,,,,,,,,,,,
STAT,V12.0.0,20260820_055425,INANWP,NA,000000,20260730_160000,000000,20260730_160000,20260730_040000,20260730_040000,NA,RAINNC,"(*,*)",hourlyPrecipRateGC,"(*,*)",mm,mm,gt1,gt1,NA,0.05,CTS,10000.0,,,,,,,,0.85,,,,,,,,,,,,,,,grid_stat_20260730.stat,20260730_160000,0.06,0.45,0.3879,0.15,0.2,0.4879,0.3,0.4,,,,
STAT,V12.0.0,20260820_055425,INANWP,NA,000000,20260730_160000,000000,20260730_160000,20260730_040000,20260730_040000,NA,RAINNC,"(*,*)",hourlyPrecipRateGC,"(*,*)",mm,mm,gt1,gt1,NA,0.05,CTC,10000.0,,,,,,,,,,,,,,,,,,,,,,,grid_stat_20260730.stat,20260730_160000,,,,,,,,,577.0,180.0,268.0,8938.0
STAT,V12.0.0,20260820_055425,INANWP,NA,000000,20260730_160000,000000,20260730_160000,20260730_040000,20260730_040000,NA,RAINNC,"(*,*)",hourlyPrecipRateGC,"(*,*)",mm,mm,gt5,gt5,NA,0.05,CNT,10000.0,0.12,5.714,3.714,2.714,3.214,3.714,2.914,0.7357,13.796,3.714,0.5,2.971,0.6,0.9,0.1,1.0,0.5,0.2,0.1,0.05,0.04,0.03,grid_stat_20260730.stat,20260730_160000,,,,,,,,,,,,
STAT,V12.0.0,20260820_055425,INANWP,NA,000000,20260730_160000,000000,20260730_160000,20260730_040000,20260730_040000,NA,RAINNC,"(*,*)",hourlyPrecipRateGC,"(*,*)",mm,mm,gt5,gt5,NA,0.05,CTS,10000.0,,,,,,,,0.85,,,,,,,,,,,,,,,grid_stat_20260730.stat,20260730_160000,0.06,0.45,0.3679,0.15,0.2,0.4679,0.3,0.4,,,,
STAT,V12.0.0,20260820_055425,INANWP,NA,000000,20260730_160000,000000,20260730_160000,20260730_040000,20260730_040000,NA,RAINNC,"(*,*)",hourlyPrecipRateGC,"(*,*)",mm,mm,gt5,gt5,NA,0.05,CTC,10000.0,,,,,,,,,,,,,,,,,,,,,,,grid_stat_20260730.stat,20260730_160000,,,,,,,,,573.0,181.0,270.0,8936.0
STAT,V12.0.0,20260820_055425,INANWP,NA,000000,20260730_160000,000000,20260730_160000,20260730_040000,20260730_040000,NA,RAINNC,"(*,*)",hourlyPrecipRateGC,"(*,*)",mm,mm,gt10,gt10,NA,0.05,CNT,10000.0,0.12,5.714,3.714,2.714,3.214,3.714,2.914,0.7357,13.796,3.714,0.5,2.971,0.6,0.9,0.1,1.0,0.5,0.2,0.1,0.05,0.04,0.03,grid_stat_20260730.stat,20260730_160000,,,,,,,,,,,,
STAT,V12.0.0,20260820_055425,INANWP,NA,000000,20260730_160000,000000,20260730_160000,20260730_040000,20260730_040000,NA,RAINNC,"(*,*)",hourlyPrecipRateGC,"(*,*)",mm,mm,gt10,gt10,NA,0.05,CTS,10000.0,,,,,,,,0.85,,,,,,,,,,,,,,,grid_stat_20260730.stat,20260730_160000,0.06,0.45,0.3429,0.15,0.2,0.4429,0.3,0.4,,,,
STAT,V12.0.0,20260820_055425,INANWP,NA,000000,20260730_160000,000000,20260730_160000,20260730_040000,20260730_040000,NA,RAINNC,"(*,*)",hourlyPrecipRateGC,"(*,*)",mm,mm,gt10,gt10,NA,0.05,CTC,10000.0,,,,,,,,,,,,,,,,,,,,,,,grid_stat_20260730.stat,20260730_160000,,,,,,,,,568.0,182.0,272.0,8934.0
STAT,V12.0.0,20260820_055425,INANWP,NA,000000,20260730_160000,000000,20260730_160000,20260730_040000,20260730_040000,NA,RAINNC,"(*,*)",hourlyPrecipRateGC,"(*,*)",mm,mm,gt20,gt20,NA,0.05,CNT,10000.0,0.12,5.714,3.714,2.714,3.214,3.714,2.914,0.7357,13.796,3.714,0.5,2.971,0.6,0.9,0.1,1.0,0.5,0.2,0.1,0.05,0.04,0.03,grid_stat_20260730.stat,20260730_160000,,,,,,,,,,,,
STAT,V12.0.0,20260820_055425,INANWP,NA,000000,20260730_160000,000000,20260730_160000,20260730_040000,20260730_040000,NA,RAINNC,"(*,*)",hourlyPrecipRateGC,"(*,*)",mm,mm,gt20,gt20,NA,0.05,CTS,10000.0,,,,,,,,0.85,,,,,,,,,,,,,,,grid_stat_20260730.stat,20260730_160000,0.06,0.45,0.2929,0.15,0.2,0.3929,0.3,0.4,,,,
STAT,V12.0.0,20260820_055425,INANWP,NA,000000,20260730_160000,000000,20260730_160000,20260730_040000,20260730_040000,NA,RAINNC,"(*,*)",hourlyPrecipRateGC,"(*,*)",mm,mm,gt20,gt20,NA,0.05,CTC,10000.0,,,,,,,,,,,,,,,,,,,,,,,grid_stat_20260730.stat,20260730_160000,,,,,,,,,558.0,185.0,276.0,8929.0
STAT,V12.0.0,20260820_055425,INANWP,NA,000000,20260730_160000,000000,20260730_160000,20260730_040000,20260730_040000,NA,RAINNC,"(*,*)",hourlyPrecipRateGC,"(*,*)",mm,mm,gt50,gt50,NA,0.05,CNT,10000.0,0.12,5.714,3.714,2.714,3.214,3.714,2.914,0.7357,13.796,3.714,0.5,2.971,0.6,0.9,0.1,1.0,0.5,0.2,0.1,0.05,0.04,0.03,grid_stat_20260730.stat,20260730_160000,,,,,,,,,,,,
STAT,V12.0.0,20260820_055425,INANWP,NA,000000,20260730_160000,000000,20260730_160000,20260730_040000,20260730_040000,NA,RAINNC,"(*,*)",hourlyPrecipRateGC,"(*,*)",mm,mm,gt50,gt50,NA,0.05,CTS,10000.0,,,,,,,,0.85,,,,,,,,,,,,,,,grid_stat_20260730.stat,20260730_160000,0.06,0.45,0.1429,0.15,0.2,0.2429,0.3,0.4,,,,
STAT,V12.0.0,20260820_055425,INANWP,NA,000000,20260730_160000,000000,20260730_160000,20260730_040000,20260730_040000,NA,RAINNC,"(*,*)",hourlyPrecipRateGC,"(*,*)",mm,mm,gt50,gt50,NA,0.05,CTC,10000.0,,,,,,,,,,,,,,,,,,,,,,,grid_stat_20260730.stat,20260730_160000,,,,,,,,,528.0,192.0,288.0,8914.0
STAT,V12.0.0,20260820_055425,INANWP,NA,000000,20260730_170000,000000,20260730_170000,20260730_050000,20260730_050000,NA,RAINNC,"(*,*)",hourlyPrecipRateGC,"(*,*)",mm,mm,gt0.1,gt0.1,NA,0.05,CNT,10000.0,0.125,5.821,3.821,2.821,3.321,3.821,3.021,0.7286,14.603,3.821,0.5,3.057,0.625,0.9,0.1,1.0,0.5,0.2,0.1,0.05,0.04,0.03,grid_stat_20260730.stat,20260730_170000,,,,,,,,,,,,
STAT,V12.0.0,20260820_055425,INANWP,NA,000000,20260730_170000,000000,20260730_170000,20260730_050000,20260730_050000,NA,RAINNC,"(*,*)",hourlyPrecipRateGC,"(*,*)",mm,mm,gt0.1,gt0.1,NA,0.05,CTS,10000.0,,,,,,,,0.85,,,,,,,,,,,,,,,grid_stat_20260730.stat,20260730_170000,0.062,0.45,0.3888,0.15,0.2,0.4888,0.3,0.4,,,,
STAT,V12.0.0,20260820_055425,INANWP,NA,000000,20260730_170000,000000,20260730_170000,20260730_050000,20260730_050000,NA,RAINNC,"(*,*)",hourlyPrecipRateGC,"(*,*)",mm,mm,gt0.1,gt0.1,NA,0.05,CTC,10000.0,,,,,,,,,,,,,,,,,,,,,,,grid_stat_20260730.stat,20260730_170000,,,,,,,,,577.0,180.0,268.0,8938.0
STAT,V12.0.0,20260820_055425,INANWP,NA,000000,20260730_170000,000000,20260730_170000,20260730_050000,20260730_050000,NA,RAINNC,"(*,*)",hourlyPrecipRateGC,"(*,*)",mm,mm,gt1,gt1,NA,0.05,CNT,10000.0,0.125,5.821,3.821,2.821,3.321,3.821,3.021,0.7286,14.603,3.821,0.5,3.057,0.625,0.9,0.1,1.0,0.5,0.2,0.1,0.05,0.04,0.03,grid_stat_20260730.stat,20260730_170000,,,,,,,,,,,,
STAT,V12.0.0,20260820_055425,INANWP,NA,000000,20260730_170000,000000,20260730_170000,20260730_050000,20260730_050000,NA,RAINNC,"(*,*)",hourlyPrecipRateGC,"(*,*)",mm,mm,gt1,gt1,NA,0.05,CTS,10000.0,,,,,,,,0.85,,,,,,,,,,,,,,,grid_stat_20260730.stat,20260730_170000,0.062,0.45,0.3843,0.15,0.2,0.4843,0.3,0.4,,,,
STAT,V12.0.0,20260820_055425,INANWP,NA,000000,20260730_170000,000000,20260730_170000,20260730_050000,20260730_050000,NA,RAINNC,"(*,*)",hourlyPrecipRateGC,"(*,*)",mm,mm,gt1,gt1,NA,0.05,CTC,10000.0,,,,,,,,,,,,,,,,,,,,,,,grid_stat_20260730.stat,20260730_170000,,,,,,,,,576.0,180.0,269.0,8938.0
STAT,V12.0.0,20260820_055425,INANWP,NA,000000,20260730_170000,000000,20260730_170000,20260730_050000,20260730_050000,NA,RAINNC,"(*,*)",hourlyPrecipRateGC,"(*,*)",mm,mm,gt5,gt5,NA,0.05,CNT,10000.0,0.125,5.821,3.821,2.821,3.321,3.821,3.021,0.7286,14.603,3.821,0.5,3.057,0.625,0.9,0.1,1.0,0.5,0.2,0.1,0.05,0.04,0.03,grid_stat_20260730.stat,20260730_170000,,,,,,,,,,,,
STAT,V12.0.0,20260820_055425,INANWP,NA,000000,20260730_170000,000000,20260730_170000,20260730_050000,20260730_050000,NA,RAINNC,"(*,*)",hourlyPrecipRateGC,"(*,*)",mm,mm,gt5,gt5,NA,0.05,CTS,10000.0,,,,,,,,0.85,,,,,,,,,,,,,,,grid_stat_20260730.stat,20260730_170000,0.062,0.45,0.3643,0.15,0.2,0.4643,0.3,0.4,,,,
STAT,V12.0.0,20260820_055425,INANWP,NA,000000,20260730_170000,000000,20260730_170000,20260730_050000,20260730_050000,NA,RAINNC,"(*,*)",hourlyPrecipRateGC,"(*,*)",mm,mm,gt5,gt5,NA,0.05,CTC,10000.0,,,,,,,,,,,,,,,,,,,,,,,grid_stat_20260730.stat,20260730_170000,,,,,,,,,572.0,181.0,270.0,8936.0
STAT,V12.0.0,20260820_055425,INANWP,NA,000000,20260730_170000,000000,20260730_170000,20260730_050000,20260730_050000,NA,RAINNC,"(*,*)",hourlyPrecipRateGC,"(*,*)",mm,mm,gt10,gt10,NA,0.05,CNT,10000.0,0.125,5.821,3.821,2.821,3.321,3.821,3.021,0.7286,14.603,3.821,0.5,3.057,0.625,0.9,0.1,1.0,0.5,0.2,0.1,0.05,0.04,0.03,grid_stat_20260730.stat,20260730_170000,,,,,,,,,,,,
STAT,V12.0.0,20260820_055425,INANWP,NA,000000,20260730_170000,000000,20260730_170000,20260730_050000,20260730_050000,NA,RAINNC,"(*,*)",hourlyPrecipRateGC,"(*,*)",mm,mm,gt10,gt10,NA,0.05,CTS,10000.0,,,,,,,,0.85,,,,,,,,,,,,,,,grid_stat_20260730.stat,20260730_170000,0.062,0.45,0.3393,0.15,0.2,0.4393,0.3,0.4,,,,
STAT,V12.0.0,20260820_055425,INANWP,NA,000000,20260730_170000,000000,20260730_170000,20260730_050000,20260730_050000,NA,RAINNC,"(*,*)",hourlyPrecipRateGC,"(*,*)",mm,mm,gt10,gt10,NA,0.05,CTC,10000.0,,,,,,,,,,,,,,,,,,,,,,,grid_stat_20260730.stat,20260730_170000,,,,,,,,,567.0,183.0,272.0,8933.0
STAT,V12.0.0,20260820_055425,INANWP,NA,000000,20260730_170000,000000,20260730_170000,20260730_050000,20260730_050000,NA,RAINNC,"(*,*)",hourlyPrecipRateGC,"(*,*)",mm,mm,gt20,gt20,NA,0.05,CNT,10000.0,0.125,5.821,3.821,2.821,3.321,3.821,3.021,0.7286,14.603,3.821,0.5,3.057,0.625,0.9,0.1,1.0,0.5,0.2,0.1,0.05,0.04,0.03,grid_stat_20260730.stat,20260730_170000,,,,,,,,,,,,
STAT,V12.0.0,20260820_055425,INANWP,NA,000000,20260730_170000,000000,20260730_170000,20260730_050000,20260730_050000,NA,RAINNC,"(*,*)",hourlyPrecipRateGC,"(*,*)",mm,mm,gt20,gt20,NA,0.05,CTS,10000.0,,,,,,,,0.85,,,,,,,,,,,,,,,grid_stat_20260730.stat,20260730_170000,0.062,0.45,0.2893,0.15,0.2,0.3893,0.3,0.4,,,,
STAT,V12.0.0,20260820_055425,INANWP,NA,000000,20260730_170000,000000,20260730_170000,20260730_050000,20260730_050000,NA,RAINNC,"(*,*)",hourlyPrecipRateGC,"(*,*)",mm,mm,gt20,gt20,NA,0.05,CTC,10000.0,,,,,,,,,,,,,,,,,,,,,,,grid_stat_20260730.stat,20260730_170000,,,,,,,,,557.0,185.0,276.0,8928.0
STAT,V12.0.0,20260820_055425,INANWP,NA,000000,20260730_170000,000000,20260730_170000,20260730_050000,20260730_050000,NA,RAINNC,"(*,*)",hourlyPrecipRateGC,"(*,*)",mm,mm,gt50,gt50,NA,0.05,CNT,10000.0,0.125,5.821,3.821,2.821,3.321,3.821,3.021,0.7286,14.603,3.821,0.5,3.057,0.625,0.9,0.1,1.0,0.5,0.2,0.1,0.05,0.04,0.03,grid_stat_20260730.stat,20260730_170000,,,,,,,,,,,,
STAT,V12.0.0,20260820_055425,INANWP,NA,000000,20260730_170000,000000,20260730_170000,20260730_050000,20260730_050000,NA,RAINNC,"(*,*)",hourlyPrecipRateGC,"(*,*)",mm,mm,gt50,gt50,NA,0.05,CTS,10000.0,,,,,,,,0.85,,,,,,,,,,,,,,,grid_stat_20260730.stat,20260730_170000,0.062,0.45,0.1393,0.15,0.2,0.2393,0.3,0.4,,,,
STAT,V12.0.0,20260820_055425,INANWP,NA,000000,20260730_170000,000000,20260730_170000,20260730_050000,20260730_050000,NA,RAINNC,"(*,*)",hourlyPrecipRateGC,"(*,*)",mm,mm,gt50,gt50,NA,0.05,CTC,10000.0,,,,,,,,,,,,,,,,,,,,,,,grid_stat_20260730.stat,20260730_170000,,,,,,,,,527.0,193.0,288.0,8913.0
STAT,V12.0.0,20260820_055425,INANWP,NA,000000,20260730_180000,000000,20260730_180000,20260730_060000,20260730_060000,NA,RAINNC,"(*,*)",hourlyPrecipRateGC,"(*,*)",mm,mm,gt0.1,gt0.1,NA,0.05,CNT,10000.0,0.13,5.929,3.929,2.929,3.429,3.929,3.129,0.7214,15.434,3.929,0.5,3.143,0.65,0.9,0.1,1.0,0.5,0.2,0.1,0.05,0.04,0.03,grid_stat_20260730.stat,20260730_180000,,,,,,,,,,,,
STAT,V12.0.0,20260820_055425,INANWP,NA,000000,20260730_180000,000000,20260730_180000,20260730_060000,20260730_060000,NA,RAINNC,"(*,*)",hourlyPrecipRateGC,"(*,*)",mm,mm,gt0.1,gt0.1,NA,0.05,CTS,10000.0,,,,,,,,0.85,,,,,,,,,,,,,,,grid_stat_20260730.stat,20260730_180000,0.065,0.45,0.3852,0.15,0.2,0.4852,0.3,0.4,,,,
STAT,V12.0.0,20260820_055425,INANWP,NA,000000,20260730_180000,000000,20260730_180000,20260730_060000,20260730_060000,NA,RAINNC,"(*,*)",hourlyPrecipRateGC,"(*,*)",mm,mm,gt0.1,gt0.1,NA,0.05,CTC,10000.0,,,,,,,,,,,,,,,,,,,,,,,grid_stat_20260730.stat,20260730_180000,,,,,,,,,577.0,180.0,269.0,8938.0
STAT,V12.0.0,20260820_055425,INANWP,NA,000000,20260730_180000,000000,20260730_180000,20260730_060000,20260730_060000,NA,RAINNC,"(*,*)",hourlyPrecipRateGC,"(*,*)",mm,mm,gt1,gt1,NA,0.05,CNT,10000.0,0.13,5.929,3.929,2.929,3.429,3.929,3.129,0.7214,15.434,3.929,0.5,3.143,0.65,0.9,0.1,1.0,0.5,0.2,0.1,0.05,0.04,0.03,grid_stat_20260730.stat,20260730_180000,,,,,,,,,,,,
STAT,V12.0.0,20260820_055425,INANWP,NA,000000,20260730_180000,000000,20260730_180000,20260730_060000,20260730_060000,NA,RAINNC,"(*,*)",hourlyPrecipRateGC,"(*,*)",mm,mm,gt1,gt1,NA,0.05,CTS,10000.0,,,,,,,,0.85,,,,,,,,,,,,,,,grid_stat_20260730.stat,20260730_180000,0.065,0.45,0.3807,0.15,0.2,0.4807,0.3,0.4,,,,
STAT,V12.0.0,20260820_055425,INANWP,NA,000000,20260730_180000,000000,20260730_180000,20260730_060000,20260730_060000,NA,RAINNC,"(*,*)",hourlyPrecipRateGC,"(*,*)",mm,mm,gt1,gt1,NA,0.05,CTC,10000.0,,,,,,,,,,,,,,,,,,,,,,,grid_stat_20260730.stat,20260730_180000,,,,,,,,,576.0,180.0,269.0,8938.0
STAT,V12.0.0,20260820_055425,INANWP,NA,000000,20260730_180000,000000,20260730_180000,20260730_060000,20260730_060000,NA,RAINNC,"(*,*)",hourlyPrecipRateGC,"(*,*)",mm,mm,gt5,gt5,NA,0.05,CNT,10000.0,0.13,5.929,3.929,2.929,3.429,3.929,3.129,0.7214,15.434,3.929,0.5,3.143,0.65,0.9,0.1,1.0,0.5,0.2,0.1,0.05,0.04,0.03,grid_stat_20260730.stat,20260730_180000,,,,,,,,,,,,
STAT,V12.0.0,20260820_055425,INANWP,NA,000000,20260730_180000,000000,20260730_180000,20260730_060000,20260730_060000,NA,RAINNC,"(*,*)",hourlyPrecipRateGC,"(*,*)",mm,mm,gt5,gt5,NA,0.05,CTS,10000.0,,,,,,,,0.85,,,,,,,,,,,,,,,grid_stat_20260730.stat,20260730_180000,0.065,0.45,0.3607,0.15,0.2,0.4607,0.3,0.4,,,,
STAT,V12.0.0,20260820_055425,INANWP,NA,000000,20260730_180000,000000,20260730_180000,20260730_060000,20260730_060000,NA,RAINNC,"(*,*)",hourlyPrecipRateGC,"(*,*)",mm,mm,gt5,gt5,NA,0.05,CTC,10000.0,,,,,,,,,,,,,,,,,,,,,,,grid_stat_20260730.stat,20260730_180000,,,,,,,,,572.0,181.0,271.0,8936.0
STAT,V12.0.0,20260820_055425,INANWP,NA,000000,20260730_180000,000000,20260730_180000,20260730_060000,20260730_060000,NA,RAINNC,"(*,*)",hourlyPrecipRateGC,"(*,*)",mm,mm,gt10,gt10,NA,0.05,CNT,10000.0,0.13,5.929,3.929,2.929,3.429,3.929,3.129,0.7214,15.434,3.929,0.5,3.143,0.65,0.9,0.1,1.0,0.5,0.2,0.1,0.05,0.04,0.03,grid_stat_20260730.stat,20260730_180000,,,,,,,,,,,,
STAT,V12.0.0,20260820_055425,INANWP,NA,000000,20260730_180000,000000,20260730_180000,20260730_060000,20260730_060000,NA,RAINNC,"(*,*)",hourlyPrecipRateGC,"(*,*)",mm,mm,gt10,gt10,NA,0.05,CTS,10000.0,,,,,,,,0.85,,,,,,,,,,,,,,,grid_stat_20260730.stat,20260730_180000,0.065,0.45,0.3357,0.15,0.2,0.4357,0.3,0.4,,,,
STAT,V12.0.0,20260820_055425,INANWP,NA,000000,20260730_180000,000000,20260730_180000,20260730_060000,20260730_060000,NA,RAINNC,"(*,*)",hourlyPrecipRateGC,"(*,*)",mm,mm,gt10,gt10,NA,0.05,CTC,10000.0,,,,,,,,,,,,,,,,,,,,,,,grid_stat_20260730.stat,20260730_180000,,,,,,,,,567.0,183.0,273.0,8933.0
STAT,V12.0.0,20260820_055425,INANWP,NA,000000,20260730_180000,000000,20260730_180000,20260730_060000,20260730_060000,NA,RAINNC,"(*,*)",hourlyPrecipRateGC,"(*,*)",mm,mm,gt20,gt20,NA,0.05,CNT,10000.0,0.13,5.929,3.929,2.929,3.429,3.929,3.129,0.7214,15.434,3.929,0.5,3.143,0.65,0.9,0.1,1.0,0.5,0.2,0.1,0.05,0.04,0.03,grid_stat_20260730.stat,20260730_180000,,,,,,,,,,,,
STAT,V12.0.0,20260820_055425,INANWP,NA,000000,20260730_180000,000000,20260730_180000,20260730_060000,20260730_060000,NA,RAINNC,"(*,*)",hourlyPrecipRateGC,"(*,*)",mm,mm,gt20,gt20,NA,0.05,CTS,10000.0,,,,,,,,0.85,,,,,,,,,,,,,,,grid_stat_20260730.stat,20260730_180000,0.065,0.45,0.2857,0.15,0.2,0.3857,0.3,0.4,,,,
STAT,V12.0.0,20260820_055425,INANWP,NA,000000,20260730_180000,000000,20260730_180000,20260730_060000,20260730_060000,NA,RAINNC,"(*,*)",hourlyPrecipRateGC,"(*,*)",mm,mm,gt20,gt20,NA,0.05,CTC,10000.0,,,,,,,,,,,,,,,,,,,,,,,grid_stat_20260730.stat,20260730_180000,,,,,,,,,557.0,185.0,277.0,8928.0
STAT,V12.0.0,20260820_055425,INANWP,NA,000000,20260730_180000,000000,20260730_180000,20260730_060000,20260730_060000,NA,RAINNC,"(*,*)",hourlyPrecipRateGC,"(*,*)",mm,mm,gt50,gt50,NA,0.05,CNT,10000.0,0.13,5.929,3.929,2.929,3.429,3.929,3.129,0.7214,15.434,3.929,0.5,3.143,0.65,0.9,0.1,1.0,0.5,0.2,0.1,0.05,0.04,0.03,grid_stat_20260730.stat,20260730_180000,,,,,,,,,,,,
STAT,V12.0.0,20260820_055425,INANWP,NA,000000,20260730_180000,000000,20260730_180000,20260730_060000,20260730_060000,NA,RAINNC,"(*,*)",hourlyPrecipRateGC,"(*,*)",mm,mm,gt50,gt50,NA,0.05,CTS,10000.0,,,,,,,,0.85,,,,,,,,,,,,,,,grid_stat_20260730.stat,20260730_180000,0.065,0.45,0.1357,0.15,0.2,0.2357,0.3,0.4,,,,
STAT,V12.0.0,20260820_055425,INANWP,NA,000000,20260730_180000,000000,20260730_180000,20260730_060000,20260730_060000,NA,RAINNC,"(*,*)",hourlyPrecipRateGC,"(*,*)",mm,mm,gt50,gt50,NA,0.05,CTC,10000.0,,,,,,,,,,,,,,,,,,,,,,,grid_stat_20260730.stat,20260730_180000,,,,,,,,,527.0,193.0,289.0,8913.0
STAT,V12.0.0,20260820_055425,INANWP,NA,000000,20260730_190000,000000,20260730_190000,20260730_070000,20260730_070000,NA,RAINNC,"(*,*)",hourlyPrecipRateGC,"(*,*)",mm,mm,gt0.1,gt0.1,NA,0.05,CNT,10000.0,0.135,6.036,4.036,3.036,3.536,4.036,3.236,0.7143,16.287,4.036,0.5,3.229,0.675,0.9,0.1,1.0,0.5,0.2,0.1,0.05,0.04,0.03,grid_stat_20260730.stat,20260730_190000,,,,,,,,,,,,
STAT,V12.0.0,20260820_055425,INANWP,NA,000000,20260730_190000,000000,20260730_190000,20260730_070000,20260730_070000,NA,RAINNC,"(*,*)",hourlyPrecipRateGC,"(*,*)",mm,mm,gt0.1,gt0.1,NA,0.05,CTS,10000.0,,,,,,,,0.85,,,,,,,,,,,,,,,grid_stat_20260730.stat,20260730_190000,0.068,0.45,0.3816,0.15,0.2,0.4816,0.3,0.4,,,,
STAT,V12.0.0,20260820_055425,INANWP,NA,000000,20260730_190000,000000,20260730_190000,20260730_070000,20260730_070000,NA,RAINNC,"(*,*)",hourlyPrecipRateGC,"(*,*)",mm,mm,gt0.1,gt0.1,NA,0.05,CTC,10000.0,,,,,,,,,,,,,,,,,,,,,,,grid_stat_20260730.stat,20260730_190000,,,,,,,,,576.0,180.0,269.0,8938.0
STAT,V12.0.0,20260820_055425,INANWP,NA,000000,20260730_190000,000000,20260730_190000,20260730_070000,20260730_070000,NA,RAINNC,"(*,*)",hourlyPrecipRateGC,"(*,*)",mm,mm,gt1,gt1,NA,0.05,CNT,10000.0,0.135,6.036,4.036,3.036,3.536,4.036,3.236,0.7143,16.287,4.036,0.5,3.229,0.675,0.9,0.1,1.0,0.5,0.2,0.1,0.05,0.04,0.03,grid_stat_20260730.stat,20260730_190000,,,,,,,,,,,,
STAT,V12.0.0,20260820_055425,INANWP,NA,000000,20260730_190000,000000,20260730_190000,20260730_070000,20260730_070000,NA,RAINNC,"(*,*)",hourlyPrecipRateGC,"(*,*)",mm,mm,gt1,gt1,NA,0.05,CTS,10000.0,,,,,,,,0.85,,,,,,,,,,,,,,,grid_stat_20260730.stat,20260730_190000,0.068,0.45,0.3771,0.15,0.2,0.4771,0.3,0.4,,,,
STAT,V12.0.0,20260820_055425,INANWP,NA,000000,20260730_190000,000000,20260730_190000,20260730_070000,20260730_070000,NA,RAINNC,"(*,*)",hourlyPrecipRateGC,"(*,*)",mm,mm,gt1,gt1,NA,0.05,CTC,10000.0,,,,,,,,,,,,,,,,,,,,,,,grid_stat_20260730.stat,20260730_190000,,,,,,,,,575.0,181.0,269.0,8937.0
STAT,V12.0.0,20260820_055425,INANWP,NA,000000,20260730_190000,000000,20260730_190000,20260730_070000,20260730_070000,NA,RAINNC,"(*,*)",hourlyPrecipRateGC,"(*,*)",mm,mm,gt5,gt5,NA,0.05,CNT,10000.0,0.135,6.036,4.036,3.036,3.536,4.036,3.236,0.7143,16.287,4.036,0.5,3.229,0.675,0.9,0.1,1.0,0.5,0.2,0.1,0.05,0.04,0.03,grid_stat_20260730.stat,20260730_190000,,,,,,,,,,,,
STAT,V12.0.0,20260820_055425,INANWP,NA,000000,20260730_190000,000000,20260730_190000,20260730_070000,20260730_070000,NA,RAINNC,"(*,*)",hourlyPrecipRateGC,"(*,*)",mm,mm,gt5,gt5,NA,0.05,CTS,10000.0,,,,,,,,0.85,,,,,,,,,,,,,,,grid_stat_20260730.stat,20260730_190000,0.068,0.45,0.3571,0.15,0.2,0.4571,0.3,0.4,,,,
STAT,V12.0.0,20260820_055425,INANWP,NA,000000,20260730_190000,000000,20260730_190000,20260730_070000,20260730_070000,NA,RAINNC,"(*,*)",hourlyPrecipRateGC,"(*,*)",mm,mm,gt5,gt5,NA,0.05,CTC,10000.0,,,,,,,,,,,,,,,,,,,,,,,grid_stat_20260730.stat,20260730_190000,,,,,,,,,571.0,182.0,271.0,8935.0
STAT,V12.0.0,20260820_055425,INANWP,NA,000000,20260730_190000,000000,20260730_190000,20260730_070000,20260730_070000,NA,RAINNC,"(*,*)",hourlyPrecipRateGC,"(*,*)",mm,mm,gt10,gt10,NA,0.05,CNT,10000.0,0.135,6.036,4.036,3.036,3.536,4.036,3.236,0.7143,16.287,4.036,0.5,3.229,0.675,0.9,0.1,1.0,0.5,0.2,0.1,0.05,0.04,0.03,grid_stat_20260730.stat,20260730_190000,,,,,,,,,,,,
STAT,V12.0.0,20260820_055425,INANWP,NA,000000,20260730_190000,000000,20260730_190000,20260730_070000,20260730_070000,NA,RAINNC,"(*,*)",hourlyPrecipRateGC,"(*,*)",mm,mm,gt10,gt10,NA,0.05,CTS,10000.0,,,,,,,,0.85,,,,,,,,,,,,,,,grid_stat_20260730.stat,20260730_190000,0.068,0.45,0.3321,0.15,0.2,0.4321,0.3,0.4,,,,
STAT,V12.0.0,20260820_055425,INANWP,NA,000000,20260730_190000,000000,20260730_190000,20260730_070000,20260730_070000,NA,RAINNC,"(*,*)",hourlyPrecipRateGC,"(*,*)",mm,mm,gt10,gt10,NA,0.05,CTC,10000.0,,,,,,,,,,,,,,,,,,,,,,,grid_stat_20260730.stat,20260730_190000,,,,,,,,,566.0,183.0,273.0,8933.0
STAT,V12.0.0,20260820_055425,INANWP,NA,000000,20260730_190000,000000,20260730_190000,20260730_070000,20260730_070000,NA,RAINNC,"(*,*)",hourlyPrecipRateGC,"(*,*)",mm,mm,gt20,gt20,NA,0.05,CNT,10000.0,0.135,6.036,4.036,3.036,3.536,4.036,3.236,0.7143,16.287,4.036,0.5,3.229,0.675,0.9,0.1,1.0,0.5,0.2,0.1,0.05,0.04,0.03,grid_stat_20260730.stat,20260730_190000,,,,,,,,,,,,
STAT,V12.0.0,20260820_055425,INANWP,NA,000000,20260730_190000,000000,20260730_190000,20260730_070000,20260730_070000,NA,RAINNC,"(*,*)",hourlyPrecipRateGC,"(*,*)",mm,mm,gt20,gt20,NA,0.05,CTS,10000.0,,,,,,,,0.85,,,,,,,,,,,,,,,grid_stat_20260730.stat,20260730_190000,0.068,0.45,0.2821,0.15,0.2,0.3821,0.3,0.4,,,,
STAT,V12.0.0,20260820_055425,INANWP,NA,000000,20260730_190000,000000,20260730_190000,20260730_070000,20260730_070000,NA,RAINNC,"(*,*)",hourlyPrecipRateGC,"(*,*)",mm,mm,gt20,gt20,NA,0.05,CTC,10000.0,,,,,,,,,,,,,,,,,,,,,,,grid_stat_20260730.stat,20260730_190000,,,,,,,,,556.0,185.0,277.0,8928.0
STAT,V12.0.0,20260820_055425,INANWP,NA,000000,20260730_190000,000000,20260730_190000,20260730_070000,20260730_070000,NA,RAINNC,"(*,*)",hourlyPrecipRateGC,"(*,*)",mm,mm,gt50,gt50,NA,0.05,CNT,10000.0,0.135,6.036,4.036,3.036,3.536,4.036,3.236,0.7143,16.287,4.036,0.5,3.229,0.675,0.9,0.1,1.0,0.5,0.2,0.1,0.05,0.04,0.03,grid_stat_20260730.stat,20260730_190000,,,,,,,,,,,,
STAT,V12.0.0,20260820_055425,INANWP,NA,000000,20260730_190000,000000,20260730_190000,20260730_070000,20260730_070000,NA,RAINNC,"(*,*)",hourlyPrecipRateGC,"(*,*)",mm,mm,gt50,gt50,NA,0.05,CTS,10000.0,,,,,,,,0.85,,,,,,,,,,,,,,,grid_stat_20260730.stat,20260730_190000,0.068,0.45,0.1321,0.15,0.2,0.2321,0.3,0.4,,,,
STAT,V12.0.0,20260820_055425,INANWP,NA,000000,20260730_190000,000000,20260730_190000,20260730_070000,20260730_070000,NA,RAINNC,"(*,*)",hourlyPrecipRateGC,"(*,*)",mm,mm,gt50,gt50,NA,0.05,CTC,10000.0,,,,,,,,,,,,,,,,,,,,,,,grid_stat_20260730.stat,20260730_190000,,,,,,,,,526.0,193.0,289.0,8913.0
STAT,V12.0.0,20260820_055425,INANWP,NA,000000,20260730_200000,000000,20260730_200000,20260730_080000,20260730_080000,NA,RAINNC,"(*,*)",hourlyPrecipRateGC,"(*,*)",mm,mm,gt0.1,gt0.1,NA,0.05,CNT,10000.0,0.14,6.143,4.143,3.143,3.643,4.143,3.343,0.7071,17.163,4.143,0.5,3.314,0.7,0.9,0.1,1.0,0.5,0.2,0.1,0.05,0.04,0.03,grid_stat_20260730.stat,20260730_200000,,,,,,,,,,,,
STAT,V12.0.0,20260820_055425,INANWP,NA,000000,20260730_200000,000000,20260730_200000,20260730_080000,20260730_080000,NA,RAINNC,"(*,*)",hourlyPrecipRateGC,"(*,*)",mm,mm,gt0.1,gt0.1,NA,0.05,CTS,10000.0,,,,,,,,0.85,,,,,,,,,,,,,,,grid_stat_20260730.stat,20260730_200000,0.07,0.45,0.3781,0.15,0.2,0.4781,0.3,0.4,,,,
STAT,V12.0.0,20260820_055425,INANWP,NA,000000,20260730_200000,000000,20260730_200000,20260730_080000,20260730_080000,NA,RAINNC,"(*,*)",hourlyPrecipRateGC,"(*,*)",mm,mm,gt0.1,gt0.1,NA,0.05,CTC,10000.0,,,,,,,,,,,,,,,,,,,,,,,grid_stat_20260730.stat,20260730_200000,,,,,,,,,575.0,181.0,269.0,8937.0
STAT,V12.0.0,20260820_055425,INANWP,NA,000000,20260730_200000,000000,20260730_200000,20260730_080000,20260730_080000,NA,RAINNC,"(*,*)",hourlyPrecipRateGC,"(*,*)",mm,mm,gt1,gt1,NA,0.05,CNT,10000.0,0.14,6.143,4.143,3.143,3.643,4.143,3.343,0.7071,17.163,4.143,0.5,3.314,0.7,0.9,0.1,1.0,0.5,0.2,0.1,0.05,0.04,0.03,grid_stat_20260730.stat,20260730_200000,,,,,,,,,,,,
STAT,V12.0.0,20260820_055425,INANWP,NA,000000,20260730_200000,000000,20260730_200000,20260730_080000,20260730_080000,NA,RAINNC,"(*,*)",hourlyPrecipRateGC,"(*,*)",mm,mm,gt1,gt1,NA,0.05,CTS,10000.0,,,,,,,,0.85,,,,,,,,,,,,,,,grid_stat_20260730.stat,20260730_200000,0.07,0.45,0.3736,0.15,0.2,0.4736,0.3,0.4,,,,
STAT,V12.0.0,20260820_055425,INANWP,NA,000000,20260730_200000,000000,20260730_200000,20260730_080000,20260730_080000,NA,RAINNC,"(*,*)",hourlyPrecipRateGC,"(*,*)",mm,mm,gt1,gt1,NA,0.05,CTC,10000.0,,,,,,,,,,,,,,,,,,,,,,,grid_stat_20260730.stat,20260730_200000,,,,,,,,,574.0,181.0,270.0,8937.0
STAT,V12.0.0,20260820_055425,INANWP,NA,000000,20260730_200000,000000,20260730_200000,20260730_080000,20260730_080000,NA,RAINNC,"(*,*)",hourlyPrecipRateGC,"(*,*)",mm,mm,gt5,gt5,NA,0.05,CNT,10000.0,0.14,6.143,4.143,3.143,3.643,4.143,3.343,0.7071,17.163,4.143,0.5,3.314,0.7,0.9,0.1,1.0,0.5,0.2,0.1,0.05,0.04,0.03,grid_stat_20260730.stat,20260730_200000,,,,,,,,,,,,
STAT,V12.0.0,20260820_055425,INANWP,NA,000000,20260730_200000,000000,20260730_200000,20260730_080000,20260730_080000,NA,RAINNC,"(*,*)",hourlyPrecipRateGC,"(*,*)",mm,mm,gt5,gt5,NA,0.05,CTS,10000.0,,,,,,,,0.85,,,,,,,,,,,,,,,grid_stat_20260730.stat,20260730_200000,0.07,0.45,0.3536,0.15,0.2,0.4536,0.3,0.4,,,,
STAT,V12.0.0,20260820_055425,INANWP,NA,000000,20260730_200000,000000,20260730_200000,20260730_080000,20260730_080000,NA,RAINNC,"(*,*)",hourlyPrecipRateGC,"(*,*)",mm,mm,gt5,gt5,NA,0.05,CTC,10000.0,,,,,,,,,,,,,,,,,,,,,,,grid_stat_20260730.stat,20260730_200000,,,,,,,,,570.0,182.0,271.0,8935.0
STAT,V12.0.0,20260820_055425,INANWP,NA,000000,20260730_200000,000000,20260730_200000,20260730_080000,20260730_080000,NA,RAINNC,"(*,*)",hourlyPrecipRateGC,"(*,*)",mm,mm,gt10,gt10,NA,0.05,CNT,10000.0,0.14,6.143,4.143,3.143,3.643,4.143,3.343,0.7071,17.163,4.143,0.5,3.314,0.7,0.9,0.1,1.0,0.5,0.2,0.1,0.05,0.04,0.03,grid_stat_20260730.stat,20260730_200000,,,,,,,,,,,,
STAT,V12.0.0,20260820_055425,INANWP,NA,000000,20260730_200000,000000,20260730_200000,20260730_080000,20260730_080000,NA,RAINNC,"(*,*)",hourlyPrecipRateGC,"(*,*)",mm,mm,gt10,gt10,NA,0.05,CTS,10000.0,,,,,,,,0.85,,,,,,,,,,,,,,,grid_stat_20260730.stat,20260730_200000,0.07,0.45,0.3286,0.15,0.2,0.4286,0.3,0.4,,,,
STAT,V12.0.0,20260820_055425,INANWP,NA,000000,20260730_200000,000000,20260730_200000,20260730_080000,20260730_080000,NA,RAINNC,"(*,*)",hourlyPrecipRateGC,"(*,*)",mm,mm,gt10,gt10,NA,0.05,CTC,10000.0,,,,,,,,,,,,,,,,,,,,,,,grid_stat_20260730.stat,20260730_200000,,,,,,,,,565.0,183.0,273.0,8932.0
STAT,V12.0.0,20260820_055425,INANWP,NA,000000,20260730_200000,000000,20260730_200000,20260730_080000,20260730_080000,NA,RAINNC,"(*,*)",hourlyPrecipRateGC,"(*,*)",mm,mm,gt20,gt20,NA,0.05,CNT,10000.0,0.14,6.143,4.143,3.143,3.643,4.143,3.343,0.7071,17.163,4.143,0.5,3.314,0.7,0.9,0.1,1.0,0.5,0.2,0.1,0.05,0.04,0.03,grid_stat_20260730.stat,20260730_200000,,,,,,,,,,,,
STAT,V12.0.0,20260820_055425,INANWP,NA,000000,20260730_200000,000000,20260730_200000,20260730_080000,20260730_080000,NA,RAINNC,"(*,*)",hourlyPrecipRateGC,"(*,*)",mm,mm,gt20,gt20,NA,0.05,CTS,10000.0,,,,,,,,0.85,,,,,,,,,,,,,,,grid_stat_20260730.stat,20260730_200000,0.07,0.45,0.2786,0.15,0.2,0.3786,0.3,0.4,,,,
STAT,V12.0.0,20260820_055425,INANWP,NA,000000,20260730_200000,000000,20260730_200000,20260730_080000,20260730_080000,NA,RAINNC,"(*,*)",hourlyPrecipRateGC,"(*,*)",mm,mm,gt20,gt20,NA,0.05,CTC,10000.0,,,,,,,,,,,,,,,,,,,,,,,grid_stat_20260730.stat,20260730_200000,,,,,,,,,555.0,186.0,277.0,8927.0
STAT,V12.0.0,20260820_055425,INANWP,NA,000000,20260730_200000,000000,20260730_200000,20260730_080000,20260730_080000,NA,RAINNC,"(*,*)",hourlyPrecipRateGC,"(*,*)",mm,mm,gt50,gt50,NA,0.05,CNT,10000.0,0.14,6.143,4.143,3.143,3.643,4.143,3.343,0.7071,17.163,4.143,0.5,3.314,0.7,0.9,0.1,1.0,0.5,0.2,0.1,0.05,0.04,0.03,grid_stat_20260730.stat,20260730_200000,,,,,,,,,,,,
STAT,V12.0.0,20260820_055425,INANWP,NA,000000,20260730_200000,000000,20260730_200000,20260730_080000,20260730_080000,NA,RAINNC,"(*,*)",hourlyPrecipRateGC,"(*,*)",mm,mm,gt50,gt50,NA,0.05,CTS,10000.0,,,,,,,,0.85,,,,,,,,,,,,,,,grid_stat_20260730.stat,20260730_200000,0.07,0.45,0.1286,0.15,0.2,0.2286,0.3,0.4,,,,
STAT,V12.0.0,20260820_055425,INANWP,NA,000000,20260730_200000,000000,20260730_200000,20260730_080000,20260730_080000,NA,RAINNC,"(*,*)",hourlyPrecipRateGC,"(*,*)",mm,mm,gt50,gt50,NA,0.05,CTC,10000.0,,,,,,,,,,,,,,,,,,,,,,,grid_stat_20260730.stat,20260730_200000,,,,,,,,,525.0,193.0,289.0,8912.0
STAT,V12.0.0,20260820_055425,INANWP,NA,000000,20260730_210000,000000,20260730_210000,20260730_090000,20260730_090000,NA,RAINNC,"(*,*)",hourlyPrecipRateGC,"(*,*)",mm,mm,gt0.1,gt0.1,NA,0.05,CNT,10000.0,0.145,6.25,4.25,3.25,3.75,4.25,3.45,0.7,18.062,4.25,0.5,3.4,0.725,0.9,0.1,1.0,0.5,0.2,0.1,0.05,0.04,0.03,grid_stat_20260730.stat,20260730_210000,,,,,,,,,,,,
STAT,V12.0.0,20260820_055425,INANWP,NA,000000,20260730_210000,000000,20260730_210000,20260730_090000,20260730_090000,NA,RAINNC,"(*,*)",hourlyPrecipRateGC,"(*,*)",mm,mm,gt0.1,gt0.1,NA,0.05,CTS,10000.0,,,,,,,,0.85,,,,,,,,,,,,,,,grid_stat_20260730.stat,20260730_210000,0.072,0.45,0.3745,0.15,0.2,0.4745,0.3,0.4,,,,
STAT,V12.0.0,20260820_055425,INANWP,NA,000000,20260730_210000,000000,20260730_210000,20260730_090000,20260730_090000,NA,RAINNC,"(*,*)",hourlyPrecipRateGC,"(*,*)",mm,mm,gt0.1,gt0.1,NA,0.05,CTC,10000.0,,,,,,,,,,,,,,,,,,,,,,,grid_stat_20260730.stat,20260730_210000,,,,,,,,,574.0,181.0,270.0,8937.0
STAT,V12.0.0,20260820_055425,INANWP,NA,000000,20260730_210000,000000,20260730_210000,20260730_090000,20260730_090000,NA,RAINNC,"(*,*)",hourlyPrecipRateGC,"(*,*)",mm,mm,gt1,gt1,NA,0.05,CNT,10000.0,0.145,6.25,4.25,3.25,3.75,4.25,3.45,0.7,18.062,4.25,0.5,3.4,0.725,0.9,0.1,1.0,0.5,0.2,0.1,0.05,0.04,0.03,grid_stat_20260730.stat,20260730_210000,,,,,,,,,,,,
STAT,V12.0.0,20260820_055425,INANWP,NA,000000,20260730_210000,000000,20260730_210000,20260730_090000,20260730_090000,NA,RAINNC,"(*,*)",hourlyPrecipRateGC,"(*,*)",mm,mm,gt1,gt1,NA,0.05,CTS,10000.0,,,,,,,,0.85,,,,,,,,,,,,,,,grid_stat_20260730.stat,20260730_210000,0.072,0.45,0.37,0.15,0.2,0.47,0.3,0.4,,,,
STAT,V12.0.0,20260820_055425,INANWP,NA,000000,20260730_210000,000000,20260730_210000,20260730_090000,20260730_090000,NA,RAINNC,"(*,*)",hourlyPrecipRateGC,"(*,*)",mm,mm,gt1,gt1,NA,0.05,CTC,10000.0,,,,,,,,,,,,,,,,,,,,,,,grid_stat_20260730.stat,20260730_210000,,,,,,,,,574.0,181.0,270.0,8937.0
STAT,V12.0.0,20260820_055425,INANWP,NA,000000,20260730_210000,000000,20260730_210000,20260730_090000,20260730_090000,NA,RAINNC,"(*,*)",hourlyPrecipRateGC,"(*,*)",mm,mm,gt5,gt5,NA,0.05,CNT,10000.0,0.145,6.25,4.25,3.25,3.75,4.25,3.45,0.7,18.062,4.25,0.5,3.4,0.725,0.9,0.1,1.0,0.5,0.2,0.1,0.05,0.04,0.03,grid_stat_20260730.stat,20260730_210000,,,,,,,,,,,,
STAT,V12.0.0,20260820_055425,INANWP,NA,000000,20260730_210000,000000,20260730_210000,20260730_090000,20260730_090000,NA,RAINNC,"(*,*)",hourlyPrecipRateGC,"(*,*)",mm,mm,gt5,gt5,NA,0.05,CTS,10000.0,,,,,,,,0.85,,,,,,,,,,,,,,,grid_stat_20260730.stat,20260730_210000,0.072,0.45,0.35,0.15,0.2,0.45,0.3,0.4,,,,
STAT,V12.0.0,20260820_055425,INANWP,NA,000000,20260730_210000,000000,20260730_210000,20260730_090000,20260730_090000,NA,RAINNC,"(*,*)",hourlyPrecipRateGC,"(*,*)",mm,mm,gt5,gt5,NA,0.05,CTC,10000.0,,,,,,,,,,,,,,,,,,,,,,,grid_stat_20260730.stat,20260730_210000,,,,,,,,,570.0,182.0,272.0,8935.0
STAT,V12.0.0,20260820_055425,INANWP,NA,000000,20260730_210000,000000,20260730_210000,20260730_090000,20260730_090000,NA,RAINNC,"(*,*)",hourlyPrecipRateGC,"(*,*)",mm,mm,gt10,gt10,NA,0.05,CNT,10000.0,0.145,6.25,4.25,3.25,3.75,4.25,3.45,0.7,18.062,4.25,0.5,3.4,0.725,0.9,0.1,1.0,0.5,0.2,0.1,0.05,0.04,0.03,grid_stat_20260730.stat,20260730_210000,,,,,,,,,,,,
STAT,V12.0.0,20260820_055425,INANWP,NA,000000,20260730_210000,000000,20260730_210000,20260730_090000,20260730_090000,NA,RAINNC,"(*,*)",hourlyPrecipRateGC,"(*,*)",mm,mm,gt10,gt10,NA,0.05,CTS,10000.0,,,,,,,,0.85,,,,,,,,,,,,,,,grid_stat_20260730.stat,20260730_210000,0.072,0.45,0.325,0.15,0.2,0.425,0.3,0.4,,,,
STAT,V12.0.0,20260820_055425,INANWP,NA,000000,20260730_210000,000000,20260730_210000,20260730_090000,20260730_090000,NA,RAINNC,"(*,*)",hourlyPrecipRateGC,"(*,*)",mm,mm,gt10,gt10,NA,0.05,CTC,10000.0,,,,,,,,,,,,,,,,,,,,,,,grid_stat_20260730.stat,20260730_210000,,,,,,,,,565.0,183.0,274.0,8932.0
STAT,V12.0.0,20260820_055425,INANWP,NA,000000,20260730_210000,000000,20260730_210000,20260730_090000,20260730_090000,NA,RAINNC,"(*,*)",hourlyPrecipRateGC,"(*,*)",mm,mm,gt20,gt20,NA,0.05,CNT,10000.0,0.145,6.25,4.25,3.25,3.75,4.25,3.45,0.7,18.062,4.25,0.5,3.4,0.725,0.9,0.1,1.0,0.5,0.2,0.1,0.05,0.04,0.03,grid_stat_20260730.stat,20260730_210000,,,,,,,,,,,,
STAT,V12.0.0,20260820_055425,INANWP,NA,000000,20260730_210000,000000,20260730_210000,20260730_090000,20260730_090000,NA,RAINNC,"(*,*)",hourlyPrecipRateGC,"(*,*)",mm,mm,gt20,gt20,NA,0.05,CTS,10000.0,,,,,,,,0.85,,,,,,,,,,,,,,,grid_stat_20260730.stat,20260730_210000,0.072,0.45,0.275,0.15,0.2,0.375,0.3,0.4,,,,
STAT,V12.0.0,20260820_055425,INANWP,NA,000000,20260730_210000,000000,20260730_210000,20260730_090000,20260730_090000,NA,RAINNC,"(*,*)",hourlyPrecipRateGC,"(*,*)",mm,mm,gt20,gt20,NA,0.05,CTC,10000.0,,,,,,,,,,,,,,,,,,,,,,,grid_stat_20260730.stat,20260730_210000,,,,,,,,,555.0,186.0,278.0,8927.0
STAT,V12.0.0,20260820_055425,INANWP,NA,000000,20260730_210000,000000,20260730_210000,20260730_090000,20260730_090000,NA,RAINNC,"(*,*)",hourlyPrecipRateGC,"(*,*)",mm,mm,gt50,gt50,NA,0.05,CNT,10000.0,0.145,6.25,4.25,3.25,3.75,4.25,3.45,0.7,18.062,4.25,0.5,3.4,0.725,0.9,0.1,1.0,0.5,0.2,0.1,0.05,0.04,0.03,grid_stat_20260730.stat,20260730_210000,,,,,,,,,,,,
STAT,V12.0.0,20260820_055425,INANWP,NA,000000,20260730_210000,000000,20260730_210000,20260730_090000,20260730_090000,NA,RAINNC,"(*,*)",hourlyPrecipRateGC,"(*,*)",mm,mm,gt50,gt50,NA,0.05,CTS,10000.0,,,,,,,,0.85,,,,,,,,,,,,,,,grid_stat_20260730.stat,20260730_210000,0.072,0.45,0.125,0.15,0.2,0.225,0.3,0.4,,,,
STAT,V12.0.0,20260820_055425,INANWP,NA,000000,20260730_210000,000000,20260730_210000,20260730_090000,20260730_090000,NA,RAINNC,"(*,*)",hourlyPrecipRateGC,"(*,*)",mm,mm,gt50,gt50,NA,0.05,CTC,10000.0,,,,,,,,,,,,,,,,,,,,,,,grid_stat_20260730.stat,20260730_210000,,,,,,,,,525.0,193.0,290.0,8912.0
STAT,V12.0.0,20260820_055425,INANWP,NA,000000,20260730_220000,000000,20260730_220000,20260730_100000,20260730_100000,NA,RAINNC,"(*,*)",hourlyPrecipRateGC,"(*,*)",mm,mm,gt0.1,gt0.1,NA,0.05,CNT,10000.0,0.15,6.357,4.357,3.357,3.857,4.357,3.557,0.6929,18.985,4.357,0.5,3.486,0.75,0.9,0.1,1.0,0.5,0.2,0.1,0.05,0.04,0.03,grid_stat_20260730.stat,20260730_220000,,,,,,,,,,,,
STAT,V12.0.0,20260820_055425,INANWP,NA,000000,20260730_220000,000000,20260730_220000,20260730_100000,20260730_100000,NA,RAINNC,"(*,*)",hourlyPrecipRateGC,"(*,*)",mm,mm,gt0.1,gt0.1,NA,0.05,CTS,10000.0,,,,,,,,0.85,,,,,,,,,,,,,,,grid_stat_20260730.stat,20260730_220000,0.075,0.45,0.3709,0.15,0.2,0.4709,0.3,0.4,,,,
STAT,V12.0.0,20260820_055425,INANWP,NA,000000,20260730_220000,000000,20260730_220000,20260730_100000,20260730_100000,NA,RAINNC,"(*,*)",hourlyPrecipRateGC,"(*,*)",mm,mm,gt0.1,gt0.1,NA,0.05,CTC,10000.0,,,,,,,,,,,,,,,,,,,,,,,grid_stat_20260730.stat,20260730_220000,,,,,,,,,574.0,181.0,270.0,8937.0
STAT,V12.0.0,20260820_055425,INANWP,NA,000000,20260730_220000,000000,20260730_220000,20260730_100000,20260730_100000,NA,RAINNC,"(*,*)",hourlyPrecipRateGC,"(*,*)",mm,mm,gt1,gt1,NA,0.05,CNT,10000.0,0.15,6.357,4.357,3.357,3.857,4.357,3.557,0.6929,18.985,4.357,0.5,3.486,0.75,0.9,0.1,1.0,0.5,0.2,0.1,0.05,0.04,0.03,grid_stat_20260730.stat,20260730_220000,,,,,,,,,,,,
STAT,V12.0.0,20260820_055425,INANWP,NA,000000,20260730_220000,000000,20260730_220000,20260730_100000,20260730_100000,NA,RAINNC,"(*,*)",hourlyPrecipRateGC,"(*,*)",mm,mm,gt1,gt1,NA,0.05,CTS,10000.0,,,,,,,,0.85,,,,,,,,,,,,,,,grid_stat_20260730.stat,20260730_220000,0.075,0.45,0.3664,0.15,0.2,0.4664,0.3,0.4,,,,
STAT,V12.0.0,20260820_055425,INANWP,NA,000000,20260730_220000,000000,20260730_220000,20260730_100000,20260730_100000,NA,RAINNC,"(*,*)",hourlyPrecipRateGC,"(*,*)",mm,mm,gt1,gt1,NA,0.05,CTC,10000.0,,,,,,,,,,,,,,,,,,,,,,,grid_stat_20260730.stat,20260730_220000,,,,,,,,,573.0,181.0,270.0,8936.0
STAT,V12.0.0,20260820_055425,INANWP,NA,000000,20260730_220000,000000,20260730_220000,20260730_100000,20260730_100000,NA,RAINNC,"(*,*)",hourlyPrecipRateGC,"(*,*)",mm,mm,gt5,gt5,NA,0.05,CNT,10000.0,0.15,6.357,4.357,3.357,3.857,4.357,3.557,0.6929,18.985,4.357,0.5,3.486,0.75,0.9,0.1,1.0,0.5,0.2,0.1,0.05,0.04,0.03,grid_stat_20260730.stat,20260730_220000,,,,,,,,,,,,
STAT,V12.0.0,20260820_055425,INANWP,NA,000000,20260730_220000,000000,20260730_220000,20260730_100000,20260730_100000,NA,RAINNC,"(*,*)",hourlyPrecipRateGC,"(*,*)",mm,mm,gt5,gt5,NA,0.05,CTS,10000.0,,,,,,,,0.85,,,,,,,,,,,,,,,grid_stat_20260730.stat,20260730_220000,0.075,0.45,0.3464,0.15,0.2,0.4464,0.3,0.4,,,,
STAT,V12.0.0,20260820_055425,INANWP,NA,000000,20260730_220000,000000,20260730_220000,20260730_100000,20260730_100000,NA,RAINNC,"(*,*)",hourlyPrecipRateGC,"(*,*)",mm,mm,gt5,gt5,NA,0.05,CTC,10000.0,,,,,,,,,,,,,,,,,,,,,,,grid_stat_20260730.stat,20260730_220000,,,,,,,,,569.0,182.0,272.0,8934.0
STAT,V12.0.0,20260820_055425,INANWP,NA,000000,20260730_220000,000000,20260730_220000,20260730_100000,20260730_100000,NA,RAINNC,"(*,*)",hourlyPrecipRateGC,"(*,*)",mm,mm,gt10,gt10,NA,0.05,CNT,10000.0,0.15,6.357,4.357,3.357,3.857,4.357,3.557,0.6929,18.985,4.357,0.5,3.486,0.75,0.9,0.1,1.0,0.5,0.2,0.1,0.05,0.04,0.03,grid_stat_20260730.stat,20260730_220000,,,,,,,,,,,,
STAT,V12.0.0,20260820_055425,INANWP,NA,000000,20260730_220000,000000,20260730_220000,20260730_100000,20260730_100000,NA,RAINNC,"(*,*)",hourlyPrecipRateGC,"(*,*)",mm,mm,gt10,gt10,NA,0.05,CTS,10000.0,,,,,,,,0.85,,,,,,,,,,,,,,,grid_stat_20260730.stat,20260730_220000,0.075,0.45,0.3214,0.15,0.2,0.4214,0.3,0.4,,,,
STAT,V12.0.0,20260820_055425,INANWP,NA,000000,20260730_220000,000000,20260730_220000,20260730_100000,20260730_100000,NA,RAINNC,"(*,*)",hourlyPrecipRateGC,"(*,*)",mm,mm,gt10,gt10,NA,0.05,CTC,10000.0,,,,,,,,,,,,,,,,,,,,,,,grid_stat_20260730.stat,20260730_220000,,,,,,,,,564.0,183.0,274.0,8932.0
STAT,V12.0.0,20260820_055425,INANWP,NA,000000,20260730_220000,000000,20260730_220000,20260730_100000,20260730_100000,NA,RAINNC,"(*,*)",hourlyPrecipRateGC,"(*,*)",mm,mm,gt20,gt20,NA,0.05,CNT,10000.0,0.15,6.357,4.357,3.357,3.857,4.357,3.557,0.6929,18.985,4.357,0.5,3.486,0.75,0.9,0.1,1.0,0.5,0.2,0.1,0.05,0.04,0.03,grid_stat_20260730.stat,20260730_220000,,,,,,,,,,,,
STAT,V12.0.0,20260820_055425,INANWP,NA,000000,20260730_220000,000000,20260730_220000,20260730_100000,20260730_100000,NA,RAINNC,"(*,*)",hourlyPrecipRateGC,"(*,*)",mm,mm,gt20,gt20,NA,0.05,CTS,10000.0,,,,,,,,0.85,,,,,,,,,,,,,,,grid_stat_20260730.stat,20260730_220000,0.075,0.45,0.2714,0.15,0.2,0.3714,0.3,0.4,,,,
STAT,V12.0.0,20260820_055425,INANWP,NA,000000,20260730_220000,000000,20260730_220000,20260730_100000,20260730_100000,NA,RAINNC,"(*,*)",hourlyPrecipRateGC,"(*,*)",mm,mm,gt20,gt20,NA,0.05,CTC,10000.0,,,,,,,,,,,,,,,,,,,,,,,grid_stat_20260730.stat,20260730_220000,,,,,,,,,554.0,186.0,278.0,8927.0
STAT,V12.0.0,20260820_055425,INANWP,NA,000000,20260730_220000,000000,20260730_220000,20260730_100000,20260730_100000,NA,RAINNC,"(*,*)",hourlyPrecipRateGC,"(*,*)",mm,mm,gt50,gt50,NA,0.05,CNT,10000.0,0.15,6.357,4.357,3.357,3.857,4.357,3.557,0.6929,18.985,4.357,0.5,3.486,0.75,0.9,0.1,1.0,0.5,0.2,0.1,0.05,0.04,0.03,grid_stat_20260730.stat,20260730_220000,,,,,,,,,,,,
STAT,V12.0.0,20260820_055425,INANWP,NA,000000,20260730_220000,000000,20260730_220000,20260730_100000,20260730_100000,NA,RAINNC,"(*,*)",hourlyPrecipRateGC,"(*,*)",mm,mm,gt50,gt50,NA,0.05,CTS,10000.0,,,,,,,,0.85,,,,,,,,,,,,,,,grid_stat_20260730.stat,20260730_220000,0.075,0.45,0.1214,0.15,0.2,0.2214,0.3,0.4,,,,
STAT,V12.0.0,20260820_055425,INANWP,NA,000000,20260730_220000,000000,20260730_220000,20260730_100000,20260730_100000,NA,RAINNC,"(*,*)",hourlyPrecipRateGC,"(*,*)",mm,mm,gt50,gt50,NA,0.05,CTC,10000.0,,,,,,,,,,,,,,,,,,,,,,,grid_stat_20260730.stat,20260730_220000,,,,,,,,,524.0,193.0,290.0,8912.0
STAT,V12.0.0,20260820_055425,INANWP,NA,000000,20260730_230000,000000,20260730_230000,20260730_110000,20260730_110000,NA,RAINNC,"(*,*)",hourlyPrecipRateGC,"(*,*)",mm,mm,gt0.1,gt0.1,NA,0.05,CNT,10000.0,0.155,6.464,4.464,3.464,3.964,4.464,3.664,0.6857,19.93,4.464,0.5,3.571,0.775,0.9,0.1,1.0,0.5,0.2,0.1,0.05,0.04,0.03,grid_stat_20260730.stat,20260730_230000,,,,,,,,,,,,
STAT,V12.0.0,20260820_055425,INANWP,NA,000000,20260730_230000,000000,20260730_230000,20260730_110000,20260730_110000,NA,RAINNC,"(*,*)",hourlyPrecipRateGC,"(*,*)",mm,mm,gt0.1,gt0.1,NA,0.05,CTS,10000.0,,,,,,,,0.85,,,,,,,,,,,,,,,grid_stat_20260730.stat,20260730_230000,0.077,0.45,0.3674,0.15,0.2,0.4674,0.3,0.4,,,,
STAT,V12.0.0,20260820_055425,INANWP,NA,000000,20260730_230000,000000,20260730_230000,20260730_110000,20260730_110000,NA,RAINNC,"(*,*)",hourlyPrecipRateGC,"(*,*)",mm,mm,gt0.1,gt0.1,NA,0.05,CTC,10000.0,,,,,,,,,,,,,,,,,,,,,,,grid_stat_20260730.stat,20260730_230000,,,,,,,,,573.0,181.0,270.0,8936.0
STAT,V12.0.0,20260820_055425,INANWP,NA,000000,20260730_230000,000000,20260730_230000,20260730_110000,20260730_110000,NA,RAINNC,"(*,*)",hourlyPrecipRateGC,"(*,*)",mm,mm,gt1,gt1,NA,0.05,CNT,10000.0,0.155,6.464,4.464,3.464,3.964,4.464,3.664,0.6857,19.93,4.464,0.5,3.571,0.775,0.9,0.1,1.0,0.5,0.2,0.1,0.05,0.04,0.03,grid_stat_20260730.stat,20260730_230000,,,,,,,,,,,,
STAT,V12.0.0,20260820_055425,INANWP,NA,000000,20260730_230000,000000,20260730_230000,20260730_110000,20260730_110000,NA,RAINNC,"(*,*)",hourlyPrecipRateGC,"(*,*)",mm,mm,gt1,gt1,NA,0.05,CTS,10000.0,,,,,,,,0.85,,,,,,,,,,,,,,,grid_stat_20260730.stat,20260730_230000,0.077,0.45,0.3629,0.15,0.2,0.4629,0.3,0.4,,,,
STAT,V12.0.0,20260820_055425,INANWP,NA,000000,20260730_230000,000000,20260730_230000,20260730_110000,20260730_110000,NA,RAINNC,"(*,*)",hourlyPrecipRateGC,"(*,*)",mm,mm,gt1,gt1,NA,0.05,CTC,10000.0,,,,,,,,,,,,,,,,,,,,,,,grid_stat_20260730.stat,20260730_230000,,,,,,,,,572.0,181.0,270.0,8936.0
STAT,V12.0.0,20260820_055425,INANWP,NA,000000,20260730_230000,000000,20260730_230000,20260730_110000,20260730_110000,NA,RAINNC,"(*,*)",hourlyPrecipRateGC,"(*,*)",mm,mm,gt5,gt5,NA,0.05,CNT,10000.0,0.155,6.464,4.464,3.464,3.964,4.464,3.664,0.6857,19.93,4.464,0.5,3.571,0.775,0.9,0.1,1.0,0.5,0.2,0.1,0.05,0.04,0.03,grid_stat_20260730.stat,20260730_230000,,,,,,,,,,,,
STAT,V12.0.0,20260820_055425,INANWP,NA,000000,20260730_230000,000000,20260730_230000,20260730_110000,20260730_110000,NA,RAINNC,"(*,*)",hourlyPrecipRateGC,"(*,*)",mm,mm,gt5,gt5,NA,0.05,CTS,10000.0,,,,,,,,0.85,,,,,,,,,,,,,,,grid_stat_20260730.stat,20260730_230000,0.077,0.45,0.3429,0.15,0.2,0.4429,0.3,0.4,,,,
STAT,V12.0.0,20260820_055425,INANWP,NA,000000,20260730_230000,000000,20260730_230000,20260730_110000,20260730_110000,NA,RAINNC,"(*,*)",hourlyPrecipRateGC,"(*,*)",mm,mm,gt5,gt5,NA,0.05,CTC,10000.0,,,,,,,,,,,,,,,,,,,,,,,grid_stat_20260730.stat,20260730_230000,,,,,,,,,568.0,182.0,272.0,8934.0
STAT,V12.0.0,20260820_055425,INANWP,NA,000000,20260730_230000,000000,20260730_230000,20260730_110000,20260730_110000,NA,RAINNC,"(*,*)",hourlyPrecipRateGC,"(*,*)",mm,mm,gt10,gt10,NA,0.05,CNT,10000.0,0.155,6.464,4.464,3.464,3.964,4.464,3.664,0.6857,19.93,4.464,0.5,3.571,0.775,0.9,0.1,1.0,0.5,0.2,0.1,0.05,0.04,0.03,grid_stat_20260730.stat,20260730_230000,,,,,,,,,,,,
STAT,V12.0.0,20260820_055425,INANWP,NA,000000,20260730_230000,000000,20260730_230000,20260730_110000,20260730_110000,NA,RAINNC,"(*,*)",hourlyPrecipRateGC,"(*,*)",mm,mm,gt10,gt10,NA,0.05,CTS,10000.0,,,,,,,,0.85,,,,,,,,,,,,,,,grid_stat_20260730.stat,20260730_230000,0.077,0.45,0.3179,0.15,0.2,0.4179,0.3,0.4,,,,
STAT,V12.0.0,20260820_055425,INANWP,NA,000000,20260730_230000,000000,20260730_230000,20260730_110000,20260730_110000,NA,RAINNC,"(*,*)",hourlyPrecipRateGC,"(*,*)",mm,mm,gt10,gt10,NA,0.05,CTC,10000.0,,,,,,,,,,,,,,,,,,,,,,,grid_stat_20260730.stat,20260730_230000,,,,,,,,,563.0,184.0,274.0,8931.0
STAT,V12.0.0,20260820_055425,INANWP,NA,000000,20260730_230000,000000,20260730_230000,20260730_110000,20260730_110000,NA,RAINNC,"(*,*)",hourlyPrecipRateGC,"(*,*)",mm,mm,gt20,gt20,NA,0.05,CNT,10000.0,0.155,6.464,4.464,3.464,3.964,4.464,3.664,0.6857,19.93,4.464,0.5,3.571,0.775,0.9,0.1,1.0,0.5,0.2,0.1,0.05,0.04,0.03,grid_stat_20260730.stat,20260730_230000,,,,,,,,,,,,
STAT,V12.0.0,20260820_055425,INANWP,NA,000000,20260730_230000,000000,20260730_230000,20260730_110000,20260730_110000,NA,RAINNC,"(*,*)",hourlyPrecipRateGC,"(*,*)",mm,mm,gt20,gt20,NA,0.05,CTS,10000.0,,,,,,,,0.85,,,,,,,,,,,,,,,grid_stat_20260730.stat,20260730_230000,0.077,0.45,0.2679,0.15,0.2,0.3679,0.3,0.4,,,,
STAT,V12.0.0,20260820_055425,INANWP,NA,000000,20260730_230000,000000,20260730_230000,20260730_110000,20260730_110000,NA,RAINNC,"(*,*)",hourlyPrecipRateGC,"(*,*)",mm,mm,gt20,gt20,NA,0.05,CTC,10000.0,,,,,,,,,,,,,,,,,,,,,,,grid_stat_20260730.stat,20260730_230000,,,,,,,,,553.0,186.0,278.0,8926.0
STAT,V12.0.0,20260820_055425,INANWP,NA,000000,20260730_230000,000000,20260730_230000,20260730_110000,20260730_110000,NA,RAINNC,"(*,*)",hourlyPrecipRateGC,"(*,*)",mm,mm,gt50,gt50,NA,0.05,CNT,10000.0,0.155,6.464,4.464,3.464,3.964,4.464,3.664,0.6857,19.93,4.464,0.5,3.571,0.775,0.9,0.1,1.0,0.5,0.2,0.1,0.05,0.04,0.03,grid_stat_20260730.stat,20260730_230000,,,,,,,,,,,,
STAT,V12.0.0,20260820_055425,INANWP,NA,000000,20260730_230000,000000,20260730_230000,20260730_110000,20260730_110000,NA,RAINNC,"(*,*)",hourlyPrecipRateGC,"(*,*)",mm,mm,gt50,gt50,NA,0.05,CTS,10000.0,,,,,,,,0.85,,,,,,,,,,,,,,,grid_stat_20260730.stat,20260730_230000,0.077,0.45,0.1179,0.15,0.2,0.2179,0.3,0.4,,,,
STAT,V12.0.0,20260820_055425,INANWP,NA,000000,20260730_230000,000000,20260730_230000,20260730_110000,20260730_110000,NA,RAINNC,"(*,*)",hourlyPrecipRateGC,"(*,*)",mm,mm,gt50,gt50,NA,0.05,CTC,10000.0,,,,,,,,,,,,,,,,,,,,,,,grid_stat_20260730.stat,20260730_230000,,,,,,,,,523.0,194.0,290.0,8911.0
